[27-May-2026 10:56:53 Europe/Berlin] [API_HIT] /khatalink/admin/hacker_terminal.php | Speed: 49ms | IP: ::1
[27-May-2026 10:56:53 Europe/Berlin] [API_HIT] /khatalink/admin/hacker_terminal.php?msg=Logs+Wiped | Speed: 13ms | IP: ::1
[27-May-2026 10:56:53 Europe/Berlin] PHP Fatal error:  Uncaught PDOException: SQLSTATE[42S22]: Column not found: 1054 Unknown column 'user_agent' in 'field list' in D:\xampp\htdocs\khatalink\admin\ajax_hacker_stats.php:102
Stack trace:
#0 D:\xampp\htdocs\khatalink\admin\ajax_hacker_stats.php(102): PDO->query('\r\n    SELECT ip...')
#1 {main}
  thrown in D:\xampp\htdocs\khatalink\admin\ajax_hacker_stats.php on line 102
[27-May-2026 10:56:56 Europe/Berlin] PHP Fatal error:  Uncaught PDOException: SQLSTATE[42S22]: Column not found: 1054 Unknown column 'user_agent' in 'field list' in D:\xampp\htdocs\khatalink\admin\ajax_hacker_stats.php:102
Stack trace:
#0 D:\xampp\htdocs\khatalink\admin\ajax_hacker_stats.php(102): PDO->query('\r\n    SELECT ip...')
#1 {main}
  thrown in D:\xampp\htdocs\khatalink\admin\ajax_hacker_stats.php on line 102
[27-May-2026 10:56:59 Europe/Berlin] PHP Fatal error:  Uncaught PDOException: SQLSTATE[42S22]: Column not found: 1054 Unknown column 'user_agent' in 'field list' in D:\xampp\htdocs\khatalink\admin\ajax_hacker_stats.php:102
Stack trace:
#0 D:\xampp\htdocs\khatalink\admin\ajax_hacker_stats.php(102): PDO->query('\r\n    SELECT ip...')
#1 {main}
  thrown in D:\xampp\htdocs\khatalink\admin\ajax_hacker_stats.php on line 102
[27-May-2026 10:57:02 Europe/Berlin] PHP Fatal error:  Uncaught PDOException: SQLSTATE[42S22]: Column not found: 1054 Unknown column 'user_agent' in 'field list' in D:\xampp\htdocs\khatalink\admin\ajax_hacker_stats.php:102
Stack trace:
#0 D:\xampp\htdocs\khatalink\admin\ajax_hacker_stats.php(102): PDO->query('\r\n    SELECT ip...')
#1 {main}
  thrown in D:\xampp\htdocs\khatalink\admin\ajax_hacker_stats.php on line 102
[27-May-2026 10:57:06 Europe/Berlin] PHP Fatal error:  Uncaught PDOException: SQLSTATE[42S22]: Column not found: 1054 Unknown column 'user_agent' in 'field list' in D:\xampp\htdocs\khatalink\admin\ajax_hacker_stats.php:102
Stack trace:
#0 D:\xampp\htdocs\khatalink\admin\ajax_hacker_stats.php(102): PDO->query('\r\n    SELECT ip...')
#1 {main}
  thrown in D:\xampp\htdocs\khatalink\admin\ajax_hacker_stats.php on line 102
[27-May-2026 10:57:08 Europe/Berlin] PHP Fatal error:  Uncaught PDOException: SQLSTATE[42S22]: Column not found: 1054 Unknown column 'user_agent' in 'field list' in D:\xampp\htdocs\khatalink\admin\ajax_hacker_stats.php:102
Stack trace:
#0 D:\xampp\htdocs\khatalink\admin\ajax_hacker_stats.php(102): PDO->query('\r\n    SELECT ip...')
#1 {main}
  thrown in D:\xampp\htdocs\khatalink\admin\ajax_hacker_stats.php on line 102
[27-May-2026 10:57:12 Europe/Berlin] PHP Fatal error:  Uncaught PDOException: SQLSTATE[42S22]: Column not found: 1054 Unknown column 'user_agent' in 'field list' in D:\xampp\htdocs\khatalink\admin\ajax_hacker_stats.php:102
Stack trace:
#0 D:\xampp\htdocs\khatalink\admin\ajax_hacker_stats.php(102): PDO->query('\r\n    SELECT ip...')
#1 {main}
  thrown in D:\xampp\htdocs\khatalink\admin\ajax_hacker_stats.php on line 102
[27-May-2026 10:57:14 Europe/Berlin] PHP Fatal error:  Uncaught PDOException: SQLSTATE[42S22]: Column not found: 1054 Unknown column 'user_agent' in 'field list' in D:\xampp\htdocs\khatalink\admin\ajax_hacker_stats.php:102
Stack trace:
#0 D:\xampp\htdocs\khatalink\admin\ajax_hacker_stats.php(102): PDO->query('\r\n    SELECT ip...')
#1 {main}
  thrown in D:\xampp\htdocs\khatalink\admin\ajax_hacker_stats.php on line 102
[27-May-2026 10:57:17 Europe/Berlin] PHP Fatal error:  Uncaught PDOException: SQLSTATE[42S22]: Column not found: 1054 Unknown column 'user_agent' in 'field list' in D:\xampp\htdocs\khatalink\admin\ajax_hacker_stats.php:102
Stack trace:
#0 D:\xampp\htdocs\khatalink\admin\ajax_hacker_stats.php(102): PDO->query('\r\n    SELECT ip...')
#1 {main}
  thrown in D:\xampp\htdocs\khatalink\admin\ajax_hacker_stats.php on line 102
[27-May-2026 10:57:20 Europe/Berlin] PHP Fatal error:  Uncaught PDOException: SQLSTATE[42S22]: Column not found: 1054 Unknown column 'user_agent' in 'field list' in D:\xampp\htdocs\khatalink\admin\ajax_hacker_stats.php:102
Stack trace:
#0 D:\xampp\htdocs\khatalink\admin\ajax_hacker_stats.php(102): PDO->query('\r\n    SELECT ip...')
#1 {main}
  thrown in D:\xampp\htdocs\khatalink\admin\ajax_hacker_stats.php on line 102
[27-May-2026 10:57:23 Europe/Berlin] PHP Fatal error:  Uncaught PDOException: SQLSTATE[42S22]: Column not found: 1054 Unknown column 'user_agent' in 'field list' in D:\xampp\htdocs\khatalink\admin\ajax_hacker_stats.php:102
Stack trace:
#0 D:\xampp\htdocs\khatalink\admin\ajax_hacker_stats.php(102): PDO->query('\r\n    SELECT ip...')
#1 {main}
  thrown in D:\xampp\htdocs\khatalink\admin\ajax_hacker_stats.php on line 102
[27-May-2026 10:57:26 Europe/Berlin] PHP Fatal error:  Uncaught PDOException: SQLSTATE[42S22]: Column not found: 1054 Unknown column 'user_agent' in 'field list' in D:\xampp\htdocs\khatalink\admin\ajax_hacker_stats.php:102
Stack trace:
#0 D:\xampp\htdocs\khatalink\admin\ajax_hacker_stats.php(102): PDO->query('\r\n    SELECT ip...')
#1 {main}
  thrown in D:\xampp\htdocs\khatalink\admin\ajax_hacker_stats.php on line 102
[27-May-2026 10:57:29 Europe/Berlin] PHP Fatal error:  Uncaught PDOException: SQLSTATE[42S22]: Column not found: 1054 Unknown column 'user_agent' in 'field list' in D:\xampp\htdocs\khatalink\admin\ajax_hacker_stats.php:102
Stack trace:
#0 D:\xampp\htdocs\khatalink\admin\ajax_hacker_stats.php(102): PDO->query('\r\n    SELECT ip...')
#1 {main}
  thrown in D:\xampp\htdocs\khatalink\admin\ajax_hacker_stats.php on line 102
[27-May-2026 10:57:32 Europe/Berlin] PHP Fatal error:  Uncaught PDOException: SQLSTATE[42S22]: Column not found: 1054 Unknown column 'user_agent' in 'field list' in D:\xampp\htdocs\khatalink\admin\ajax_hacker_stats.php:102
Stack trace:
#0 D:\xampp\htdocs\khatalink\admin\ajax_hacker_stats.php(102): PDO->query('\r\n    SELECT ip...')
#1 {main}
  thrown in D:\xampp\htdocs\khatalink\admin\ajax_hacker_stats.php on line 102
[27-May-2026 10:57:35 Europe/Berlin] PHP Fatal error:  Uncaught PDOException: SQLSTATE[42S22]: Column not found: 1054 Unknown column 'user_agent' in 'field list' in D:\xampp\htdocs\khatalink\admin\ajax_hacker_stats.php:102
Stack trace:
#0 D:\xampp\htdocs\khatalink\admin\ajax_hacker_stats.php(102): PDO->query('\r\n    SELECT ip...')
#1 {main}
  thrown in D:\xampp\htdocs\khatalink\admin\ajax_hacker_stats.php on line 102
[27-May-2026 14:27:36 Asia/Kolkata] [API_HIT] /khatalink/customer/ajax_get_mall_status.php | Speed: 14ms | IP: ::1
[27-May-2026 10:57:38 Europe/Berlin] PHP Fatal error:  Uncaught PDOException: SQLSTATE[42S22]: Column not found: 1054 Unknown column 'user_agent' in 'field list' in D:\xampp\htdocs\khatalink\admin\ajax_hacker_stats.php:102
Stack trace:
#0 D:\xampp\htdocs\khatalink\admin\ajax_hacker_stats.php(102): PDO->query('\r\n    SELECT ip...')
#1 {main}
  thrown in D:\xampp\htdocs\khatalink\admin\ajax_hacker_stats.php on line 102
[27-May-2026 10:57:41 Europe/Berlin] PHP Fatal error:  Uncaught PDOException: SQLSTATE[42S22]: Column not found: 1054 Unknown column 'user_agent' in 'field list' in D:\xampp\htdocs\khatalink\admin\ajax_hacker_stats.php:102
Stack trace:
#0 D:\xampp\htdocs\khatalink\admin\ajax_hacker_stats.php(102): PDO->query('\r\n    SELECT ip...')
#1 {main}
  thrown in D:\xampp\htdocs\khatalink\admin\ajax_hacker_stats.php on line 102
[27-May-2026 10:57:45 Europe/Berlin] PHP Fatal error:  Uncaught PDOException: SQLSTATE[42S22]: Column not found: 1054 Unknown column 'user_agent' in 'field list' in D:\xampp\htdocs\khatalink\admin\ajax_hacker_stats.php:102
Stack trace:
#0 D:\xampp\htdocs\khatalink\admin\ajax_hacker_stats.php(102): PDO->query('\r\n    SELECT ip...')
#1 {main}
  thrown in D:\xampp\htdocs\khatalink\admin\ajax_hacker_stats.php on line 102
[27-May-2026 10:57:47 Europe/Berlin] PHP Fatal error:  Uncaught PDOException: SQLSTATE[42S22]: Column not found: 1054 Unknown column 'user_agent' in 'field list' in D:\xampp\htdocs\khatalink\admin\ajax_hacker_stats.php:102
Stack trace:
#0 D:\xampp\htdocs\khatalink\admin\ajax_hacker_stats.php(102): PDO->query('\r\n    SELECT ip...')
#1 {main}
  thrown in D:\xampp\htdocs\khatalink\admin\ajax_hacker_stats.php on line 102
[27-May-2026 10:57:50 Europe/Berlin] PHP Fatal error:  Uncaught PDOException: SQLSTATE[42S22]: Column not found: 1054 Unknown column 'user_agent' in 'field list' in D:\xampp\htdocs\khatalink\admin\ajax_hacker_stats.php:102
Stack trace:
#0 D:\xampp\htdocs\khatalink\admin\ajax_hacker_stats.php(102): PDO->query('\r\n    SELECT ip...')
#1 {main}
  thrown in D:\xampp\htdocs\khatalink\admin\ajax_hacker_stats.php on line 102
[27-May-2026 10:57:53 Europe/Berlin] PHP Fatal error:  Uncaught PDOException: SQLSTATE[42S22]: Column not found: 1054 Unknown column 'user_agent' in 'field list' in D:\xampp\htdocs\khatalink\admin\ajax_hacker_stats.php:102
Stack trace:
#0 D:\xampp\htdocs\khatalink\admin\ajax_hacker_stats.php(102): PDO->query('\r\n    SELECT ip...')
#1 {main}
  thrown in D:\xampp\htdocs\khatalink\admin\ajax_hacker_stats.php on line 102
[27-May-2026 10:57:56 Europe/Berlin] PHP Fatal error:  Uncaught PDOException: SQLSTATE[42S22]: Column not found: 1054 Unknown column 'user_agent' in 'field list' in D:\xampp\htdocs\khatalink\admin\ajax_hacker_stats.php:102
Stack trace:
#0 D:\xampp\htdocs\khatalink\admin\ajax_hacker_stats.php(102): PDO->query('\r\n    SELECT ip...')
#1 {main}
  thrown in D:\xampp\htdocs\khatalink\admin\ajax_hacker_stats.php on line 102
[27-May-2026 10:57:59 Europe/Berlin] PHP Fatal error:  Uncaught PDOException: SQLSTATE[42S22]: Column not found: 1054 Unknown column 'user_agent' in 'field list' in D:\xampp\htdocs\khatalink\admin\ajax_hacker_stats.php:102
Stack trace:
#0 D:\xampp\htdocs\khatalink\admin\ajax_hacker_stats.php(102): PDO->query('\r\n    SELECT ip...')
#1 {main}
  thrown in D:\xampp\htdocs\khatalink\admin\ajax_hacker_stats.php on line 102
[27-May-2026 10:58:02 Europe/Berlin] PHP Fatal error:  Uncaught PDOException: SQLSTATE[42S22]: Column not found: 1054 Unknown column 'user_agent' in 'field list' in D:\xampp\htdocs\khatalink\admin\ajax_hacker_stats.php:102
Stack trace:
#0 D:\xampp\htdocs\khatalink\admin\ajax_hacker_stats.php(102): PDO->query('\r\n    SELECT ip...')
#1 {main}
  thrown in D:\xampp\htdocs\khatalink\admin\ajax_hacker_stats.php on line 102
[27-May-2026 10:58:06 Europe/Berlin] PHP Fatal error:  Uncaught PDOException: SQLSTATE[42S22]: Column not found: 1054 Unknown column 'user_agent' in 'field list' in D:\xampp\htdocs\khatalink\admin\ajax_hacker_stats.php:102
Stack trace:
#0 D:\xampp\htdocs\khatalink\admin\ajax_hacker_stats.php(102): PDO->query('\r\n    SELECT ip...')
#1 {main}
  thrown in D:\xampp\htdocs\khatalink\admin\ajax_hacker_stats.php on line 102
[27-May-2026 14:28:08 Asia/Kolkata] [API_HIT] /khatalink/customer/ajax_get_mall_status.php | Speed: 11ms | IP: ::1
[27-May-2026 10:58:08 Europe/Berlin] PHP Fatal error:  Uncaught PDOException: SQLSTATE[42S22]: Column not found: 1054 Unknown column 'user_agent' in 'field list' in D:\xampp\htdocs\khatalink\admin\ajax_hacker_stats.php:102
Stack trace:
#0 D:\xampp\htdocs\khatalink\admin\ajax_hacker_stats.php(102): PDO->query('\r\n    SELECT ip...')
#1 {main}
  thrown in D:\xampp\htdocs\khatalink\admin\ajax_hacker_stats.php on line 102
[27-May-2026 10:58:11 Europe/Berlin] PHP Fatal error:  Uncaught PDOException: SQLSTATE[42S22]: Column not found: 1054 Unknown column 'user_agent' in 'field list' in D:\xampp\htdocs\khatalink\admin\ajax_hacker_stats.php:102
Stack trace:
#0 D:\xampp\htdocs\khatalink\admin\ajax_hacker_stats.php(102): PDO->query('\r\n    SELECT ip...')
#1 {main}
  thrown in D:\xampp\htdocs\khatalink\admin\ajax_hacker_stats.php on line 102
[27-May-2026 10:58:14 Europe/Berlin] PHP Fatal error:  Uncaught PDOException: SQLSTATE[42S22]: Column not found: 1054 Unknown column 'user_agent' in 'field list' in D:\xampp\htdocs\khatalink\admin\ajax_hacker_stats.php:102
Stack trace:
#0 D:\xampp\htdocs\khatalink\admin\ajax_hacker_stats.php(102): PDO->query('\r\n    SELECT ip...')
#1 {main}
  thrown in D:\xampp\htdocs\khatalink\admin\ajax_hacker_stats.php on line 102
[27-May-2026 10:58:17 Europe/Berlin] PHP Fatal error:  Uncaught PDOException: SQLSTATE[42S22]: Column not found: 1054 Unknown column 'user_agent' in 'field list' in D:\xampp\htdocs\khatalink\admin\ajax_hacker_stats.php:102
Stack trace:
#0 D:\xampp\htdocs\khatalink\admin\ajax_hacker_stats.php(102): PDO->query('\r\n    SELECT ip...')
#1 {main}
  thrown in D:\xampp\htdocs\khatalink\admin\ajax_hacker_stats.php on line 102
[27-May-2026 10:58:20 Europe/Berlin] PHP Fatal error:  Uncaught PDOException: SQLSTATE[42S22]: Column not found: 1054 Unknown column 'user_agent' in 'field list' in D:\xampp\htdocs\khatalink\admin\ajax_hacker_stats.php:102
Stack trace:
#0 D:\xampp\htdocs\khatalink\admin\ajax_hacker_stats.php(102): PDO->query('\r\n    SELECT ip...')
#1 {main}
  thrown in D:\xampp\htdocs\khatalink\admin\ajax_hacker_stats.php on line 102
[27-May-2026 10:58:24 Europe/Berlin] PHP Fatal error:  Uncaught PDOException: SQLSTATE[42S22]: Column not found: 1054 Unknown column 'user_agent' in 'field list' in D:\xampp\htdocs\khatalink\admin\ajax_hacker_stats.php:102
Stack trace:
#0 D:\xampp\htdocs\khatalink\admin\ajax_hacker_stats.php(102): PDO->query('\r\n    SELECT ip...')
#1 {main}
  thrown in D:\xampp\htdocs\khatalink\admin\ajax_hacker_stats.php on line 102
[27-May-2026 10:58:26 Europe/Berlin] PHP Fatal error:  Uncaught PDOException: SQLSTATE[42S22]: Column not found: 1054 Unknown column 'user_agent' in 'field list' in D:\xampp\htdocs\khatalink\admin\ajax_hacker_stats.php:102
Stack trace:
#0 D:\xampp\htdocs\khatalink\admin\ajax_hacker_stats.php(102): PDO->query('\r\n    SELECT ip...')
#1 {main}
  thrown in D:\xampp\htdocs\khatalink\admin\ajax_hacker_stats.php on line 102
[27-May-2026 10:58:29 Europe/Berlin] PHP Fatal error:  Uncaught PDOException: SQLSTATE[42S22]: Column not found: 1054 Unknown column 'user_agent' in 'field list' in D:\xampp\htdocs\khatalink\admin\ajax_hacker_stats.php:102
Stack trace:
#0 D:\xampp\htdocs\khatalink\admin\ajax_hacker_stats.php(102): PDO->query('\r\n    SELECT ip...')
#1 {main}
  thrown in D:\xampp\htdocs\khatalink\admin\ajax_hacker_stats.php on line 102
[27-May-2026 10:58:32 Europe/Berlin] PHP Fatal error:  Uncaught PDOException: SQLSTATE[42S22]: Column not found: 1054 Unknown column 'user_agent' in 'field list' in D:\xampp\htdocs\khatalink\admin\ajax_hacker_stats.php:102
Stack trace:
#0 D:\xampp\htdocs\khatalink\admin\ajax_hacker_stats.php(102): PDO->query('\r\n    SELECT ip...')
#1 {main}
  thrown in D:\xampp\htdocs\khatalink\admin\ajax_hacker_stats.php on line 102
[27-May-2026 10:58:37 Europe/Berlin] PHP Fatal error:  Uncaught PDOException: SQLSTATE[42S22]: Column not found: 1054 Unknown column 'user_agent' in 'field list' in D:\xampp\htdocs\khatalink\admin\ajax_hacker_stats.php:102
Stack trace:
#0 D:\xampp\htdocs\khatalink\admin\ajax_hacker_stats.php(102): PDO->query('\r\n    SELECT ip...')
#1 {main}
  thrown in D:\xampp\htdocs\khatalink\admin\ajax_hacker_stats.php on line 102
[27-May-2026 10:58:38 Europe/Berlin] PHP Fatal error:  Uncaught PDOException: SQLSTATE[42S22]: Column not found: 1054 Unknown column 'user_agent' in 'field list' in D:\xampp\htdocs\khatalink\admin\ajax_hacker_stats.php:102
Stack trace:
#0 D:\xampp\htdocs\khatalink\admin\ajax_hacker_stats.php(102): PDO->query('\r\n    SELECT ip...')
#1 {main}
  thrown in D:\xampp\htdocs\khatalink\admin\ajax_hacker_stats.php on line 102
[27-May-2026 10:58:42 Europe/Berlin] PHP Fatal error:  Uncaught PDOException: SQLSTATE[42S22]: Column not found: 1054 Unknown column 'user_agent' in 'field list' in D:\xampp\htdocs\khatalink\admin\ajax_hacker_stats.php:102
Stack trace:
#0 D:\xampp\htdocs\khatalink\admin\ajax_hacker_stats.php(102): PDO->query('\r\n    SELECT ip...')
#1 {main}
  thrown in D:\xampp\htdocs\khatalink\admin\ajax_hacker_stats.php on line 102
[27-May-2026 10:58:44 Europe/Berlin] PHP Fatal error:  Uncaught PDOException: SQLSTATE[42S22]: Column not found: 1054 Unknown column 'user_agent' in 'field list' in D:\xampp\htdocs\khatalink\admin\ajax_hacker_stats.php:102
Stack trace:
#0 D:\xampp\htdocs\khatalink\admin\ajax_hacker_stats.php(102): PDO->query('\r\n    SELECT ip...')
#1 {main}
  thrown in D:\xampp\htdocs\khatalink\admin\ajax_hacker_stats.php on line 102
[27-May-2026 10:58:48 Europe/Berlin] PHP Fatal error:  Uncaught PDOException: SQLSTATE[42S22]: Column not found: 1054 Unknown column 'user_agent' in 'field list' in D:\xampp\htdocs\khatalink\admin\ajax_hacker_stats.php:102
Stack trace:
#0 D:\xampp\htdocs\khatalink\admin\ajax_hacker_stats.php(102): PDO->query('\r\n    SELECT ip...')
#1 {main}
  thrown in D:\xampp\htdocs\khatalink\admin\ajax_hacker_stats.php on line 102
[27-May-2026 10:58:50 Europe/Berlin] PHP Fatal error:  Uncaught PDOException: SQLSTATE[42S22]: Column not found: 1054 Unknown column 'user_agent' in 'field list' in D:\xampp\htdocs\khatalink\admin\ajax_hacker_stats.php:102
Stack trace:
#0 D:\xampp\htdocs\khatalink\admin\ajax_hacker_stats.php(102): PDO->query('\r\n    SELECT ip...')
#1 {main}
  thrown in D:\xampp\htdocs\khatalink\admin\ajax_hacker_stats.php on line 102
[27-May-2026 10:58:53 Europe/Berlin] PHP Fatal error:  Uncaught PDOException: SQLSTATE[42S22]: Column not found: 1054 Unknown column 'user_agent' in 'field list' in D:\xampp\htdocs\khatalink\admin\ajax_hacker_stats.php:102
Stack trace:
#0 D:\xampp\htdocs\khatalink\admin\ajax_hacker_stats.php(102): PDO->query('\r\n    SELECT ip...')
#1 {main}
  thrown in D:\xampp\htdocs\khatalink\admin\ajax_hacker_stats.php on line 102
[27-May-2026 10:58:56 Europe/Berlin] PHP Fatal error:  Uncaught PDOException: SQLSTATE[42S22]: Column not found: 1054 Unknown column 'user_agent' in 'field list' in D:\xampp\htdocs\khatalink\admin\ajax_hacker_stats.php:102
Stack trace:
#0 D:\xampp\htdocs\khatalink\admin\ajax_hacker_stats.php(102): PDO->query('\r\n    SELECT ip...')
#1 {main}
  thrown in D:\xampp\htdocs\khatalink\admin\ajax_hacker_stats.php on line 102
[27-May-2026 10:58:59 Europe/Berlin] PHP Fatal error:  Uncaught PDOException: SQLSTATE[42S22]: Column not found: 1054 Unknown column 'user_agent' in 'field list' in D:\xampp\htdocs\khatalink\admin\ajax_hacker_stats.php:102
Stack trace:
#0 D:\xampp\htdocs\khatalink\admin\ajax_hacker_stats.php(102): PDO->query('\r\n    SELECT ip...')
#1 {main}
  thrown in D:\xampp\htdocs\khatalink\admin\ajax_hacker_stats.php on line 102
[27-May-2026 10:59:02 Europe/Berlin] PHP Fatal error:  Uncaught PDOException: SQLSTATE[42S22]: Column not found: 1054 Unknown column 'user_agent' in 'field list' in D:\xampp\htdocs\khatalink\admin\ajax_hacker_stats.php:102
Stack trace:
#0 D:\xampp\htdocs\khatalink\admin\ajax_hacker_stats.php(102): PDO->query('\r\n    SELECT ip...')
#1 {main}
  thrown in D:\xampp\htdocs\khatalink\admin\ajax_hacker_stats.php on line 102
[27-May-2026 14:29:04 Asia/Kolkata] [API_HIT] /khatalink/customer/ajax_get_mall_status.php | Speed: 3ms | IP: ::1
[27-May-2026 10:59:05 Europe/Berlin] PHP Fatal error:  Uncaught PDOException: SQLSTATE[42S22]: Column not found: 1054 Unknown column 'user_agent' in 'field list' in D:\xampp\htdocs\khatalink\admin\ajax_hacker_stats.php:102
Stack trace:
#0 D:\xampp\htdocs\khatalink\admin\ajax_hacker_stats.php(102): PDO->query('\r\n    SELECT ip...')
#1 {main}
  thrown in D:\xampp\htdocs\khatalink\admin\ajax_hacker_stats.php on line 102
[27-May-2026 10:59:08 Europe/Berlin] PHP Fatal error:  Uncaught PDOException: SQLSTATE[42S22]: Column not found: 1054 Unknown column 'user_agent' in 'field list' in D:\xampp\htdocs\khatalink\admin\ajax_hacker_stats.php:102
Stack trace:
#0 D:\xampp\htdocs\khatalink\admin\ajax_hacker_stats.php(102): PDO->query('\r\n    SELECT ip...')
#1 {main}
  thrown in D:\xampp\htdocs\khatalink\admin\ajax_hacker_stats.php on line 102
[27-May-2026 10:59:11 Europe/Berlin] PHP Fatal error:  Uncaught PDOException: SQLSTATE[42S22]: Column not found: 1054 Unknown column 'user_agent' in 'field list' in D:\xampp\htdocs\khatalink\admin\ajax_hacker_stats.php:102
Stack trace:
#0 D:\xampp\htdocs\khatalink\admin\ajax_hacker_stats.php(102): PDO->query('\r\n    SELECT ip...')
#1 {main}
  thrown in D:\xampp\htdocs\khatalink\admin\ajax_hacker_stats.php on line 102
[27-May-2026 10:59:14 Europe/Berlin] PHP Fatal error:  Uncaught PDOException: SQLSTATE[42S22]: Column not found: 1054 Unknown column 'user_agent' in 'field list' in D:\xampp\htdocs\khatalink\admin\ajax_hacker_stats.php:102
Stack trace:
#0 D:\xampp\htdocs\khatalink\admin\ajax_hacker_stats.php(102): PDO->query('\r\n    SELECT ip...')
#1 {main}
  thrown in D:\xampp\htdocs\khatalink\admin\ajax_hacker_stats.php on line 102
[27-May-2026 10:59:17 Europe/Berlin] PHP Fatal error:  Uncaught PDOException: SQLSTATE[42S22]: Column not found: 1054 Unknown column 'user_agent' in 'field list' in D:\xampp\htdocs\khatalink\admin\ajax_hacker_stats.php:102
Stack trace:
#0 D:\xampp\htdocs\khatalink\admin\ajax_hacker_stats.php(102): PDO->query('\r\n    SELECT ip...')
#1 {main}
  thrown in D:\xampp\htdocs\khatalink\admin\ajax_hacker_stats.php on line 102
[27-May-2026 10:59:20 Europe/Berlin] PHP Fatal error:  Uncaught PDOException: SQLSTATE[42S22]: Column not found: 1054 Unknown column 'user_agent' in 'field list' in D:\xampp\htdocs\khatalink\admin\ajax_hacker_stats.php:102
Stack trace:
#0 D:\xampp\htdocs\khatalink\admin\ajax_hacker_stats.php(102): PDO->query('\r\n    SELECT ip...')
#1 {main}
  thrown in D:\xampp\htdocs\khatalink\admin\ajax_hacker_stats.php on line 102
[27-May-2026 10:59:23 Europe/Berlin] PHP Fatal error:  Uncaught PDOException: SQLSTATE[42S22]: Column not found: 1054 Unknown column 'user_agent' in 'field list' in D:\xampp\htdocs\khatalink\admin\ajax_hacker_stats.php:102
Stack trace:
#0 D:\xampp\htdocs\khatalink\admin\ajax_hacker_stats.php(102): PDO->query('\r\n    SELECT ip...')
#1 {main}
  thrown in D:\xampp\htdocs\khatalink\admin\ajax_hacker_stats.php on line 102
[27-May-2026 10:59:26 Europe/Berlin] PHP Fatal error:  Uncaught PDOException: SQLSTATE[42S22]: Column not found: 1054 Unknown column 'user_agent' in 'field list' in D:\xampp\htdocs\khatalink\admin\ajax_hacker_stats.php:102
Stack trace:
#0 D:\xampp\htdocs\khatalink\admin\ajax_hacker_stats.php(102): PDO->query('\r\n    SELECT ip...')
#1 {main}
  thrown in D:\xampp\htdocs\khatalink\admin\ajax_hacker_stats.php on line 102
[27-May-2026 10:59:29 Europe/Berlin] PHP Fatal error:  Uncaught PDOException: SQLSTATE[42S22]: Column not found: 1054 Unknown column 'user_agent' in 'field list' in D:\xampp\htdocs\khatalink\admin\ajax_hacker_stats.php:102
Stack trace:
#0 D:\xampp\htdocs\khatalink\admin\ajax_hacker_stats.php(102): PDO->query('\r\n    SELECT ip...')
#1 {main}
  thrown in D:\xampp\htdocs\khatalink\admin\ajax_hacker_stats.php on line 102
[27-May-2026 10:59:33 Europe/Berlin] PHP Fatal error:  Uncaught PDOException: SQLSTATE[42S22]: Column not found: 1054 Unknown column 'user_agent' in 'field list' in D:\xampp\htdocs\khatalink\admin\ajax_hacker_stats.php:102
Stack trace:
#0 D:\xampp\htdocs\khatalink\admin\ajax_hacker_stats.php(102): PDO->query('\r\n    SELECT ip...')
#1 {main}
  thrown in D:\xampp\htdocs\khatalink\admin\ajax_hacker_stats.php on line 102
[27-May-2026 10:59:35 Europe/Berlin] PHP Fatal error:  Uncaught PDOException: SQLSTATE[42S22]: Column not found: 1054 Unknown column 'user_agent' in 'field list' in D:\xampp\htdocs\khatalink\admin\ajax_hacker_stats.php:102
Stack trace:
#0 D:\xampp\htdocs\khatalink\admin\ajax_hacker_stats.php(102): PDO->query('\r\n    SELECT ip...')
#1 {main}
  thrown in D:\xampp\htdocs\khatalink\admin\ajax_hacker_stats.php on line 102
[27-May-2026 10:59:38 Europe/Berlin] PHP Fatal error:  Uncaught PDOException: SQLSTATE[42S22]: Column not found: 1054 Unknown column 'user_agent' in 'field list' in D:\xampp\htdocs\khatalink\admin\ajax_hacker_stats.php:102
Stack trace:
#0 D:\xampp\htdocs\khatalink\admin\ajax_hacker_stats.php(102): PDO->query('\r\n    SELECT ip...')
#1 {main}
  thrown in D:\xampp\htdocs\khatalink\admin\ajax_hacker_stats.php on line 102
[27-May-2026 10:59:41 Europe/Berlin] PHP Fatal error:  Uncaught PDOException: SQLSTATE[42S22]: Column not found: 1054 Unknown column 'user_agent' in 'field list' in D:\xampp\htdocs\khatalink\admin\ajax_hacker_stats.php:102
Stack trace:
#0 D:\xampp\htdocs\khatalink\admin\ajax_hacker_stats.php(102): PDO->query('\r\n    SELECT ip...')
#1 {main}
  thrown in D:\xampp\htdocs\khatalink\admin\ajax_hacker_stats.php on line 102
[27-May-2026 10:59:44 Europe/Berlin] PHP Fatal error:  Uncaught PDOException: SQLSTATE[42S22]: Column not found: 1054 Unknown column 'user_agent' in 'field list' in D:\xampp\htdocs\khatalink\admin\ajax_hacker_stats.php:102
Stack trace:
#0 D:\xampp\htdocs\khatalink\admin\ajax_hacker_stats.php(102): PDO->query('\r\n    SELECT ip...')
#1 {main}
  thrown in D:\xampp\htdocs\khatalink\admin\ajax_hacker_stats.php on line 102
[27-May-2026 10:59:47 Europe/Berlin] PHP Fatal error:  Uncaught PDOException: SQLSTATE[42S22]: Column not found: 1054 Unknown column 'user_agent' in 'field list' in D:\xampp\htdocs\khatalink\admin\ajax_hacker_stats.php:102
Stack trace:
#0 D:\xampp\htdocs\khatalink\admin\ajax_hacker_stats.php(102): PDO->query('\r\n    SELECT ip...')
#1 {main}
  thrown in D:\xampp\htdocs\khatalink\admin\ajax_hacker_stats.php on line 102
[27-May-2026 10:59:50 Europe/Berlin] PHP Fatal error:  Uncaught PDOException: SQLSTATE[42S22]: Column not found: 1054 Unknown column 'user_agent' in 'field list' in D:\xampp\htdocs\khatalink\admin\ajax_hacker_stats.php:102
Stack trace:
#0 D:\xampp\htdocs\khatalink\admin\ajax_hacker_stats.php(102): PDO->query('\r\n    SELECT ip...')
#1 {main}
  thrown in D:\xampp\htdocs\khatalink\admin\ajax_hacker_stats.php on line 102
[27-May-2026 10:59:53 Europe/Berlin] PHP Fatal error:  Uncaught PDOException: SQLSTATE[42S22]: Column not found: 1054 Unknown column 'user_agent' in 'field list' in D:\xampp\htdocs\khatalink\admin\ajax_hacker_stats.php:102
Stack trace:
#0 D:\xampp\htdocs\khatalink\admin\ajax_hacker_stats.php(102): PDO->query('\r\n    SELECT ip...')
#1 {main}
  thrown in D:\xampp\htdocs\khatalink\admin\ajax_hacker_stats.php on line 102
[27-May-2026 10:59:58 Europe/Berlin] PHP Fatal error:  Uncaught PDOException: SQLSTATE[42S22]: Column not found: 1054 Unknown column 'user_agent' in 'field list' in D:\xampp\htdocs\khatalink\admin\ajax_hacker_stats.php:102
Stack trace:
#0 D:\xampp\htdocs\khatalink\admin\ajax_hacker_stats.php(102): PDO->query('\r\n    SELECT ip...')
#1 {main}
  thrown in D:\xampp\htdocs\khatalink\admin\ajax_hacker_stats.php on line 102
[27-May-2026 11:00:00 Europe/Berlin] PHP Fatal error:  Uncaught PDOException: SQLSTATE[42S22]: Column not found: 1054 Unknown column 'user_agent' in 'field list' in D:\xampp\htdocs\khatalink\admin\ajax_hacker_stats.php:102
Stack trace:
#0 D:\xampp\htdocs\khatalink\admin\ajax_hacker_stats.php(102): PDO->query('\r\n    SELECT ip...')
#1 {main}
  thrown in D:\xampp\htdocs\khatalink\admin\ajax_hacker_stats.php on line 102
[27-May-2026 11:00:02 Europe/Berlin] PHP Fatal error:  Uncaught PDOException: SQLSTATE[42S22]: Column not found: 1054 Unknown column 'user_agent' in 'field list' in D:\xampp\htdocs\khatalink\admin\ajax_hacker_stats.php:102
Stack trace:
#0 D:\xampp\htdocs\khatalink\admin\ajax_hacker_stats.php(102): PDO->query('\r\n    SELECT ip...')
#1 {main}
  thrown in D:\xampp\htdocs\khatalink\admin\ajax_hacker_stats.php on line 102
[27-May-2026 11:00:05 Europe/Berlin] PHP Fatal error:  Uncaught PDOException: SQLSTATE[42S22]: Column not found: 1054 Unknown column 'user_agent' in 'field list' in D:\xampp\htdocs\khatalink\admin\ajax_hacker_stats.php:102
Stack trace:
#0 D:\xampp\htdocs\khatalink\admin\ajax_hacker_stats.php(102): PDO->query('\r\n    SELECT ip...')
#1 {main}
  thrown in D:\xampp\htdocs\khatalink\admin\ajax_hacker_stats.php on line 102
[27-May-2026 11:00:09 Europe/Berlin] PHP Fatal error:  Uncaught PDOException: SQLSTATE[42S22]: Column not found: 1054 Unknown column 'user_agent' in 'field list' in D:\xampp\htdocs\khatalink\admin\ajax_hacker_stats.php:102
Stack trace:
#0 D:\xampp\htdocs\khatalink\admin\ajax_hacker_stats.php(102): PDO->query('\r\n    SELECT ip...')
#1 {main}
  thrown in D:\xampp\htdocs\khatalink\admin\ajax_hacker_stats.php on line 102
[27-May-2026 11:00:11 Europe/Berlin] PHP Fatal error:  Uncaught PDOException: SQLSTATE[42S22]: Column not found: 1054 Unknown column 'user_agent' in 'field list' in D:\xampp\htdocs\khatalink\admin\ajax_hacker_stats.php:102
Stack trace:
#0 D:\xampp\htdocs\khatalink\admin\ajax_hacker_stats.php(102): PDO->query('\r\n    SELECT ip...')
#1 {main}
  thrown in D:\xampp\htdocs\khatalink\admin\ajax_hacker_stats.php on line 102
[27-May-2026 11:00:16 Europe/Berlin] PHP Fatal error:  Uncaught PDOException: SQLSTATE[42S22]: Column not found: 1054 Unknown column 'user_agent' in 'field list' in D:\xampp\htdocs\khatalink\admin\ajax_hacker_stats.php:102
Stack trace:
#0 D:\xampp\htdocs\khatalink\admin\ajax_hacker_stats.php(102): PDO->query('\r\n    SELECT ip...')
#1 {main}
  thrown in D:\xampp\htdocs\khatalink\admin\ajax_hacker_stats.php on line 102
[27-May-2026 11:00:17 Europe/Berlin] PHP Fatal error:  Uncaught PDOException: SQLSTATE[42S22]: Column not found: 1054 Unknown column 'user_agent' in 'field list' in D:\xampp\htdocs\khatalink\admin\ajax_hacker_stats.php:102
Stack trace:
#0 D:\xampp\htdocs\khatalink\admin\ajax_hacker_stats.php(102): PDO->query('\r\n    SELECT ip...')
#1 {main}
  thrown in D:\xampp\htdocs\khatalink\admin\ajax_hacker_stats.php on line 102
[27-May-2026 11:00:20 Europe/Berlin] PHP Fatal error:  Uncaught PDOException: SQLSTATE[42S22]: Column not found: 1054 Unknown column 'user_agent' in 'field list' in D:\xampp\htdocs\khatalink\admin\ajax_hacker_stats.php:102
Stack trace:
#0 D:\xampp\htdocs\khatalink\admin\ajax_hacker_stats.php(102): PDO->query('\r\n    SELECT ip...')
#1 {main}
  thrown in D:\xampp\htdocs\khatalink\admin\ajax_hacker_stats.php on line 102
[27-May-2026 11:00:23 Europe/Berlin] PHP Fatal error:  Uncaught PDOException: SQLSTATE[42S22]: Column not found: 1054 Unknown column 'user_agent' in 'field list' in D:\xampp\htdocs\khatalink\admin\ajax_hacker_stats.php:102
Stack trace:
#0 D:\xampp\htdocs\khatalink\admin\ajax_hacker_stats.php(102): PDO->query('\r\n    SELECT ip...')
#1 {main}
  thrown in D:\xampp\htdocs\khatalink\admin\ajax_hacker_stats.php on line 102
[27-May-2026 11:00:26 Europe/Berlin] PHP Fatal error:  Uncaught PDOException: SQLSTATE[42S22]: Column not found: 1054 Unknown column 'user_agent' in 'field list' in D:\xampp\htdocs\khatalink\admin\ajax_hacker_stats.php:102
Stack trace:
#0 D:\xampp\htdocs\khatalink\admin\ajax_hacker_stats.php(102): PDO->query('\r\n    SELECT ip...')
#1 {main}
  thrown in D:\xampp\htdocs\khatalink\admin\ajax_hacker_stats.php on line 102
[27-May-2026 11:00:29 Europe/Berlin] PHP Fatal error:  Uncaught PDOException: SQLSTATE[42S22]: Column not found: 1054 Unknown column 'user_agent' in 'field list' in D:\xampp\htdocs\khatalink\admin\ajax_hacker_stats.php:102
Stack trace:
#0 D:\xampp\htdocs\khatalink\admin\ajax_hacker_stats.php(102): PDO->query('\r\n    SELECT ip...')
#1 {main}
  thrown in D:\xampp\htdocs\khatalink\admin\ajax_hacker_stats.php on line 102
[27-May-2026 11:00:32 Europe/Berlin] PHP Fatal error:  Uncaught PDOException: SQLSTATE[42S22]: Column not found: 1054 Unknown column 'user_agent' in 'field list' in D:\xampp\htdocs\khatalink\admin\ajax_hacker_stats.php:102
Stack trace:
#0 D:\xampp\htdocs\khatalink\admin\ajax_hacker_stats.php(102): PDO->query('\r\n    SELECT ip...')
#1 {main}
  thrown in D:\xampp\htdocs\khatalink\admin\ajax_hacker_stats.php on line 102
[27-May-2026 11:00:35 Europe/Berlin] PHP Fatal error:  Uncaught PDOException: SQLSTATE[42S22]: Column not found: 1054 Unknown column 'user_agent' in 'field list' in D:\xampp\htdocs\khatalink\admin\ajax_hacker_stats.php:102
Stack trace:
#0 D:\xampp\htdocs\khatalink\admin\ajax_hacker_stats.php(102): PDO->query('\r\n    SELECT ip...')
#1 {main}
  thrown in D:\xampp\htdocs\khatalink\admin\ajax_hacker_stats.php on line 102
[27-May-2026 11:00:39 Europe/Berlin] PHP Fatal error:  Uncaught PDOException: SQLSTATE[42S22]: Column not found: 1054 Unknown column 'user_agent' in 'field list' in D:\xampp\htdocs\khatalink\admin\ajax_hacker_stats.php:102
Stack trace:
#0 D:\xampp\htdocs\khatalink\admin\ajax_hacker_stats.php(102): PDO->query('\r\n    SELECT ip...')
#1 {main}
  thrown in D:\xampp\htdocs\khatalink\admin\ajax_hacker_stats.php on line 102
[27-May-2026 11:00:42 Europe/Berlin] PHP Fatal error:  Uncaught PDOException: SQLSTATE[42S22]: Column not found: 1054 Unknown column 'user_agent' in 'field list' in D:\xampp\htdocs\khatalink\admin\ajax_hacker_stats.php:102
Stack trace:
#0 D:\xampp\htdocs\khatalink\admin\ajax_hacker_stats.php(102): PDO->query('\r\n    SELECT ip...')
#1 {main}
  thrown in D:\xampp\htdocs\khatalink\admin\ajax_hacker_stats.php on line 102
[27-May-2026 11:00:44 Europe/Berlin] PHP Fatal error:  Uncaught PDOException: SQLSTATE[42S22]: Column not found: 1054 Unknown column 'user_agent' in 'field list' in D:\xampp\htdocs\khatalink\admin\ajax_hacker_stats.php:102
Stack trace:
#0 D:\xampp\htdocs\khatalink\admin\ajax_hacker_stats.php(102): PDO->query('\r\n    SELECT ip...')
#1 {main}
  thrown in D:\xampp\htdocs\khatalink\admin\ajax_hacker_stats.php on line 102
[27-May-2026 11:00:48 Europe/Berlin] PHP Fatal error:  Uncaught PDOException: SQLSTATE[42S22]: Column not found: 1054 Unknown column 'user_agent' in 'field list' in D:\xampp\htdocs\khatalink\admin\ajax_hacker_stats.php:102
Stack trace:
#0 D:\xampp\htdocs\khatalink\admin\ajax_hacker_stats.php(102): PDO->query('\r\n    SELECT ip...')
#1 {main}
  thrown in D:\xampp\htdocs\khatalink\admin\ajax_hacker_stats.php on line 102
[27-May-2026 11:00:51 Europe/Berlin] PHP Fatal error:  Uncaught PDOException: SQLSTATE[42S22]: Column not found: 1054 Unknown column 'user_agent' in 'field list' in D:\xampp\htdocs\khatalink\admin\ajax_hacker_stats.php:102
Stack trace:
#0 D:\xampp\htdocs\khatalink\admin\ajax_hacker_stats.php(102): PDO->query('\r\n    SELECT ip...')
#1 {main}
  thrown in D:\xampp\htdocs\khatalink\admin\ajax_hacker_stats.php on line 102
[27-May-2026 11:00:55 Europe/Berlin] PHP Fatal error:  Uncaught PDOException: SQLSTATE[42S22]: Column not found: 1054 Unknown column 'user_agent' in 'field list' in D:\xampp\htdocs\khatalink\admin\ajax_hacker_stats.php:102
Stack trace:
#0 D:\xampp\htdocs\khatalink\admin\ajax_hacker_stats.php(102): PDO->query('\r\n    SELECT ip...')
#1 {main}
  thrown in D:\xampp\htdocs\khatalink\admin\ajax_hacker_stats.php on line 102
[27-May-2026 11:00:56 Europe/Berlin] PHP Fatal error:  Uncaught PDOException: SQLSTATE[42S22]: Column not found: 1054 Unknown column 'user_agent' in 'field list' in D:\xampp\htdocs\khatalink\admin\ajax_hacker_stats.php:102
Stack trace:
#0 D:\xampp\htdocs\khatalink\admin\ajax_hacker_stats.php(102): PDO->query('\r\n    SELECT ip...')
#1 {main}
  thrown in D:\xampp\htdocs\khatalink\admin\ajax_hacker_stats.php on line 102
[27-May-2026 11:01:01 Europe/Berlin] PHP Fatal error:  Uncaught PDOException: SQLSTATE[42S22]: Column not found: 1054 Unknown column 'user_agent' in 'field list' in D:\xampp\htdocs\khatalink\admin\ajax_hacker_stats.php:102
Stack trace:
#0 D:\xampp\htdocs\khatalink\admin\ajax_hacker_stats.php(102): PDO->query('\r\n    SELECT ip...')
#1 {main}
  thrown in D:\xampp\htdocs\khatalink\admin\ajax_hacker_stats.php on line 102
[27-May-2026 11:01:02 Europe/Berlin] PHP Fatal error:  Uncaught PDOException: SQLSTATE[42S22]: Column not found: 1054 Unknown column 'user_agent' in 'field list' in D:\xampp\htdocs\khatalink\admin\ajax_hacker_stats.php:102
Stack trace:
#0 D:\xampp\htdocs\khatalink\admin\ajax_hacker_stats.php(102): PDO->query('\r\n    SELECT ip...')
#1 {main}
  thrown in D:\xampp\htdocs\khatalink\admin\ajax_hacker_stats.php on line 102
[27-May-2026 11:01:05 Europe/Berlin] PHP Fatal error:  Uncaught PDOException: SQLSTATE[42S22]: Column not found: 1054 Unknown column 'user_agent' in 'field list' in D:\xampp\htdocs\khatalink\admin\ajax_hacker_stats.php:102
Stack trace:
#0 D:\xampp\htdocs\khatalink\admin\ajax_hacker_stats.php(102): PDO->query('\r\n    SELECT ip...')
#1 {main}
  thrown in D:\xampp\htdocs\khatalink\admin\ajax_hacker_stats.php on line 102
[27-May-2026 11:01:08 Europe/Berlin] PHP Fatal error:  Uncaught PDOException: SQLSTATE[42S22]: Column not found: 1054 Unknown column 'user_agent' in 'field list' in D:\xampp\htdocs\khatalink\admin\ajax_hacker_stats.php:102
Stack trace:
#0 D:\xampp\htdocs\khatalink\admin\ajax_hacker_stats.php(102): PDO->query('\r\n    SELECT ip...')
#1 {main}
  thrown in D:\xampp\htdocs\khatalink\admin\ajax_hacker_stats.php on line 102
[27-May-2026 11:01:11 Europe/Berlin] PHP Fatal error:  Uncaught PDOException: SQLSTATE[42S22]: Column not found: 1054 Unknown column 'user_agent' in 'field list' in D:\xampp\htdocs\khatalink\admin\ajax_hacker_stats.php:102
Stack trace:
#0 D:\xampp\htdocs\khatalink\admin\ajax_hacker_stats.php(102): PDO->query('\r\n    SELECT ip...')
#1 {main}
  thrown in D:\xampp\htdocs\khatalink\admin\ajax_hacker_stats.php on line 102
[27-May-2026 11:01:14 Europe/Berlin] PHP Fatal error:  Uncaught PDOException: SQLSTATE[42S22]: Column not found: 1054 Unknown column 'user_agent' in 'field list' in D:\xampp\htdocs\khatalink\admin\ajax_hacker_stats.php:102
Stack trace:
#0 D:\xampp\htdocs\khatalink\admin\ajax_hacker_stats.php(102): PDO->query('\r\n    SELECT ip...')
#1 {main}
  thrown in D:\xampp\htdocs\khatalink\admin\ajax_hacker_stats.php on line 102
[27-May-2026 11:01:18 Europe/Berlin] PHP Fatal error:  Uncaught PDOException: SQLSTATE[42S22]: Column not found: 1054 Unknown column 'user_agent' in 'field list' in D:\xampp\htdocs\khatalink\admin\ajax_hacker_stats.php:102
Stack trace:
#0 D:\xampp\htdocs\khatalink\admin\ajax_hacker_stats.php(102): PDO->query('\r\n    SELECT ip...')
#1 {main}
  thrown in D:\xampp\htdocs\khatalink\admin\ajax_hacker_stats.php on line 102
[27-May-2026 11:01:21 Europe/Berlin] PHP Fatal error:  Uncaught PDOException: SQLSTATE[42S22]: Column not found: 1054 Unknown column 'user_agent' in 'field list' in D:\xampp\htdocs\khatalink\admin\ajax_hacker_stats.php:102
Stack trace:
#0 D:\xampp\htdocs\khatalink\admin\ajax_hacker_stats.php(102): PDO->query('\r\n    SELECT ip...')
#1 {main}
  thrown in D:\xampp\htdocs\khatalink\admin\ajax_hacker_stats.php on line 102
[27-May-2026 11:01:24 Europe/Berlin] PHP Fatal error:  Uncaught PDOException: SQLSTATE[42S22]: Column not found: 1054 Unknown column 'user_agent' in 'field list' in D:\xampp\htdocs\khatalink\admin\ajax_hacker_stats.php:102
Stack trace:
#0 D:\xampp\htdocs\khatalink\admin\ajax_hacker_stats.php(102): PDO->query('\r\n    SELECT ip...')
#1 {main}
  thrown in D:\xampp\htdocs\khatalink\admin\ajax_hacker_stats.php on line 102
[27-May-2026 11:01:26 Europe/Berlin] PHP Fatal error:  Uncaught PDOException: SQLSTATE[42S22]: Column not found: 1054 Unknown column 'user_agent' in 'field list' in D:\xampp\htdocs\khatalink\admin\ajax_hacker_stats.php:102
Stack trace:
#0 D:\xampp\htdocs\khatalink\admin\ajax_hacker_stats.php(102): PDO->query('\r\n    SELECT ip...')
#1 {main}
  thrown in D:\xampp\htdocs\khatalink\admin\ajax_hacker_stats.php on line 102
[27-May-2026 11:01:29 Europe/Berlin] PHP Fatal error:  Uncaught PDOException: SQLSTATE[42S22]: Column not found: 1054 Unknown column 'user_agent' in 'field list' in D:\xampp\htdocs\khatalink\admin\ajax_hacker_stats.php:102
Stack trace:
#0 D:\xampp\htdocs\khatalink\admin\ajax_hacker_stats.php(102): PDO->query('\r\n    SELECT ip...')
#1 {main}
  thrown in D:\xampp\htdocs\khatalink\admin\ajax_hacker_stats.php on line 102
[27-May-2026 11:01:32 Europe/Berlin] PHP Fatal error:  Uncaught PDOException: SQLSTATE[42S22]: Column not found: 1054 Unknown column 'user_agent' in 'field list' in D:\xampp\htdocs\khatalink\admin\ajax_hacker_stats.php:102
Stack trace:
#0 D:\xampp\htdocs\khatalink\admin\ajax_hacker_stats.php(102): PDO->query('\r\n    SELECT ip...')
#1 {main}
  thrown in D:\xampp\htdocs\khatalink\admin\ajax_hacker_stats.php on line 102
[27-May-2026 11:01:36 Europe/Berlin] PHP Fatal error:  Uncaught PDOException: SQLSTATE[42S22]: Column not found: 1054 Unknown column 'user_agent' in 'field list' in D:\xampp\htdocs\khatalink\admin\ajax_hacker_stats.php:102
Stack trace:
#0 D:\xampp\htdocs\khatalink\admin\ajax_hacker_stats.php(102): PDO->query('\r\n    SELECT ip...')
#1 {main}
  thrown in D:\xampp\htdocs\khatalink\admin\ajax_hacker_stats.php on line 102
[27-May-2026 11:01:38 Europe/Berlin] PHP Fatal error:  Uncaught PDOException: SQLSTATE[42S22]: Column not found: 1054 Unknown column 'user_agent' in 'field list' in D:\xampp\htdocs\khatalink\admin\ajax_hacker_stats.php:102
Stack trace:
#0 D:\xampp\htdocs\khatalink\admin\ajax_hacker_stats.php(102): PDO->query('\r\n    SELECT ip...')
#1 {main}
  thrown in D:\xampp\htdocs\khatalink\admin\ajax_hacker_stats.php on line 102
[27-May-2026 11:01:41 Europe/Berlin] PHP Fatal error:  Uncaught PDOException: SQLSTATE[42S22]: Column not found: 1054 Unknown column 'user_agent' in 'field list' in D:\xampp\htdocs\khatalink\admin\ajax_hacker_stats.php:102
Stack trace:
#0 D:\xampp\htdocs\khatalink\admin\ajax_hacker_stats.php(102): PDO->query('\r\n    SELECT ip...')
#1 {main}
  thrown in D:\xampp\htdocs\khatalink\admin\ajax_hacker_stats.php on line 102
[27-May-2026 11:01:44 Europe/Berlin] PHP Fatal error:  Uncaught PDOException: SQLSTATE[42S22]: Column not found: 1054 Unknown column 'user_agent' in 'field list' in D:\xampp\htdocs\khatalink\admin\ajax_hacker_stats.php:102
Stack trace:
#0 D:\xampp\htdocs\khatalink\admin\ajax_hacker_stats.php(102): PDO->query('\r\n    SELECT ip...')
#1 {main}
  thrown in D:\xampp\htdocs\khatalink\admin\ajax_hacker_stats.php on line 102
[27-May-2026 11:01:47 Europe/Berlin] PHP Fatal error:  Uncaught PDOException: SQLSTATE[42S22]: Column not found: 1054 Unknown column 'user_agent' in 'field list' in D:\xampp\htdocs\khatalink\admin\ajax_hacker_stats.php:102
Stack trace:
#0 D:\xampp\htdocs\khatalink\admin\ajax_hacker_stats.php(102): PDO->query('\r\n    SELECT ip...')
#1 {main}
  thrown in D:\xampp\htdocs\khatalink\admin\ajax_hacker_stats.php on line 102
[27-May-2026 11:01:50 Europe/Berlin] PHP Fatal error:  Uncaught PDOException: SQLSTATE[42S22]: Column not found: 1054 Unknown column 'user_agent' in 'field list' in D:\xampp\htdocs\khatalink\admin\ajax_hacker_stats.php:102
Stack trace:
#0 D:\xampp\htdocs\khatalink\admin\ajax_hacker_stats.php(102): PDO->query('\r\n    SELECT ip...')
#1 {main}
  thrown in D:\xampp\htdocs\khatalink\admin\ajax_hacker_stats.php on line 102
[27-May-2026 11:01:54 Europe/Berlin] PHP Fatal error:  Uncaught PDOException: SQLSTATE[42S22]: Column not found: 1054 Unknown column 'user_agent' in 'field list' in D:\xampp\htdocs\khatalink\admin\ajax_hacker_stats.php:102
Stack trace:
#0 D:\xampp\htdocs\khatalink\admin\ajax_hacker_stats.php(102): PDO->query('\r\n    SELECT ip...')
#1 {main}
  thrown in D:\xampp\htdocs\khatalink\admin\ajax_hacker_stats.php on line 102
[27-May-2026 11:01:57 Europe/Berlin] PHP Fatal error:  Uncaught PDOException: SQLSTATE[42S22]: Column not found: 1054 Unknown column 'user_agent' in 'field list' in D:\xampp\htdocs\khatalink\admin\ajax_hacker_stats.php:102
Stack trace:
#0 D:\xampp\htdocs\khatalink\admin\ajax_hacker_stats.php(102): PDO->query('\r\n    SELECT ip...')
#1 {main}
  thrown in D:\xampp\htdocs\khatalink\admin\ajax_hacker_stats.php on line 102
[27-May-2026 11:01:59 Europe/Berlin] PHP Fatal error:  Uncaught PDOException: SQLSTATE[42S22]: Column not found: 1054 Unknown column 'user_agent' in 'field list' in D:\xampp\htdocs\khatalink\admin\ajax_hacker_stats.php:102
Stack trace:
#0 D:\xampp\htdocs\khatalink\admin\ajax_hacker_stats.php(102): PDO->query('\r\n    SELECT ip...')
#1 {main}
  thrown in D:\xampp\htdocs\khatalink\admin\ajax_hacker_stats.php on line 102
[27-May-2026 11:02:02 Europe/Berlin] PHP Fatal error:  Uncaught PDOException: SQLSTATE[42S22]: Column not found: 1054 Unknown column 'user_agent' in 'field list' in D:\xampp\htdocs\khatalink\admin\ajax_hacker_stats.php:102
Stack trace:
#0 D:\xampp\htdocs\khatalink\admin\ajax_hacker_stats.php(102): PDO->query('\r\n    SELECT ip...')
#1 {main}
  thrown in D:\xampp\htdocs\khatalink\admin\ajax_hacker_stats.php on line 102
[27-May-2026 11:02:05 Europe/Berlin] PHP Fatal error:  Uncaught PDOException: SQLSTATE[42S22]: Column not found: 1054 Unknown column 'user_agent' in 'field list' in D:\xampp\htdocs\khatalink\admin\ajax_hacker_stats.php:102
Stack trace:
#0 D:\xampp\htdocs\khatalink\admin\ajax_hacker_stats.php(102): PDO->query('\r\n    SELECT ip...')
#1 {main}
  thrown in D:\xampp\htdocs\khatalink\admin\ajax_hacker_stats.php on line 102
[27-May-2026 11:02:08 Europe/Berlin] [API_HIT] /khatalink/admin/hacker_terminal.php | Speed: 983ms | IP: ::1
[27-May-2026 11:02:08 Europe/Berlin] PHP Fatal error:  Uncaught PDOException: SQLSTATE[42S22]: Column not found: 1054 Unknown column 'user_agent' in 'field list' in D:\xampp\htdocs\khatalink\admin\ajax_hacker_stats.php:102
Stack trace:
#0 D:\xampp\htdocs\khatalink\admin\ajax_hacker_stats.php(102): PDO->query('\r\n    SELECT ip...')
#1 {main}
  thrown in D:\xampp\htdocs\khatalink\admin\ajax_hacker_stats.php on line 102
[27-May-2026 11:02:11 Europe/Berlin] PHP Fatal error:  Uncaught PDOException: SQLSTATE[42S22]: Column not found: 1054 Unknown column 'user_agent' in 'field list' in D:\xampp\htdocs\khatalink\admin\ajax_hacker_stats.php:102
Stack trace:
#0 D:\xampp\htdocs\khatalink\admin\ajax_hacker_stats.php(102): PDO->query('\r\n    SELECT ip...')
#1 {main}
  thrown in D:\xampp\htdocs\khatalink\admin\ajax_hacker_stats.php on line 102
[27-May-2026 11:02:14 Europe/Berlin] PHP Fatal error:  Uncaught PDOException: SQLSTATE[42S22]: Column not found: 1054 Unknown column 'user_agent' in 'field list' in D:\xampp\htdocs\khatalink\admin\ajax_hacker_stats.php:102
Stack trace:
#0 D:\xampp\htdocs\khatalink\admin\ajax_hacker_stats.php(102): PDO->query('\r\n    SELECT ip...')
#1 {main}
  thrown in D:\xampp\htdocs\khatalink\admin\ajax_hacker_stats.php on line 102
[27-May-2026 11:02:17 Europe/Berlin] [API_HIT] /khatalink/admin/dashboard.php | Speed: 106ms | IP: ::1
[27-May-2026 11:02:23 Europe/Berlin] PHP Warning:  Undefined array key "page_url" in D:\xampp\htdocs\khatalink\admin\visitors.php on line 145
[27-May-2026 11:02:23 Europe/Berlin] PHP Warning:  Undefined array key "page_url" in D:\xampp\htdocs\khatalink\admin\visitors.php on line 146
[27-May-2026 11:02:23 Europe/Berlin] PHP Warning:  Undefined array key "user_agent" in D:\xampp\htdocs\khatalink\admin\visitors.php on line 150
[27-May-2026 11:02:23 Europe/Berlin] PHP Warning:  Undefined array key "user_agent" in D:\xampp\htdocs\khatalink\admin\visitors.php on line 151
[27-May-2026 11:02:23 Europe/Berlin] PHP Warning:  Undefined array key "page_url" in D:\xampp\htdocs\khatalink\admin\visitors.php on line 145
[27-May-2026 11:02:23 Europe/Berlin] PHP Warning:  Undefined array key "page_url" in D:\xampp\htdocs\khatalink\admin\visitors.php on line 146
[27-May-2026 11:02:23 Europe/Berlin] PHP Warning:  Undefined array key "user_agent" in D:\xampp\htdocs\khatalink\admin\visitors.php on line 150
[27-May-2026 11:02:23 Europe/Berlin] PHP Warning:  Undefined array key "user_agent" in D:\xampp\htdocs\khatalink\admin\visitors.php on line 151
[27-May-2026 11:02:23 Europe/Berlin] PHP Warning:  Undefined array key "page_url" in D:\xampp\htdocs\khatalink\admin\visitors.php on line 145
[27-May-2026 11:02:23 Europe/Berlin] PHP Warning:  Undefined array key "page_url" in D:\xampp\htdocs\khatalink\admin\visitors.php on line 146
[27-May-2026 11:02:23 Europe/Berlin] PHP Warning:  Undefined array key "user_agent" in D:\xampp\htdocs\khatalink\admin\visitors.php on line 150
[27-May-2026 11:02:23 Europe/Berlin] PHP Warning:  Undefined array key "user_agent" in D:\xampp\htdocs\khatalink\admin\visitors.php on line 151
[27-May-2026 11:02:23 Europe/Berlin] PHP Warning:  Undefined array key "page_url" in D:\xampp\htdocs\khatalink\admin\visitors.php on line 145
[27-May-2026 11:02:23 Europe/Berlin] PHP Warning:  Undefined array key "page_url" in D:\xampp\htdocs\khatalink\admin\visitors.php on line 146
[27-May-2026 11:02:23 Europe/Berlin] PHP Warning:  Undefined array key "user_agent" in D:\xampp\htdocs\khatalink\admin\visitors.php on line 150
[27-May-2026 11:02:23 Europe/Berlin] PHP Warning:  Undefined array key "user_agent" in D:\xampp\htdocs\khatalink\admin\visitors.php on line 151
[27-May-2026 11:02:23 Europe/Berlin] PHP Warning:  Undefined array key "page_url" in D:\xampp\htdocs\khatalink\admin\visitors.php on line 145
[27-May-2026 11:02:23 Europe/Berlin] PHP Warning:  Undefined array key "page_url" in D:\xampp\htdocs\khatalink\admin\visitors.php on line 146
[27-May-2026 11:02:23 Europe/Berlin] PHP Warning:  Undefined array key "user_agent" in D:\xampp\htdocs\khatalink\admin\visitors.php on line 150
[27-May-2026 11:02:23 Europe/Berlin] PHP Warning:  Undefined array key "user_agent" in D:\xampp\htdocs\khatalink\admin\visitors.php on line 151
[27-May-2026 11:02:23 Europe/Berlin] PHP Warning:  Undefined array key "page_url" in D:\xampp\htdocs\khatalink\admin\visitors.php on line 145
[27-May-2026 11:02:23 Europe/Berlin] PHP Warning:  Undefined array key "page_url" in D:\xampp\htdocs\khatalink\admin\visitors.php on line 146
[27-May-2026 11:02:23 Europe/Berlin] PHP Warning:  Undefined array key "user_agent" in D:\xampp\htdocs\khatalink\admin\visitors.php on line 150
[27-May-2026 11:02:23 Europe/Berlin] PHP Warning:  Undefined array key "user_agent" in D:\xampp\htdocs\khatalink\admin\visitors.php on line 151
[27-May-2026 11:02:23 Europe/Berlin] PHP Warning:  Undefined array key "page_url" in D:\xampp\htdocs\khatalink\admin\visitors.php on line 145
[27-May-2026 11:02:23 Europe/Berlin] PHP Warning:  Undefined array key "page_url" in D:\xampp\htdocs\khatalink\admin\visitors.php on line 146
[27-May-2026 11:02:23 Europe/Berlin] PHP Warning:  Undefined array key "user_agent" in D:\xampp\htdocs\khatalink\admin\visitors.php on line 150
[27-May-2026 11:02:23 Europe/Berlin] PHP Warning:  Undefined array key "user_agent" in D:\xampp\htdocs\khatalink\admin\visitors.php on line 151
[27-May-2026 11:02:23 Europe/Berlin] PHP Warning:  Undefined array key "page_url" in D:\xampp\htdocs\khatalink\admin\visitors.php on line 145
[27-May-2026 11:02:23 Europe/Berlin] PHP Warning:  Undefined array key "page_url" in D:\xampp\htdocs\khatalink\admin\visitors.php on line 146
[27-May-2026 11:02:23 Europe/Berlin] PHP Warning:  Undefined array key "user_agent" in D:\xampp\htdocs\khatalink\admin\visitors.php on line 150
[27-May-2026 11:02:23 Europe/Berlin] PHP Warning:  Undefined array key "user_agent" in D:\xampp\htdocs\khatalink\admin\visitors.php on line 151
[27-May-2026 11:02:23 Europe/Berlin] PHP Warning:  Undefined array key "page_url" in D:\xampp\htdocs\khatalink\admin\visitors.php on line 145
[27-May-2026 11:02:23 Europe/Berlin] PHP Warning:  Undefined array key "page_url" in D:\xampp\htdocs\khatalink\admin\visitors.php on line 146
[27-May-2026 11:02:23 Europe/Berlin] PHP Warning:  Undefined array key "user_agent" in D:\xampp\htdocs\khatalink\admin\visitors.php on line 150
[27-May-2026 11:02:23 Europe/Berlin] PHP Warning:  Undefined array key "user_agent" in D:\xampp\htdocs\khatalink\admin\visitors.php on line 151
[27-May-2026 11:02:23 Europe/Berlin] PHP Warning:  Undefined array key "page_url" in D:\xampp\htdocs\khatalink\admin\visitors.php on line 145
[27-May-2026 11:02:23 Europe/Berlin] PHP Warning:  Undefined array key "page_url" in D:\xampp\htdocs\khatalink\admin\visitors.php on line 146
[27-May-2026 11:02:23 Europe/Berlin] PHP Warning:  Undefined array key "user_agent" in D:\xampp\htdocs\khatalink\admin\visitors.php on line 150
[27-May-2026 11:02:23 Europe/Berlin] PHP Warning:  Undefined array key "user_agent" in D:\xampp\htdocs\khatalink\admin\visitors.php on line 151
[27-May-2026 11:02:23 Europe/Berlin] PHP Warning:  Undefined array key "page_url" in D:\xampp\htdocs\khatalink\admin\visitors.php on line 145
[27-May-2026 11:02:23 Europe/Berlin] PHP Warning:  Undefined array key "page_url" in D:\xampp\htdocs\khatalink\admin\visitors.php on line 146
[27-May-2026 11:02:23 Europe/Berlin] PHP Warning:  Undefined array key "user_agent" in D:\xampp\htdocs\khatalink\admin\visitors.php on line 150
[27-May-2026 11:02:23 Europe/Berlin] PHP Warning:  Undefined array key "user_agent" in D:\xampp\htdocs\khatalink\admin\visitors.php on line 151
[27-May-2026 11:02:23 Europe/Berlin] PHP Warning:  Undefined array key "page_url" in D:\xampp\htdocs\khatalink\admin\visitors.php on line 145
[27-May-2026 11:02:23 Europe/Berlin] PHP Warning:  Undefined array key "page_url" in D:\xampp\htdocs\khatalink\admin\visitors.php on line 146
[27-May-2026 11:02:23 Europe/Berlin] PHP Warning:  Undefined array key "user_agent" in D:\xampp\htdocs\khatalink\admin\visitors.php on line 150
[27-May-2026 11:02:23 Europe/Berlin] PHP Warning:  Undefined array key "user_agent" in D:\xampp\htdocs\khatalink\admin\visitors.php on line 151
[27-May-2026 11:02:23 Europe/Berlin] PHP Warning:  Undefined array key "page_url" in D:\xampp\htdocs\khatalink\admin\visitors.php on line 145
[27-May-2026 11:02:23 Europe/Berlin] PHP Warning:  Undefined array key "page_url" in D:\xampp\htdocs\khatalink\admin\visitors.php on line 146
[27-May-2026 11:02:23 Europe/Berlin] PHP Warning:  Undefined array key "user_agent" in D:\xampp\htdocs\khatalink\admin\visitors.php on line 150
[27-May-2026 11:02:23 Europe/Berlin] PHP Warning:  Undefined array key "user_agent" in D:\xampp\htdocs\khatalink\admin\visitors.php on line 151
[27-May-2026 11:02:23 Europe/Berlin] PHP Warning:  Undefined array key "page_url" in D:\xampp\htdocs\khatalink\admin\visitors.php on line 145
[27-May-2026 11:02:23 Europe/Berlin] PHP Warning:  Undefined array key "page_url" in D:\xampp\htdocs\khatalink\admin\visitors.php on line 146
[27-May-2026 11:02:23 Europe/Berlin] PHP Warning:  Undefined array key "user_agent" in D:\xampp\htdocs\khatalink\admin\visitors.php on line 150
[27-May-2026 11:02:23 Europe/Berlin] PHP Warning:  Undefined array key "user_agent" in D:\xampp\htdocs\khatalink\admin\visitors.php on line 151
[27-May-2026 11:02:23 Europe/Berlin] PHP Warning:  Undefined array key "page_url" in D:\xampp\htdocs\khatalink\admin\visitors.php on line 145
[27-May-2026 11:02:23 Europe/Berlin] PHP Warning:  Undefined array key "page_url" in D:\xampp\htdocs\khatalink\admin\visitors.php on line 146
[27-May-2026 11:02:23 Europe/Berlin] PHP Warning:  Undefined array key "user_agent" in D:\xampp\htdocs\khatalink\admin\visitors.php on line 150
[27-May-2026 11:02:23 Europe/Berlin] PHP Warning:  Undefined array key "user_agent" in D:\xampp\htdocs\khatalink\admin\visitors.php on line 151
[27-May-2026 11:02:23 Europe/Berlin] PHP Warning:  Undefined array key "page_url" in D:\xampp\htdocs\khatalink\admin\visitors.php on line 145
[27-May-2026 11:02:23 Europe/Berlin] PHP Warning:  Undefined array key "page_url" in D:\xampp\htdocs\khatalink\admin\visitors.php on line 146
[27-May-2026 11:02:23 Europe/Berlin] PHP Warning:  Undefined array key "user_agent" in D:\xampp\htdocs\khatalink\admin\visitors.php on line 150
[27-May-2026 11:02:23 Europe/Berlin] PHP Warning:  Undefined array key "user_agent" in D:\xampp\htdocs\khatalink\admin\visitors.php on line 151
[27-May-2026 11:02:23 Europe/Berlin] PHP Warning:  Undefined array key "page_url" in D:\xampp\htdocs\khatalink\admin\visitors.php on line 145
[27-May-2026 11:02:23 Europe/Berlin] PHP Warning:  Undefined array key "page_url" in D:\xampp\htdocs\khatalink\admin\visitors.php on line 146
[27-May-2026 11:02:23 Europe/Berlin] PHP Warning:  Undefined array key "user_agent" in D:\xampp\htdocs\khatalink\admin\visitors.php on line 150
[27-May-2026 11:02:23 Europe/Berlin] PHP Warning:  Undefined array key "user_agent" in D:\xampp\htdocs\khatalink\admin\visitors.php on line 151
[27-May-2026 11:02:23 Europe/Berlin] PHP Warning:  Undefined array key "page_url" in D:\xampp\htdocs\khatalink\admin\visitors.php on line 145
[27-May-2026 11:02:23 Europe/Berlin] PHP Warning:  Undefined array key "page_url" in D:\xampp\htdocs\khatalink\admin\visitors.php on line 146
[27-May-2026 11:02:23 Europe/Berlin] PHP Warning:  Undefined array key "user_agent" in D:\xampp\htdocs\khatalink\admin\visitors.php on line 150
[27-May-2026 11:02:23 Europe/Berlin] PHP Warning:  Undefined array key "user_agent" in D:\xampp\htdocs\khatalink\admin\visitors.php on line 151
[27-May-2026 11:02:23 Europe/Berlin] PHP Warning:  Undefined array key "page_url" in D:\xampp\htdocs\khatalink\admin\visitors.php on line 145
[27-May-2026 11:02:23 Europe/Berlin] PHP Warning:  Undefined array key "page_url" in D:\xampp\htdocs\khatalink\admin\visitors.php on line 146
[27-May-2026 11:02:23 Europe/Berlin] PHP Warning:  Undefined array key "user_agent" in D:\xampp\htdocs\khatalink\admin\visitors.php on line 150
[27-May-2026 11:02:23 Europe/Berlin] PHP Warning:  Undefined array key "user_agent" in D:\xampp\htdocs\khatalink\admin\visitors.php on line 151
[27-May-2026 11:02:23 Europe/Berlin] PHP Warning:  Undefined array key "page_url" in D:\xampp\htdocs\khatalink\admin\visitors.php on line 145
[27-May-2026 11:02:23 Europe/Berlin] PHP Warning:  Undefined array key "page_url" in D:\xampp\htdocs\khatalink\admin\visitors.php on line 146
[27-May-2026 11:02:23 Europe/Berlin] PHP Warning:  Undefined array key "user_agent" in D:\xampp\htdocs\khatalink\admin\visitors.php on line 150
[27-May-2026 11:02:23 Europe/Berlin] PHP Warning:  Undefined array key "user_agent" in D:\xampp\htdocs\khatalink\admin\visitors.php on line 151
[27-May-2026 11:02:23 Europe/Berlin] PHP Warning:  Undefined array key "page_url" in D:\xampp\htdocs\khatalink\admin\visitors.php on line 145
[27-May-2026 11:02:23 Europe/Berlin] PHP Warning:  Undefined array key "page_url" in D:\xampp\htdocs\khatalink\admin\visitors.php on line 146
[27-May-2026 11:02:23 Europe/Berlin] PHP Warning:  Undefined array key "user_agent" in D:\xampp\htdocs\khatalink\admin\visitors.php on line 150
[27-May-2026 11:02:23 Europe/Berlin] PHP Warning:  Undefined array key "user_agent" in D:\xampp\htdocs\khatalink\admin\visitors.php on line 151
[27-May-2026 11:02:23 Europe/Berlin] PHP Warning:  Undefined array key "page_url" in D:\xampp\htdocs\khatalink\admin\visitors.php on line 145
[27-May-2026 11:02:23 Europe/Berlin] PHP Warning:  Undefined array key "page_url" in D:\xampp\htdocs\khatalink\admin\visitors.php on line 146
[27-May-2026 11:02:23 Europe/Berlin] PHP Warning:  Undefined array key "user_agent" in D:\xampp\htdocs\khatalink\admin\visitors.php on line 150
[27-May-2026 11:02:23 Europe/Berlin] PHP Warning:  Undefined array key "user_agent" in D:\xampp\htdocs\khatalink\admin\visitors.php on line 151
[27-May-2026 11:02:23 Europe/Berlin] PHP Warning:  Undefined array key "page_url" in D:\xampp\htdocs\khatalink\admin\visitors.php on line 145
[27-May-2026 11:02:23 Europe/Berlin] PHP Warning:  Undefined array key "page_url" in D:\xampp\htdocs\khatalink\admin\visitors.php on line 146
[27-May-2026 11:02:23 Europe/Berlin] PHP Warning:  Undefined array key "user_agent" in D:\xampp\htdocs\khatalink\admin\visitors.php on line 150
[27-May-2026 11:02:23 Europe/Berlin] PHP Warning:  Undefined array key "user_agent" in D:\xampp\htdocs\khatalink\admin\visitors.php on line 151
[27-May-2026 11:02:23 Europe/Berlin] PHP Warning:  Undefined array key "page_url" in D:\xampp\htdocs\khatalink\admin\visitors.php on line 145
[27-May-2026 11:02:23 Europe/Berlin] PHP Warning:  Undefined array key "page_url" in D:\xampp\htdocs\khatalink\admin\visitors.php on line 146
[27-May-2026 11:02:23 Europe/Berlin] PHP Warning:  Undefined array key "user_agent" in D:\xampp\htdocs\khatalink\admin\visitors.php on line 150
[27-May-2026 11:02:23 Europe/Berlin] PHP Warning:  Undefined array key "user_agent" in D:\xampp\htdocs\khatalink\admin\visitors.php on line 151
[27-May-2026 11:02:23 Europe/Berlin] PHP Warning:  Undefined array key "page_url" in D:\xampp\htdocs\khatalink\admin\visitors.php on line 145
[27-May-2026 11:02:23 Europe/Berlin] PHP Warning:  Undefined array key "page_url" in D:\xampp\htdocs\khatalink\admin\visitors.php on line 146
[27-May-2026 11:02:23 Europe/Berlin] PHP Warning:  Undefined array key "user_agent" in D:\xampp\htdocs\khatalink\admin\visitors.php on line 150
[27-May-2026 11:02:23 Europe/Berlin] PHP Warning:  Undefined array key "user_agent" in D:\xampp\htdocs\khatalink\admin\visitors.php on line 151
[27-May-2026 11:02:23 Europe/Berlin] PHP Warning:  Undefined array key "page_url" in D:\xampp\htdocs\khatalink\admin\visitors.php on line 145
[27-May-2026 11:02:23 Europe/Berlin] PHP Warning:  Undefined array key "page_url" in D:\xampp\htdocs\khatalink\admin\visitors.php on line 146
[27-May-2026 11:02:23 Europe/Berlin] PHP Warning:  Undefined array key "user_agent" in D:\xampp\htdocs\khatalink\admin\visitors.php on line 150
[27-May-2026 11:02:23 Europe/Berlin] PHP Warning:  Undefined array key "user_agent" in D:\xampp\htdocs\khatalink\admin\visitors.php on line 151
[27-May-2026 11:02:23 Europe/Berlin] PHP Warning:  Undefined array key "page_url" in D:\xampp\htdocs\khatalink\admin\visitors.php on line 145
[27-May-2026 11:02:23 Europe/Berlin] PHP Warning:  Undefined array key "page_url" in D:\xampp\htdocs\khatalink\admin\visitors.php on line 146
[27-May-2026 11:02:23 Europe/Berlin] PHP Warning:  Undefined array key "user_agent" in D:\xampp\htdocs\khatalink\admin\visitors.php on line 150
[27-May-2026 11:02:23 Europe/Berlin] PHP Warning:  Undefined array key "user_agent" in D:\xampp\htdocs\khatalink\admin\visitors.php on line 151
[27-May-2026 11:02:23 Europe/Berlin] PHP Warning:  Undefined array key "page_url" in D:\xampp\htdocs\khatalink\admin\visitors.php on line 145
[27-May-2026 11:02:23 Europe/Berlin] PHP Warning:  Undefined array key "page_url" in D:\xampp\htdocs\khatalink\admin\visitors.php on line 146
[27-May-2026 11:02:23 Europe/Berlin] PHP Warning:  Undefined array key "user_agent" in D:\xampp\htdocs\khatalink\admin\visitors.php on line 150
[27-May-2026 11:02:23 Europe/Berlin] PHP Warning:  Undefined array key "user_agent" in D:\xampp\htdocs\khatalink\admin\visitors.php on line 151
[27-May-2026 11:02:23 Europe/Berlin] PHP Warning:  Undefined array key "page_url" in D:\xampp\htdocs\khatalink\admin\visitors.php on line 145
[27-May-2026 11:02:23 Europe/Berlin] PHP Warning:  Undefined array key "page_url" in D:\xampp\htdocs\khatalink\admin\visitors.php on line 146
[27-May-2026 11:02:23 Europe/Berlin] PHP Warning:  Undefined array key "user_agent" in D:\xampp\htdocs\khatalink\admin\visitors.php on line 150
[27-May-2026 11:02:23 Europe/Berlin] PHP Warning:  Undefined array key "user_agent" in D:\xampp\htdocs\khatalink\admin\visitors.php on line 151
[27-May-2026 11:02:23 Europe/Berlin] PHP Warning:  Undefined array key "page_url" in D:\xampp\htdocs\khatalink\admin\visitors.php on line 145
[27-May-2026 11:02:23 Europe/Berlin] PHP Warning:  Undefined array key "page_url" in D:\xampp\htdocs\khatalink\admin\visitors.php on line 146
[27-May-2026 11:02:23 Europe/Berlin] PHP Warning:  Undefined array key "user_agent" in D:\xampp\htdocs\khatalink\admin\visitors.php on line 150
[27-May-2026 11:02:23 Europe/Berlin] PHP Warning:  Undefined array key "user_agent" in D:\xampp\htdocs\khatalink\admin\visitors.php on line 151
[27-May-2026 11:02:23 Europe/Berlin] PHP Warning:  Undefined array key "page_url" in D:\xampp\htdocs\khatalink\admin\visitors.php on line 145
[27-May-2026 11:02:23 Europe/Berlin] PHP Warning:  Undefined array key "page_url" in D:\xampp\htdocs\khatalink\admin\visitors.php on line 146
[27-May-2026 11:02:23 Europe/Berlin] PHP Warning:  Undefined array key "user_agent" in D:\xampp\htdocs\khatalink\admin\visitors.php on line 150
[27-May-2026 11:02:23 Europe/Berlin] PHP Warning:  Undefined array key "user_agent" in D:\xampp\htdocs\khatalink\admin\visitors.php on line 151
[27-May-2026 11:02:23 Europe/Berlin] [API_HIT] /khatalink/admin/visitors.php | Speed: 486ms | IP: ::1
[27-May-2026 11:02:32 Europe/Berlin] PHP Warning:  Undefined array key "page_url" in D:\xampp\htdocs\khatalink\admin\visitors.php on line 145
[27-May-2026 11:02:32 Europe/Berlin] PHP Warning:  Undefined array key "page_url" in D:\xampp\htdocs\khatalink\admin\visitors.php on line 146
[27-May-2026 11:02:32 Europe/Berlin] PHP Warning:  Undefined array key "user_agent" in D:\xampp\htdocs\khatalink\admin\visitors.php on line 150
[27-May-2026 11:02:32 Europe/Berlin] PHP Warning:  Undefined array key "user_agent" in D:\xampp\htdocs\khatalink\admin\visitors.php on line 151
[27-May-2026 11:02:32 Europe/Berlin] PHP Warning:  Undefined array key "page_url" in D:\xampp\htdocs\khatalink\admin\visitors.php on line 145
[27-May-2026 11:02:32 Europe/Berlin] PHP Warning:  Undefined array key "page_url" in D:\xampp\htdocs\khatalink\admin\visitors.php on line 146
[27-May-2026 11:02:32 Europe/Berlin] PHP Warning:  Undefined array key "user_agent" in D:\xampp\htdocs\khatalink\admin\visitors.php on line 150
[27-May-2026 11:02:32 Europe/Berlin] PHP Warning:  Undefined array key "user_agent" in D:\xampp\htdocs\khatalink\admin\visitors.php on line 151
[27-May-2026 11:02:32 Europe/Berlin] PHP Warning:  Undefined array key "page_url" in D:\xampp\htdocs\khatalink\admin\visitors.php on line 145
[27-May-2026 11:02:32 Europe/Berlin] PHP Warning:  Undefined array key "page_url" in D:\xampp\htdocs\khatalink\admin\visitors.php on line 146
[27-May-2026 11:02:32 Europe/Berlin] PHP Warning:  Undefined array key "user_agent" in D:\xampp\htdocs\khatalink\admin\visitors.php on line 150
[27-May-2026 11:02:32 Europe/Berlin] PHP Warning:  Undefined array key "user_agent" in D:\xampp\htdocs\khatalink\admin\visitors.php on line 151
[27-May-2026 11:02:32 Europe/Berlin] PHP Warning:  Undefined array key "page_url" in D:\xampp\htdocs\khatalink\admin\visitors.php on line 145
[27-May-2026 11:02:32 Europe/Berlin] PHP Warning:  Undefined array key "page_url" in D:\xampp\htdocs\khatalink\admin\visitors.php on line 146
[27-May-2026 11:02:32 Europe/Berlin] PHP Warning:  Undefined array key "user_agent" in D:\xampp\htdocs\khatalink\admin\visitors.php on line 150
[27-May-2026 11:02:32 Europe/Berlin] PHP Warning:  Undefined array key "user_agent" in D:\xampp\htdocs\khatalink\admin\visitors.php on line 151
[27-May-2026 11:02:32 Europe/Berlin] PHP Warning:  Undefined array key "page_url" in D:\xampp\htdocs\khatalink\admin\visitors.php on line 145
[27-May-2026 11:02:32 Europe/Berlin] PHP Warning:  Undefined array key "page_url" in D:\xampp\htdocs\khatalink\admin\visitors.php on line 146
[27-May-2026 11:02:32 Europe/Berlin] PHP Warning:  Undefined array key "user_agent" in D:\xampp\htdocs\khatalink\admin\visitors.php on line 150
[27-May-2026 11:02:32 Europe/Berlin] PHP Warning:  Undefined array key "user_agent" in D:\xampp\htdocs\khatalink\admin\visitors.php on line 151
[27-May-2026 11:02:32 Europe/Berlin] PHP Warning:  Undefined array key "page_url" in D:\xampp\htdocs\khatalink\admin\visitors.php on line 145
[27-May-2026 11:02:32 Europe/Berlin] PHP Warning:  Undefined array key "page_url" in D:\xampp\htdocs\khatalink\admin\visitors.php on line 146
[27-May-2026 11:02:32 Europe/Berlin] PHP Warning:  Undefined array key "user_agent" in D:\xampp\htdocs\khatalink\admin\visitors.php on line 150
[27-May-2026 11:02:32 Europe/Berlin] PHP Warning:  Undefined array key "user_agent" in D:\xampp\htdocs\khatalink\admin\visitors.php on line 151
[27-May-2026 11:02:32 Europe/Berlin] PHP Warning:  Undefined array key "page_url" in D:\xampp\htdocs\khatalink\admin\visitors.php on line 145
[27-May-2026 11:02:32 Europe/Berlin] PHP Warning:  Undefined array key "page_url" in D:\xampp\htdocs\khatalink\admin\visitors.php on line 146
[27-May-2026 11:02:32 Europe/Berlin] PHP Warning:  Undefined array key "user_agent" in D:\xampp\htdocs\khatalink\admin\visitors.php on line 150
[27-May-2026 11:02:32 Europe/Berlin] PHP Warning:  Undefined array key "user_agent" in D:\xampp\htdocs\khatalink\admin\visitors.php on line 151
[27-May-2026 11:02:32 Europe/Berlin] PHP Warning:  Undefined array key "page_url" in D:\xampp\htdocs\khatalink\admin\visitors.php on line 145
[27-May-2026 11:02:32 Europe/Berlin] PHP Warning:  Undefined array key "page_url" in D:\xampp\htdocs\khatalink\admin\visitors.php on line 146
[27-May-2026 11:02:32 Europe/Berlin] PHP Warning:  Undefined array key "user_agent" in D:\xampp\htdocs\khatalink\admin\visitors.php on line 150
[27-May-2026 11:02:32 Europe/Berlin] PHP Warning:  Undefined array key "user_agent" in D:\xampp\htdocs\khatalink\admin\visitors.php on line 151
[27-May-2026 11:02:32 Europe/Berlin] PHP Warning:  Undefined array key "page_url" in D:\xampp\htdocs\khatalink\admin\visitors.php on line 145
[27-May-2026 11:02:32 Europe/Berlin] PHP Warning:  Undefined array key "page_url" in D:\xampp\htdocs\khatalink\admin\visitors.php on line 146
[27-May-2026 11:02:32 Europe/Berlin] PHP Warning:  Undefined array key "user_agent" in D:\xampp\htdocs\khatalink\admin\visitors.php on line 150
[27-May-2026 11:02:32 Europe/Berlin] PHP Warning:  Undefined array key "user_agent" in D:\xampp\htdocs\khatalink\admin\visitors.php on line 151
[27-May-2026 11:02:32 Europe/Berlin] PHP Warning:  Undefined array key "page_url" in D:\xampp\htdocs\khatalink\admin\visitors.php on line 145
[27-May-2026 11:02:32 Europe/Berlin] PHP Warning:  Undefined array key "page_url" in D:\xampp\htdocs\khatalink\admin\visitors.php on line 146
[27-May-2026 11:02:32 Europe/Berlin] PHP Warning:  Undefined array key "user_agent" in D:\xampp\htdocs\khatalink\admin\visitors.php on line 150
[27-May-2026 11:02:32 Europe/Berlin] PHP Warning:  Undefined array key "user_agent" in D:\xampp\htdocs\khatalink\admin\visitors.php on line 151
[27-May-2026 11:02:32 Europe/Berlin] PHP Warning:  Undefined array key "page_url" in D:\xampp\htdocs\khatalink\admin\visitors.php on line 145
[27-May-2026 11:02:32 Europe/Berlin] PHP Warning:  Undefined array key "page_url" in D:\xampp\htdocs\khatalink\admin\visitors.php on line 146
[27-May-2026 11:02:32 Europe/Berlin] PHP Warning:  Undefined array key "user_agent" in D:\xampp\htdocs\khatalink\admin\visitors.php on line 150
[27-May-2026 11:02:32 Europe/Berlin] PHP Warning:  Undefined array key "user_agent" in D:\xampp\htdocs\khatalink\admin\visitors.php on line 151
[27-May-2026 11:02:32 Europe/Berlin] PHP Warning:  Undefined array key "page_url" in D:\xampp\htdocs\khatalink\admin\visitors.php on line 145
[27-May-2026 11:02:32 Europe/Berlin] PHP Warning:  Undefined array key "page_url" in D:\xampp\htdocs\khatalink\admin\visitors.php on line 146
[27-May-2026 11:02:32 Europe/Berlin] PHP Warning:  Undefined array key "user_agent" in D:\xampp\htdocs\khatalink\admin\visitors.php on line 150
[27-May-2026 11:02:32 Europe/Berlin] PHP Warning:  Undefined array key "user_agent" in D:\xampp\htdocs\khatalink\admin\visitors.php on line 151
[27-May-2026 11:02:32 Europe/Berlin] PHP Warning:  Undefined array key "page_url" in D:\xampp\htdocs\khatalink\admin\visitors.php on line 145
[27-May-2026 11:02:32 Europe/Berlin] PHP Warning:  Undefined array key "page_url" in D:\xampp\htdocs\khatalink\admin\visitors.php on line 146
[27-May-2026 11:02:32 Europe/Berlin] PHP Warning:  Undefined array key "user_agent" in D:\xampp\htdocs\khatalink\admin\visitors.php on line 150
[27-May-2026 11:02:32 Europe/Berlin] PHP Warning:  Undefined array key "user_agent" in D:\xampp\htdocs\khatalink\admin\visitors.php on line 151
[27-May-2026 11:02:32 Europe/Berlin] PHP Warning:  Undefined array key "page_url" in D:\xampp\htdocs\khatalink\admin\visitors.php on line 145
[27-May-2026 11:02:32 Europe/Berlin] PHP Warning:  Undefined array key "page_url" in D:\xampp\htdocs\khatalink\admin\visitors.php on line 146
[27-May-2026 11:02:32 Europe/Berlin] PHP Warning:  Undefined array key "user_agent" in D:\xampp\htdocs\khatalink\admin\visitors.php on line 150
[27-May-2026 11:02:32 Europe/Berlin] PHP Warning:  Undefined array key "user_agent" in D:\xampp\htdocs\khatalink\admin\visitors.php on line 151
[27-May-2026 11:02:32 Europe/Berlin] PHP Warning:  Undefined array key "page_url" in D:\xampp\htdocs\khatalink\admin\visitors.php on line 145
[27-May-2026 11:02:32 Europe/Berlin] PHP Warning:  Undefined array key "page_url" in D:\xampp\htdocs\khatalink\admin\visitors.php on line 146
[27-May-2026 11:02:32 Europe/Berlin] PHP Warning:  Undefined array key "user_agent" in D:\xampp\htdocs\khatalink\admin\visitors.php on line 150
[27-May-2026 11:02:32 Europe/Berlin] PHP Warning:  Undefined array key "user_agent" in D:\xampp\htdocs\khatalink\admin\visitors.php on line 151
[27-May-2026 11:02:32 Europe/Berlin] PHP Warning:  Undefined array key "page_url" in D:\xampp\htdocs\khatalink\admin\visitors.php on line 145
[27-May-2026 11:02:32 Europe/Berlin] PHP Warning:  Undefined array key "page_url" in D:\xampp\htdocs\khatalink\admin\visitors.php on line 146
[27-May-2026 11:02:32 Europe/Berlin] PHP Warning:  Undefined array key "user_agent" in D:\xampp\htdocs\khatalink\admin\visitors.php on line 150
[27-May-2026 11:02:32 Europe/Berlin] PHP Warning:  Undefined array key "user_agent" in D:\xampp\htdocs\khatalink\admin\visitors.php on line 151
[27-May-2026 11:02:32 Europe/Berlin] PHP Warning:  Undefined array key "page_url" in D:\xampp\htdocs\khatalink\admin\visitors.php on line 145
[27-May-2026 11:02:32 Europe/Berlin] PHP Warning:  Undefined array key "page_url" in D:\xampp\htdocs\khatalink\admin\visitors.php on line 146
[27-May-2026 11:02:32 Europe/Berlin] PHP Warning:  Undefined array key "user_agent" in D:\xampp\htdocs\khatalink\admin\visitors.php on line 150
[27-May-2026 11:02:32 Europe/Berlin] PHP Warning:  Undefined array key "user_agent" in D:\xampp\htdocs\khatalink\admin\visitors.php on line 151
[27-May-2026 11:02:32 Europe/Berlin] PHP Warning:  Undefined array key "page_url" in D:\xampp\htdocs\khatalink\admin\visitors.php on line 145
[27-May-2026 11:02:32 Europe/Berlin] PHP Warning:  Undefined array key "page_url" in D:\xampp\htdocs\khatalink\admin\visitors.php on line 146
[27-May-2026 11:02:32 Europe/Berlin] PHP Warning:  Undefined array key "user_agent" in D:\xampp\htdocs\khatalink\admin\visitors.php on line 150
[27-May-2026 11:02:32 Europe/Berlin] PHP Warning:  Undefined array key "user_agent" in D:\xampp\htdocs\khatalink\admin\visitors.php on line 151
[27-May-2026 11:02:32 Europe/Berlin] PHP Warning:  Undefined array key "page_url" in D:\xampp\htdocs\khatalink\admin\visitors.php on line 145
[27-May-2026 11:02:32 Europe/Berlin] PHP Warning:  Undefined array key "page_url" in D:\xampp\htdocs\khatalink\admin\visitors.php on line 146
[27-May-2026 11:02:32 Europe/Berlin] PHP Warning:  Undefined array key "user_agent" in D:\xampp\htdocs\khatalink\admin\visitors.php on line 150
[27-May-2026 11:02:32 Europe/Berlin] PHP Warning:  Undefined array key "user_agent" in D:\xampp\htdocs\khatalink\admin\visitors.php on line 151
[27-May-2026 11:02:32 Europe/Berlin] PHP Warning:  Undefined array key "page_url" in D:\xampp\htdocs\khatalink\admin\visitors.php on line 145
[27-May-2026 11:02:32 Europe/Berlin] PHP Warning:  Undefined array key "page_url" in D:\xampp\htdocs\khatalink\admin\visitors.php on line 146
[27-May-2026 11:02:32 Europe/Berlin] PHP Warning:  Undefined array key "user_agent" in D:\xampp\htdocs\khatalink\admin\visitors.php on line 150
[27-May-2026 11:02:32 Europe/Berlin] PHP Warning:  Undefined array key "user_agent" in D:\xampp\htdocs\khatalink\admin\visitors.php on line 151
[27-May-2026 11:02:32 Europe/Berlin] PHP Warning:  Undefined array key "page_url" in D:\xampp\htdocs\khatalink\admin\visitors.php on line 145
[27-May-2026 11:02:32 Europe/Berlin] PHP Warning:  Undefined array key "page_url" in D:\xampp\htdocs\khatalink\admin\visitors.php on line 146
[27-May-2026 11:02:32 Europe/Berlin] PHP Warning:  Undefined array key "user_agent" in D:\xampp\htdocs\khatalink\admin\visitors.php on line 150
[27-May-2026 11:02:32 Europe/Berlin] PHP Warning:  Undefined array key "user_agent" in D:\xampp\htdocs\khatalink\admin\visitors.php on line 151
[27-May-2026 11:02:32 Europe/Berlin] PHP Warning:  Undefined array key "page_url" in D:\xampp\htdocs\khatalink\admin\visitors.php on line 145
[27-May-2026 11:02:32 Europe/Berlin] PHP Warning:  Undefined array key "page_url" in D:\xampp\htdocs\khatalink\admin\visitors.php on line 146
[27-May-2026 11:02:32 Europe/Berlin] PHP Warning:  Undefined array key "user_agent" in D:\xampp\htdocs\khatalink\admin\visitors.php on line 150
[27-May-2026 11:02:32 Europe/Berlin] PHP Warning:  Undefined array key "user_agent" in D:\xampp\htdocs\khatalink\admin\visitors.php on line 151
[27-May-2026 11:02:32 Europe/Berlin] PHP Warning:  Undefined array key "page_url" in D:\xampp\htdocs\khatalink\admin\visitors.php on line 145
[27-May-2026 11:02:32 Europe/Berlin] PHP Warning:  Undefined array key "page_url" in D:\xampp\htdocs\khatalink\admin\visitors.php on line 146
[27-May-2026 11:02:32 Europe/Berlin] PHP Warning:  Undefined array key "user_agent" in D:\xampp\htdocs\khatalink\admin\visitors.php on line 150
[27-May-2026 11:02:32 Europe/Berlin] PHP Warning:  Undefined array key "user_agent" in D:\xampp\htdocs\khatalink\admin\visitors.php on line 151
[27-May-2026 11:02:32 Europe/Berlin] PHP Warning:  Undefined array key "page_url" in D:\xampp\htdocs\khatalink\admin\visitors.php on line 145
[27-May-2026 11:02:32 Europe/Berlin] PHP Warning:  Undefined array key "page_url" in D:\xampp\htdocs\khatalink\admin\visitors.php on line 146
[27-May-2026 11:02:32 Europe/Berlin] PHP Warning:  Undefined array key "user_agent" in D:\xampp\htdocs\khatalink\admin\visitors.php on line 150
[27-May-2026 11:02:32 Europe/Berlin] PHP Warning:  Undefined array key "user_agent" in D:\xampp\htdocs\khatalink\admin\visitors.php on line 151
[27-May-2026 11:02:32 Europe/Berlin] PHP Warning:  Undefined array key "page_url" in D:\xampp\htdocs\khatalink\admin\visitors.php on line 145
[27-May-2026 11:02:32 Europe/Berlin] PHP Warning:  Undefined array key "page_url" in D:\xampp\htdocs\khatalink\admin\visitors.php on line 146
[27-May-2026 11:02:32 Europe/Berlin] PHP Warning:  Undefined array key "user_agent" in D:\xampp\htdocs\khatalink\admin\visitors.php on line 150
[27-May-2026 11:02:32 Europe/Berlin] PHP Warning:  Undefined array key "user_agent" in D:\xampp\htdocs\khatalink\admin\visitors.php on line 151
[27-May-2026 11:02:32 Europe/Berlin] PHP Warning:  Undefined array key "page_url" in D:\xampp\htdocs\khatalink\admin\visitors.php on line 145
[27-May-2026 11:02:32 Europe/Berlin] PHP Warning:  Undefined array key "page_url" in D:\xampp\htdocs\khatalink\admin\visitors.php on line 146
[27-May-2026 11:02:32 Europe/Berlin] PHP Warning:  Undefined array key "user_agent" in D:\xampp\htdocs\khatalink\admin\visitors.php on line 150
[27-May-2026 11:02:32 Europe/Berlin] PHP Warning:  Undefined array key "user_agent" in D:\xampp\htdocs\khatalink\admin\visitors.php on line 151
[27-May-2026 11:02:32 Europe/Berlin] PHP Warning:  Undefined array key "page_url" in D:\xampp\htdocs\khatalink\admin\visitors.php on line 145
[27-May-2026 11:02:32 Europe/Berlin] PHP Warning:  Undefined array key "page_url" in D:\xampp\htdocs\khatalink\admin\visitors.php on line 146
[27-May-2026 11:02:32 Europe/Berlin] PHP Warning:  Undefined array key "user_agent" in D:\xampp\htdocs\khatalink\admin\visitors.php on line 150
[27-May-2026 11:02:32 Europe/Berlin] PHP Warning:  Undefined array key "user_agent" in D:\xampp\htdocs\khatalink\admin\visitors.php on line 151
[27-May-2026 11:02:32 Europe/Berlin] PHP Warning:  Undefined array key "page_url" in D:\xampp\htdocs\khatalink\admin\visitors.php on line 145
[27-May-2026 11:02:32 Europe/Berlin] PHP Warning:  Undefined array key "page_url" in D:\xampp\htdocs\khatalink\admin\visitors.php on line 146
[27-May-2026 11:02:32 Europe/Berlin] PHP Warning:  Undefined array key "user_agent" in D:\xampp\htdocs\khatalink\admin\visitors.php on line 150
[27-May-2026 11:02:32 Europe/Berlin] PHP Warning:  Undefined array key "user_agent" in D:\xampp\htdocs\khatalink\admin\visitors.php on line 151
[27-May-2026 11:02:32 Europe/Berlin] PHP Warning:  Undefined array key "page_url" in D:\xampp\htdocs\khatalink\admin\visitors.php on line 145
[27-May-2026 11:02:32 Europe/Berlin] PHP Warning:  Undefined array key "page_url" in D:\xampp\htdocs\khatalink\admin\visitors.php on line 146
[27-May-2026 11:02:32 Europe/Berlin] PHP Warning:  Undefined array key "user_agent" in D:\xampp\htdocs\khatalink\admin\visitors.php on line 150
[27-May-2026 11:02:32 Europe/Berlin] PHP Warning:  Undefined array key "user_agent" in D:\xampp\htdocs\khatalink\admin\visitors.php on line 151
[27-May-2026 11:02:32 Europe/Berlin] PHP Warning:  Undefined array key "page_url" in D:\xampp\htdocs\khatalink\admin\visitors.php on line 145
[27-May-2026 11:02:32 Europe/Berlin] PHP Warning:  Undefined array key "page_url" in D:\xampp\htdocs\khatalink\admin\visitors.php on line 146
[27-May-2026 11:02:32 Europe/Berlin] PHP Warning:  Undefined array key "user_agent" in D:\xampp\htdocs\khatalink\admin\visitors.php on line 150
[27-May-2026 11:02:32 Europe/Berlin] PHP Warning:  Undefined array key "user_agent" in D:\xampp\htdocs\khatalink\admin\visitors.php on line 151
[27-May-2026 11:02:32 Europe/Berlin] PHP Warning:  Undefined array key "page_url" in D:\xampp\htdocs\khatalink\admin\visitors.php on line 145
[27-May-2026 11:02:32 Europe/Berlin] PHP Warning:  Undefined array key "page_url" in D:\xampp\htdocs\khatalink\admin\visitors.php on line 146
[27-May-2026 11:02:32 Europe/Berlin] PHP Warning:  Undefined array key "user_agent" in D:\xampp\htdocs\khatalink\admin\visitors.php on line 150
[27-May-2026 11:02:32 Europe/Berlin] PHP Warning:  Undefined array key "user_agent" in D:\xampp\htdocs\khatalink\admin\visitors.php on line 151
[27-May-2026 11:02:32 Europe/Berlin] [API_HIT] /khatalink/admin/visitors.php?from_date=2026-05-20&to_date=2026-05-27 | Speed: 784ms | IP: ::1
[27-May-2026 11:02:45 Europe/Berlin] PHP Warning:  Undefined array key "page_url" in D:\xampp\htdocs\khatalink\admin\visitors.php on line 145
[27-May-2026 11:02:45 Europe/Berlin] PHP Warning:  Undefined array key "page_url" in D:\xampp\htdocs\khatalink\admin\visitors.php on line 146
[27-May-2026 11:02:45 Europe/Berlin] PHP Warning:  Undefined array key "user_agent" in D:\xampp\htdocs\khatalink\admin\visitors.php on line 150
[27-May-2026 11:02:45 Europe/Berlin] PHP Warning:  Undefined array key "user_agent" in D:\xampp\htdocs\khatalink\admin\visitors.php on line 151
[27-May-2026 11:02:46 Europe/Berlin] PHP Warning:  Undefined array key "page_url" in D:\xampp\htdocs\khatalink\admin\visitors.php on line 145
[27-May-2026 11:02:46 Europe/Berlin] PHP Warning:  Undefined array key "page_url" in D:\xampp\htdocs\khatalink\admin\visitors.php on line 146
[27-May-2026 11:02:46 Europe/Berlin] PHP Warning:  Undefined array key "user_agent" in D:\xampp\htdocs\khatalink\admin\visitors.php on line 150
[27-May-2026 11:02:46 Europe/Berlin] PHP Warning:  Undefined array key "user_agent" in D:\xampp\htdocs\khatalink\admin\visitors.php on line 151
[27-May-2026 11:02:46 Europe/Berlin] PHP Warning:  Undefined array key "page_url" in D:\xampp\htdocs\khatalink\admin\visitors.php on line 145
[27-May-2026 11:02:46 Europe/Berlin] PHP Warning:  Undefined array key "page_url" in D:\xampp\htdocs\khatalink\admin\visitors.php on line 146
[27-May-2026 11:02:46 Europe/Berlin] PHP Warning:  Undefined array key "user_agent" in D:\xampp\htdocs\khatalink\admin\visitors.php on line 150
[27-May-2026 11:02:46 Europe/Berlin] PHP Warning:  Undefined array key "user_agent" in D:\xampp\htdocs\khatalink\admin\visitors.php on line 151
[27-May-2026 11:02:46 Europe/Berlin] PHP Warning:  Undefined array key "page_url" in D:\xampp\htdocs\khatalink\admin\visitors.php on line 145
[27-May-2026 11:02:46 Europe/Berlin] PHP Warning:  Undefined array key "page_url" in D:\xampp\htdocs\khatalink\admin\visitors.php on line 146
[27-May-2026 11:02:46 Europe/Berlin] PHP Warning:  Undefined array key "user_agent" in D:\xampp\htdocs\khatalink\admin\visitors.php on line 150
[27-May-2026 11:02:46 Europe/Berlin] PHP Warning:  Undefined array key "user_agent" in D:\xampp\htdocs\khatalink\admin\visitors.php on line 151
[27-May-2026 11:02:46 Europe/Berlin] PHP Warning:  Undefined array key "page_url" in D:\xampp\htdocs\khatalink\admin\visitors.php on line 145
[27-May-2026 11:02:46 Europe/Berlin] PHP Warning:  Undefined array key "page_url" in D:\xampp\htdocs\khatalink\admin\visitors.php on line 146
[27-May-2026 11:02:46 Europe/Berlin] PHP Warning:  Undefined array key "user_agent" in D:\xampp\htdocs\khatalink\admin\visitors.php on line 150
[27-May-2026 11:02:46 Europe/Berlin] PHP Warning:  Undefined array key "user_agent" in D:\xampp\htdocs\khatalink\admin\visitors.php on line 151
[27-May-2026 11:02:46 Europe/Berlin] PHP Warning:  Undefined array key "page_url" in D:\xampp\htdocs\khatalink\admin\visitors.php on line 145
[27-May-2026 11:02:46 Europe/Berlin] PHP Warning:  Undefined array key "page_url" in D:\xampp\htdocs\khatalink\admin\visitors.php on line 146
[27-May-2026 11:02:46 Europe/Berlin] PHP Warning:  Undefined array key "user_agent" in D:\xampp\htdocs\khatalink\admin\visitors.php on line 150
[27-May-2026 11:02:46 Europe/Berlin] PHP Warning:  Undefined array key "user_agent" in D:\xampp\htdocs\khatalink\admin\visitors.php on line 151
[27-May-2026 11:02:46 Europe/Berlin] PHP Warning:  Undefined array key "page_url" in D:\xampp\htdocs\khatalink\admin\visitors.php on line 145
[27-May-2026 11:02:46 Europe/Berlin] PHP Warning:  Undefined array key "page_url" in D:\xampp\htdocs\khatalink\admin\visitors.php on line 146
[27-May-2026 11:02:46 Europe/Berlin] PHP Warning:  Undefined array key "user_agent" in D:\xampp\htdocs\khatalink\admin\visitors.php on line 150
[27-May-2026 11:02:46 Europe/Berlin] PHP Warning:  Undefined array key "user_agent" in D:\xampp\htdocs\khatalink\admin\visitors.php on line 151
[27-May-2026 11:02:46 Europe/Berlin] PHP Warning:  Undefined array key "page_url" in D:\xampp\htdocs\khatalink\admin\visitors.php on line 145
[27-May-2026 11:02:46 Europe/Berlin] PHP Warning:  Undefined array key "page_url" in D:\xampp\htdocs\khatalink\admin\visitors.php on line 146
[27-May-2026 11:02:46 Europe/Berlin] PHP Warning:  Undefined array key "user_agent" in D:\xampp\htdocs\khatalink\admin\visitors.php on line 150
[27-May-2026 11:02:46 Europe/Berlin] PHP Warning:  Undefined array key "user_agent" in D:\xampp\htdocs\khatalink\admin\visitors.php on line 151
[27-May-2026 11:02:46 Europe/Berlin] PHP Warning:  Undefined array key "page_url" in D:\xampp\htdocs\khatalink\admin\visitors.php on line 145
[27-May-2026 11:02:46 Europe/Berlin] PHP Warning:  Undefined array key "page_url" in D:\xampp\htdocs\khatalink\admin\visitors.php on line 146
[27-May-2026 11:02:46 Europe/Berlin] PHP Warning:  Undefined array key "user_agent" in D:\xampp\htdocs\khatalink\admin\visitors.php on line 150
[27-May-2026 11:02:46 Europe/Berlin] PHP Warning:  Undefined array key "user_agent" in D:\xampp\htdocs\khatalink\admin\visitors.php on line 151
[27-May-2026 11:02:46 Europe/Berlin] PHP Warning:  Undefined array key "page_url" in D:\xampp\htdocs\khatalink\admin\visitors.php on line 145
[27-May-2026 11:02:46 Europe/Berlin] PHP Warning:  Undefined array key "page_url" in D:\xampp\htdocs\khatalink\admin\visitors.php on line 146
[27-May-2026 11:02:46 Europe/Berlin] PHP Warning:  Undefined array key "user_agent" in D:\xampp\htdocs\khatalink\admin\visitors.php on line 150
[27-May-2026 11:02:46 Europe/Berlin] PHP Warning:  Undefined array key "user_agent" in D:\xampp\htdocs\khatalink\admin\visitors.php on line 151
[27-May-2026 11:02:46 Europe/Berlin] PHP Warning:  Undefined array key "page_url" in D:\xampp\htdocs\khatalink\admin\visitors.php on line 145
[27-May-2026 11:02:46 Europe/Berlin] PHP Warning:  Undefined array key "page_url" in D:\xampp\htdocs\khatalink\admin\visitors.php on line 146
[27-May-2026 11:02:46 Europe/Berlin] PHP Warning:  Undefined array key "user_agent" in D:\xampp\htdocs\khatalink\admin\visitors.php on line 150
[27-May-2026 11:02:46 Europe/Berlin] PHP Warning:  Undefined array key "user_agent" in D:\xampp\htdocs\khatalink\admin\visitors.php on line 151
[27-May-2026 11:02:46 Europe/Berlin] PHP Warning:  Undefined array key "page_url" in D:\xampp\htdocs\khatalink\admin\visitors.php on line 145
[27-May-2026 11:02:46 Europe/Berlin] PHP Warning:  Undefined array key "page_url" in D:\xampp\htdocs\khatalink\admin\visitors.php on line 146
[27-May-2026 11:02:46 Europe/Berlin] PHP Warning:  Undefined array key "user_agent" in D:\xampp\htdocs\khatalink\admin\visitors.php on line 150
[27-May-2026 11:02:46 Europe/Berlin] PHP Warning:  Undefined array key "user_agent" in D:\xampp\htdocs\khatalink\admin\visitors.php on line 151
[27-May-2026 11:02:46 Europe/Berlin] PHP Warning:  Undefined array key "page_url" in D:\xampp\htdocs\khatalink\admin\visitors.php on line 145
[27-May-2026 11:02:46 Europe/Berlin] PHP Warning:  Undefined array key "page_url" in D:\xampp\htdocs\khatalink\admin\visitors.php on line 146
[27-May-2026 11:02:46 Europe/Berlin] PHP Warning:  Undefined array key "user_agent" in D:\xampp\htdocs\khatalink\admin\visitors.php on line 150
[27-May-2026 11:02:46 Europe/Berlin] PHP Warning:  Undefined array key "user_agent" in D:\xampp\htdocs\khatalink\admin\visitors.php on line 151
[27-May-2026 11:02:46 Europe/Berlin] PHP Warning:  Undefined array key "page_url" in D:\xampp\htdocs\khatalink\admin\visitors.php on line 145
[27-May-2026 11:02:46 Europe/Berlin] PHP Warning:  Undefined array key "page_url" in D:\xampp\htdocs\khatalink\admin\visitors.php on line 146
[27-May-2026 11:02:46 Europe/Berlin] PHP Warning:  Undefined array key "user_agent" in D:\xampp\htdocs\khatalink\admin\visitors.php on line 150
[27-May-2026 11:02:46 Europe/Berlin] PHP Warning:  Undefined array key "user_agent" in D:\xampp\htdocs\khatalink\admin\visitors.php on line 151
[27-May-2026 11:02:46 Europe/Berlin] PHP Warning:  Undefined array key "page_url" in D:\xampp\htdocs\khatalink\admin\visitors.php on line 145
[27-May-2026 11:02:46 Europe/Berlin] PHP Warning:  Undefined array key "page_url" in D:\xampp\htdocs\khatalink\admin\visitors.php on line 146
[27-May-2026 11:02:46 Europe/Berlin] PHP Warning:  Undefined array key "user_agent" in D:\xampp\htdocs\khatalink\admin\visitors.php on line 150
[27-May-2026 11:02:46 Europe/Berlin] PHP Warning:  Undefined array key "user_agent" in D:\xampp\htdocs\khatalink\admin\visitors.php on line 151
[27-May-2026 11:02:46 Europe/Berlin] PHP Warning:  Undefined array key "page_url" in D:\xampp\htdocs\khatalink\admin\visitors.php on line 145
[27-May-2026 11:02:46 Europe/Berlin] PHP Warning:  Undefined array key "page_url" in D:\xampp\htdocs\khatalink\admin\visitors.php on line 146
[27-May-2026 11:02:46 Europe/Berlin] PHP Warning:  Undefined array key "user_agent" in D:\xampp\htdocs\khatalink\admin\visitors.php on line 150
[27-May-2026 11:02:46 Europe/Berlin] PHP Warning:  Undefined array key "user_agent" in D:\xampp\htdocs\khatalink\admin\visitors.php on line 151
[27-May-2026 11:02:46 Europe/Berlin] PHP Warning:  Undefined array key "page_url" in D:\xampp\htdocs\khatalink\admin\visitors.php on line 145
[27-May-2026 11:02:46 Europe/Berlin] PHP Warning:  Undefined array key "page_url" in D:\xampp\htdocs\khatalink\admin\visitors.php on line 146
[27-May-2026 11:02:46 Europe/Berlin] PHP Warning:  Undefined array key "user_agent" in D:\xampp\htdocs\khatalink\admin\visitors.php on line 150
[27-May-2026 11:02:46 Europe/Berlin] PHP Warning:  Undefined array key "user_agent" in D:\xampp\htdocs\khatalink\admin\visitors.php on line 151
[27-May-2026 11:02:46 Europe/Berlin] PHP Warning:  Undefined array key "page_url" in D:\xampp\htdocs\khatalink\admin\visitors.php on line 145
[27-May-2026 11:02:46 Europe/Berlin] PHP Warning:  Undefined array key "page_url" in D:\xampp\htdocs\khatalink\admin\visitors.php on line 146
[27-May-2026 11:02:46 Europe/Berlin] PHP Warning:  Undefined array key "user_agent" in D:\xampp\htdocs\khatalink\admin\visitors.php on line 150
[27-May-2026 11:02:46 Europe/Berlin] PHP Warning:  Undefined array key "user_agent" in D:\xampp\htdocs\khatalink\admin\visitors.php on line 151
[27-May-2026 11:02:46 Europe/Berlin] PHP Warning:  Undefined array key "page_url" in D:\xampp\htdocs\khatalink\admin\visitors.php on line 145
[27-May-2026 11:02:46 Europe/Berlin] PHP Warning:  Undefined array key "page_url" in D:\xampp\htdocs\khatalink\admin\visitors.php on line 146
[27-May-2026 11:02:46 Europe/Berlin] PHP Warning:  Undefined array key "user_agent" in D:\xampp\htdocs\khatalink\admin\visitors.php on line 150
[27-May-2026 11:02:46 Europe/Berlin] PHP Warning:  Undefined array key "user_agent" in D:\xampp\htdocs\khatalink\admin\visitors.php on line 151
[27-May-2026 11:02:46 Europe/Berlin] PHP Warning:  Undefined array key "page_url" in D:\xampp\htdocs\khatalink\admin\visitors.php on line 145
[27-May-2026 11:02:46 Europe/Berlin] PHP Warning:  Undefined array key "page_url" in D:\xampp\htdocs\khatalink\admin\visitors.php on line 146
[27-May-2026 11:02:46 Europe/Berlin] PHP Warning:  Undefined array key "user_agent" in D:\xampp\htdocs\khatalink\admin\visitors.php on line 150
[27-May-2026 11:02:46 Europe/Berlin] PHP Warning:  Undefined array key "user_agent" in D:\xampp\htdocs\khatalink\admin\visitors.php on line 151
[27-May-2026 11:02:46 Europe/Berlin] PHP Warning:  Undefined array key "page_url" in D:\xampp\htdocs\khatalink\admin\visitors.php on line 145
[27-May-2026 11:02:46 Europe/Berlin] PHP Warning:  Undefined array key "page_url" in D:\xampp\htdocs\khatalink\admin\visitors.php on line 146
[27-May-2026 11:02:46 Europe/Berlin] PHP Warning:  Undefined array key "user_agent" in D:\xampp\htdocs\khatalink\admin\visitors.php on line 150
[27-May-2026 11:02:46 Europe/Berlin] PHP Warning:  Undefined array key "user_agent" in D:\xampp\htdocs\khatalink\admin\visitors.php on line 151
[27-May-2026 11:02:46 Europe/Berlin] PHP Warning:  Undefined array key "page_url" in D:\xampp\htdocs\khatalink\admin\visitors.php on line 145
[27-May-2026 11:02:46 Europe/Berlin] PHP Warning:  Undefined array key "page_url" in D:\xampp\htdocs\khatalink\admin\visitors.php on line 146
[27-May-2026 11:02:46 Europe/Berlin] PHP Warning:  Undefined array key "user_agent" in D:\xampp\htdocs\khatalink\admin\visitors.php on line 150
[27-May-2026 11:02:46 Europe/Berlin] PHP Warning:  Undefined array key "user_agent" in D:\xampp\htdocs\khatalink\admin\visitors.php on line 151
[27-May-2026 11:02:46 Europe/Berlin] PHP Warning:  Undefined array key "page_url" in D:\xampp\htdocs\khatalink\admin\visitors.php on line 145
[27-May-2026 11:02:46 Europe/Berlin] PHP Warning:  Undefined array key "page_url" in D:\xampp\htdocs\khatalink\admin\visitors.php on line 146
[27-May-2026 11:02:46 Europe/Berlin] PHP Warning:  Undefined array key "user_agent" in D:\xampp\htdocs\khatalink\admin\visitors.php on line 150
[27-May-2026 11:02:46 Europe/Berlin] PHP Warning:  Undefined array key "user_agent" in D:\xampp\htdocs\khatalink\admin\visitors.php on line 151
[27-May-2026 11:02:46 Europe/Berlin] PHP Warning:  Undefined array key "page_url" in D:\xampp\htdocs\khatalink\admin\visitors.php on line 145
[27-May-2026 11:02:46 Europe/Berlin] PHP Warning:  Undefined array key "page_url" in D:\xampp\htdocs\khatalink\admin\visitors.php on line 146
[27-May-2026 11:02:46 Europe/Berlin] PHP Warning:  Undefined array key "user_agent" in D:\xampp\htdocs\khatalink\admin\visitors.php on line 150
[27-May-2026 11:02:46 Europe/Berlin] PHP Warning:  Undefined array key "user_agent" in D:\xampp\htdocs\khatalink\admin\visitors.php on line 151
[27-May-2026 11:02:46 Europe/Berlin] PHP Warning:  Undefined array key "page_url" in D:\xampp\htdocs\khatalink\admin\visitors.php on line 145
[27-May-2026 11:02:46 Europe/Berlin] PHP Warning:  Undefined array key "page_url" in D:\xampp\htdocs\khatalink\admin\visitors.php on line 146
[27-May-2026 11:02:46 Europe/Berlin] PHP Warning:  Undefined array key "user_agent" in D:\xampp\htdocs\khatalink\admin\visitors.php on line 150
[27-May-2026 11:02:46 Europe/Berlin] PHP Warning:  Undefined array key "user_agent" in D:\xampp\htdocs\khatalink\admin\visitors.php on line 151
[27-May-2026 11:02:46 Europe/Berlin] PHP Warning:  Undefined array key "page_url" in D:\xampp\htdocs\khatalink\admin\visitors.php on line 145
[27-May-2026 11:02:46 Europe/Berlin] PHP Warning:  Undefined array key "page_url" in D:\xampp\htdocs\khatalink\admin\visitors.php on line 146
[27-May-2026 11:02:46 Europe/Berlin] PHP Warning:  Undefined array key "user_agent" in D:\xampp\htdocs\khatalink\admin\visitors.php on line 150
[27-May-2026 11:02:46 Europe/Berlin] PHP Warning:  Undefined array key "user_agent" in D:\xampp\htdocs\khatalink\admin\visitors.php on line 151
[27-May-2026 11:02:46 Europe/Berlin] PHP Warning:  Undefined array key "page_url" in D:\xampp\htdocs\khatalink\admin\visitors.php on line 145
[27-May-2026 11:02:46 Europe/Berlin] PHP Warning:  Undefined array key "page_url" in D:\xampp\htdocs\khatalink\admin\visitors.php on line 146
[27-May-2026 11:02:46 Europe/Berlin] PHP Warning:  Undefined array key "user_agent" in D:\xampp\htdocs\khatalink\admin\visitors.php on line 150
[27-May-2026 11:02:46 Europe/Berlin] PHP Warning:  Undefined array key "user_agent" in D:\xampp\htdocs\khatalink\admin\visitors.php on line 151
[27-May-2026 11:02:46 Europe/Berlin] PHP Warning:  Undefined array key "page_url" in D:\xampp\htdocs\khatalink\admin\visitors.php on line 145
[27-May-2026 11:02:46 Europe/Berlin] PHP Warning:  Undefined array key "page_url" in D:\xampp\htdocs\khatalink\admin\visitors.php on line 146
[27-May-2026 11:02:46 Europe/Berlin] PHP Warning:  Undefined array key "user_agent" in D:\xampp\htdocs\khatalink\admin\visitors.php on line 150
[27-May-2026 11:02:46 Europe/Berlin] PHP Warning:  Undefined array key "user_agent" in D:\xampp\htdocs\khatalink\admin\visitors.php on line 151
[27-May-2026 11:02:46 Europe/Berlin] PHP Warning:  Undefined array key "page_url" in D:\xampp\htdocs\khatalink\admin\visitors.php on line 145
[27-May-2026 11:02:46 Europe/Berlin] PHP Warning:  Undefined array key "page_url" in D:\xampp\htdocs\khatalink\admin\visitors.php on line 146
[27-May-2026 11:02:46 Europe/Berlin] PHP Warning:  Undefined array key "user_agent" in D:\xampp\htdocs\khatalink\admin\visitors.php on line 150
[27-May-2026 11:02:46 Europe/Berlin] PHP Warning:  Undefined array key "user_agent" in D:\xampp\htdocs\khatalink\admin\visitors.php on line 151
[27-May-2026 11:02:46 Europe/Berlin] PHP Warning:  Undefined array key "page_url" in D:\xampp\htdocs\khatalink\admin\visitors.php on line 145
[27-May-2026 11:02:46 Europe/Berlin] PHP Warning:  Undefined array key "page_url" in D:\xampp\htdocs\khatalink\admin\visitors.php on line 146
[27-May-2026 11:02:46 Europe/Berlin] PHP Warning:  Undefined array key "user_agent" in D:\xampp\htdocs\khatalink\admin\visitors.php on line 150
[27-May-2026 11:02:46 Europe/Berlin] PHP Warning:  Undefined array key "user_agent" in D:\xampp\htdocs\khatalink\admin\visitors.php on line 151
[27-May-2026 11:02:46 Europe/Berlin] PHP Warning:  Undefined array key "page_url" in D:\xampp\htdocs\khatalink\admin\visitors.php on line 145
[27-May-2026 11:02:46 Europe/Berlin] PHP Warning:  Undefined array key "page_url" in D:\xampp\htdocs\khatalink\admin\visitors.php on line 146
[27-May-2026 11:02:46 Europe/Berlin] PHP Warning:  Undefined array key "user_agent" in D:\xampp\htdocs\khatalink\admin\visitors.php on line 150
[27-May-2026 11:02:46 Europe/Berlin] PHP Warning:  Undefined array key "user_agent" in D:\xampp\htdocs\khatalink\admin\visitors.php on line 151
[27-May-2026 11:02:46 Europe/Berlin] PHP Warning:  Undefined array key "page_url" in D:\xampp\htdocs\khatalink\admin\visitors.php on line 145
[27-May-2026 11:02:46 Europe/Berlin] PHP Warning:  Undefined array key "page_url" in D:\xampp\htdocs\khatalink\admin\visitors.php on line 146
[27-May-2026 11:02:46 Europe/Berlin] PHP Warning:  Undefined array key "user_agent" in D:\xampp\htdocs\khatalink\admin\visitors.php on line 150
[27-May-2026 11:02:46 Europe/Berlin] PHP Warning:  Undefined array key "user_agent" in D:\xampp\htdocs\khatalink\admin\visitors.php on line 151
[27-May-2026 11:02:46 Europe/Berlin] PHP Warning:  Undefined array key "page_url" in D:\xampp\htdocs\khatalink\admin\visitors.php on line 145
[27-May-2026 11:02:46 Europe/Berlin] PHP Warning:  Undefined array key "page_url" in D:\xampp\htdocs\khatalink\admin\visitors.php on line 146
[27-May-2026 11:02:46 Europe/Berlin] PHP Warning:  Undefined array key "user_agent" in D:\xampp\htdocs\khatalink\admin\visitors.php on line 150
[27-May-2026 11:02:46 Europe/Berlin] PHP Warning:  Undefined array key "user_agent" in D:\xampp\htdocs\khatalink\admin\visitors.php on line 151
[27-May-2026 11:02:46 Europe/Berlin] PHP Warning:  Undefined array key "page_url" in D:\xampp\htdocs\khatalink\admin\visitors.php on line 145
[27-May-2026 11:02:46 Europe/Berlin] PHP Warning:  Undefined array key "page_url" in D:\xampp\htdocs\khatalink\admin\visitors.php on line 146
[27-May-2026 11:02:46 Europe/Berlin] PHP Warning:  Undefined array key "user_agent" in D:\xampp\htdocs\khatalink\admin\visitors.php on line 150
[27-May-2026 11:02:46 Europe/Berlin] PHP Warning:  Undefined array key "user_agent" in D:\xampp\htdocs\khatalink\admin\visitors.php on line 151
[27-May-2026 11:02:46 Europe/Berlin] PHP Warning:  Undefined array key "page_url" in D:\xampp\htdocs\khatalink\admin\visitors.php on line 145
[27-May-2026 11:02:46 Europe/Berlin] PHP Warning:  Undefined array key "page_url" in D:\xampp\htdocs\khatalink\admin\visitors.php on line 146
[27-May-2026 11:02:46 Europe/Berlin] PHP Warning:  Undefined array key "user_agent" in D:\xampp\htdocs\khatalink\admin\visitors.php on line 150
[27-May-2026 11:02:46 Europe/Berlin] PHP Warning:  Undefined array key "user_agent" in D:\xampp\htdocs\khatalink\admin\visitors.php on line 151
[27-May-2026 11:02:46 Europe/Berlin] PHP Warning:  Undefined array key "page_url" in D:\xampp\htdocs\khatalink\admin\visitors.php on line 145
[27-May-2026 11:02:46 Europe/Berlin] PHP Warning:  Undefined array key "page_url" in D:\xampp\htdocs\khatalink\admin\visitors.php on line 146
[27-May-2026 11:02:46 Europe/Berlin] PHP Warning:  Undefined array key "user_agent" in D:\xampp\htdocs\khatalink\admin\visitors.php on line 150
[27-May-2026 11:02:46 Europe/Berlin] PHP Warning:  Undefined array key "user_agent" in D:\xampp\htdocs\khatalink\admin\visitors.php on line 151
[27-May-2026 11:02:46 Europe/Berlin] PHP Warning:  Undefined array key "page_url" in D:\xampp\htdocs\khatalink\admin\visitors.php on line 145
[27-May-2026 11:02:46 Europe/Berlin] PHP Warning:  Undefined array key "page_url" in D:\xampp\htdocs\khatalink\admin\visitors.php on line 146
[27-May-2026 11:02:46 Europe/Berlin] PHP Warning:  Undefined array key "user_agent" in D:\xampp\htdocs\khatalink\admin\visitors.php on line 150
[27-May-2026 11:02:46 Europe/Berlin] PHP Warning:  Undefined array key "user_agent" in D:\xampp\htdocs\khatalink\admin\visitors.php on line 151
[27-May-2026 11:02:46 Europe/Berlin] PHP Warning:  Undefined array key "page_url" in D:\xampp\htdocs\khatalink\admin\visitors.php on line 145
[27-May-2026 11:02:46 Europe/Berlin] PHP Warning:  Undefined array key "page_url" in D:\xampp\htdocs\khatalink\admin\visitors.php on line 146
[27-May-2026 11:02:46 Europe/Berlin] PHP Warning:  Undefined array key "user_agent" in D:\xampp\htdocs\khatalink\admin\visitors.php on line 150
[27-May-2026 11:02:46 Europe/Berlin] PHP Warning:  Undefined array key "user_agent" in D:\xampp\htdocs\khatalink\admin\visitors.php on line 151
[27-May-2026 11:02:46 Europe/Berlin] PHP Warning:  Undefined array key "page_url" in D:\xampp\htdocs\khatalink\admin\visitors.php on line 145
[27-May-2026 11:02:46 Europe/Berlin] PHP Warning:  Undefined array key "page_url" in D:\xampp\htdocs\khatalink\admin\visitors.php on line 146
[27-May-2026 11:02:46 Europe/Berlin] PHP Warning:  Undefined array key "user_agent" in D:\xampp\htdocs\khatalink\admin\visitors.php on line 150
[27-May-2026 11:02:46 Europe/Berlin] PHP Warning:  Undefined array key "user_agent" in D:\xampp\htdocs\khatalink\admin\visitors.php on line 151
[27-May-2026 11:02:46 Europe/Berlin] PHP Warning:  Undefined array key "page_url" in D:\xampp\htdocs\khatalink\admin\visitors.php on line 145
[27-May-2026 11:02:46 Europe/Berlin] PHP Warning:  Undefined array key "page_url" in D:\xampp\htdocs\khatalink\admin\visitors.php on line 146
[27-May-2026 11:02:46 Europe/Berlin] PHP Warning:  Undefined array key "user_agent" in D:\xampp\htdocs\khatalink\admin\visitors.php on line 150
[27-May-2026 11:02:46 Europe/Berlin] PHP Warning:  Undefined array key "user_agent" in D:\xampp\htdocs\khatalink\admin\visitors.php on line 151
[27-May-2026 11:02:46 Europe/Berlin] PHP Warning:  Undefined array key "page_url" in D:\xampp\htdocs\khatalink\admin\visitors.php on line 145
[27-May-2026 11:02:46 Europe/Berlin] PHP Warning:  Undefined array key "page_url" in D:\xampp\htdocs\khatalink\admin\visitors.php on line 146
[27-May-2026 11:02:46 Europe/Berlin] PHP Warning:  Undefined array key "user_agent" in D:\xampp\htdocs\khatalink\admin\visitors.php on line 150
[27-May-2026 11:02:46 Europe/Berlin] PHP Warning:  Undefined array key "user_agent" in D:\xampp\htdocs\khatalink\admin\visitors.php on line 151
[27-May-2026 11:02:46 Europe/Berlin] PHP Warning:  Undefined array key "page_url" in D:\xampp\htdocs\khatalink\admin\visitors.php on line 145
[27-May-2026 11:02:46 Europe/Berlin] PHP Warning:  Undefined array key "page_url" in D:\xampp\htdocs\khatalink\admin\visitors.php on line 146
[27-May-2026 11:02:46 Europe/Berlin] PHP Warning:  Undefined array key "user_agent" in D:\xampp\htdocs\khatalink\admin\visitors.php on line 150
[27-May-2026 11:02:46 Europe/Berlin] PHP Warning:  Undefined array key "user_agent" in D:\xampp\htdocs\khatalink\admin\visitors.php on line 151
[27-May-2026 11:02:46 Europe/Berlin] PHP Warning:  Undefined array key "page_url" in D:\xampp\htdocs\khatalink\admin\visitors.php on line 145
[27-May-2026 11:02:46 Europe/Berlin] PHP Warning:  Undefined array key "page_url" in D:\xampp\htdocs\khatalink\admin\visitors.php on line 146
[27-May-2026 11:02:46 Europe/Berlin] PHP Warning:  Undefined array key "user_agent" in D:\xampp\htdocs\khatalink\admin\visitors.php on line 150
[27-May-2026 11:02:46 Europe/Berlin] PHP Warning:  Undefined array key "user_agent" in D:\xampp\htdocs\khatalink\admin\visitors.php on line 151
[27-May-2026 11:02:46 Europe/Berlin] PHP Warning:  Undefined array key "page_url" in D:\xampp\htdocs\khatalink\admin\visitors.php on line 145
[27-May-2026 11:02:46 Europe/Berlin] PHP Warning:  Undefined array key "page_url" in D:\xampp\htdocs\khatalink\admin\visitors.php on line 146
[27-May-2026 11:02:46 Europe/Berlin] PHP Warning:  Undefined array key "user_agent" in D:\xampp\htdocs\khatalink\admin\visitors.php on line 150
[27-May-2026 11:02:46 Europe/Berlin] PHP Warning:  Undefined array key "user_agent" in D:\xampp\htdocs\khatalink\admin\visitors.php on line 151
[27-May-2026 11:02:46 Europe/Berlin] PHP Warning:  Undefined array key "page_url" in D:\xampp\htdocs\khatalink\admin\visitors.php on line 145
[27-May-2026 11:02:46 Europe/Berlin] PHP Warning:  Undefined array key "page_url" in D:\xampp\htdocs\khatalink\admin\visitors.php on line 146
[27-May-2026 11:02:46 Europe/Berlin] PHP Warning:  Undefined array key "user_agent" in D:\xampp\htdocs\khatalink\admin\visitors.php on line 150
[27-May-2026 11:02:46 Europe/Berlin] PHP Warning:  Undefined array key "user_agent" in D:\xampp\htdocs\khatalink\admin\visitors.php on line 151
[27-May-2026 11:02:46 Europe/Berlin] PHP Warning:  Undefined array key "page_url" in D:\xampp\htdocs\khatalink\admin\visitors.php on line 145
[27-May-2026 11:02:46 Europe/Berlin] PHP Warning:  Undefined array key "page_url" in D:\xampp\htdocs\khatalink\admin\visitors.php on line 146
[27-May-2026 11:02:46 Europe/Berlin] PHP Warning:  Undefined array key "user_agent" in D:\xampp\htdocs\khatalink\admin\visitors.php on line 150
[27-May-2026 11:02:46 Europe/Berlin] PHP Warning:  Undefined array key "user_agent" in D:\xampp\htdocs\khatalink\admin\visitors.php on line 151
[27-May-2026 11:02:46 Europe/Berlin] PHP Warning:  Undefined array key "page_url" in D:\xampp\htdocs\khatalink\admin\visitors.php on line 145
[27-May-2026 11:02:46 Europe/Berlin] PHP Warning:  Undefined array key "page_url" in D:\xampp\htdocs\khatalink\admin\visitors.php on line 146
[27-May-2026 11:02:46 Europe/Berlin] PHP Warning:  Undefined array key "user_agent" in D:\xampp\htdocs\khatalink\admin\visitors.php on line 150
[27-May-2026 11:02:46 Europe/Berlin] PHP Warning:  Undefined array key "user_agent" in D:\xampp\htdocs\khatalink\admin\visitors.php on line 151
[27-May-2026 11:02:46 Europe/Berlin] PHP Warning:  Undefined array key "page_url" in D:\xampp\htdocs\khatalink\admin\visitors.php on line 145
[27-May-2026 11:02:46 Europe/Berlin] PHP Warning:  Undefined array key "page_url" in D:\xampp\htdocs\khatalink\admin\visitors.php on line 146
[27-May-2026 11:02:46 Europe/Berlin] PHP Warning:  Undefined array key "user_agent" in D:\xampp\htdocs\khatalink\admin\visitors.php on line 150
[27-May-2026 11:02:46 Europe/Berlin] PHP Warning:  Undefined array key "user_agent" in D:\xampp\htdocs\khatalink\admin\visitors.php on line 151
[27-May-2026 11:02:46 Europe/Berlin] PHP Warning:  Undefined array key "page_url" in D:\xampp\htdocs\khatalink\admin\visitors.php on line 145
[27-May-2026 11:02:46 Europe/Berlin] PHP Warning:  Undefined array key "page_url" in D:\xampp\htdocs\khatalink\admin\visitors.php on line 146
[27-May-2026 11:02:46 Europe/Berlin] PHP Warning:  Undefined array key "user_agent" in D:\xampp\htdocs\khatalink\admin\visitors.php on line 150
[27-May-2026 11:02:46 Europe/Berlin] PHP Warning:  Undefined array key "user_agent" in D:\xampp\htdocs\khatalink\admin\visitors.php on line 151
[27-May-2026 11:02:46 Europe/Berlin] PHP Warning:  Undefined array key "page_url" in D:\xampp\htdocs\khatalink\admin\visitors.php on line 145
[27-May-2026 11:02:46 Europe/Berlin] PHP Warning:  Undefined array key "page_url" in D:\xampp\htdocs\khatalink\admin\visitors.php on line 146
[27-May-2026 11:02:46 Europe/Berlin] PHP Warning:  Undefined array key "user_agent" in D:\xampp\htdocs\khatalink\admin\visitors.php on line 150
[27-May-2026 11:02:46 Europe/Berlin] PHP Warning:  Undefined array key "user_agent" in D:\xampp\htdocs\khatalink\admin\visitors.php on line 151
[27-May-2026 11:02:46 Europe/Berlin] PHP Warning:  Undefined array key "page_url" in D:\xampp\htdocs\khatalink\admin\visitors.php on line 145
[27-May-2026 11:02:46 Europe/Berlin] PHP Warning:  Undefined array key "page_url" in D:\xampp\htdocs\khatalink\admin\visitors.php on line 146
[27-May-2026 11:02:46 Europe/Berlin] PHP Warning:  Undefined array key "user_agent" in D:\xampp\htdocs\khatalink\admin\visitors.php on line 150
[27-May-2026 11:02:46 Europe/Berlin] PHP Warning:  Undefined array key "user_agent" in D:\xampp\htdocs\khatalink\admin\visitors.php on line 151
[27-May-2026 11:02:46 Europe/Berlin] PHP Warning:  Undefined array key "page_url" in D:\xampp\htdocs\khatalink\admin\visitors.php on line 145
[27-May-2026 11:02:46 Europe/Berlin] PHP Warning:  Undefined array key "page_url" in D:\xampp\htdocs\khatalink\admin\visitors.php on line 146
[27-May-2026 11:02:46 Europe/Berlin] PHP Warning:  Undefined array key "user_agent" in D:\xampp\htdocs\khatalink\admin\visitors.php on line 150
[27-May-2026 11:02:46 Europe/Berlin] PHP Warning:  Undefined array key "user_agent" in D:\xampp\htdocs\khatalink\admin\visitors.php on line 151
[27-May-2026 11:02:46 Europe/Berlin] PHP Warning:  Undefined array key "page_url" in D:\xampp\htdocs\khatalink\admin\visitors.php on line 145
[27-May-2026 11:02:46 Europe/Berlin] PHP Warning:  Undefined array key "page_url" in D:\xampp\htdocs\khatalink\admin\visitors.php on line 146
[27-May-2026 11:02:46 Europe/Berlin] PHP Warning:  Undefined array key "user_agent" in D:\xampp\htdocs\khatalink\admin\visitors.php on line 150
[27-May-2026 11:02:46 Europe/Berlin] PHP Warning:  Undefined array key "user_agent" in D:\xampp\htdocs\khatalink\admin\visitors.php on line 151
[27-May-2026 11:02:46 Europe/Berlin] PHP Warning:  Undefined array key "page_url" in D:\xampp\htdocs\khatalink\admin\visitors.php on line 145
[27-May-2026 11:02:46 Europe/Berlin] PHP Warning:  Undefined array key "page_url" in D:\xampp\htdocs\khatalink\admin\visitors.php on line 146
[27-May-2026 11:02:46 Europe/Berlin] PHP Warning:  Undefined array key "user_agent" in D:\xampp\htdocs\khatalink\admin\visitors.php on line 150
[27-May-2026 11:02:46 Europe/Berlin] PHP Warning:  Undefined array key "user_agent" in D:\xampp\htdocs\khatalink\admin\visitors.php on line 151
[27-May-2026 11:02:46 Europe/Berlin] PHP Warning:  Undefined array key "page_url" in D:\xampp\htdocs\khatalink\admin\visitors.php on line 145
[27-May-2026 11:02:46 Europe/Berlin] PHP Warning:  Undefined array key "page_url" in D:\xampp\htdocs\khatalink\admin\visitors.php on line 146
[27-May-2026 11:02:46 Europe/Berlin] PHP Warning:  Undefined array key "user_agent" in D:\xampp\htdocs\khatalink\admin\visitors.php on line 150
[27-May-2026 11:02:46 Europe/Berlin] PHP Warning:  Undefined array key "user_agent" in D:\xampp\htdocs\khatalink\admin\visitors.php on line 151
[27-May-2026 11:02:46 Europe/Berlin] PHP Warning:  Undefined array key "page_url" in D:\xampp\htdocs\khatalink\admin\visitors.php on line 145
[27-May-2026 11:02:46 Europe/Berlin] PHP Warning:  Undefined array key "page_url" in D:\xampp\htdocs\khatalink\admin\visitors.php on line 146
[27-May-2026 11:02:46 Europe/Berlin] PHP Warning:  Undefined array key "user_agent" in D:\xampp\htdocs\khatalink\admin\visitors.php on line 150
[27-May-2026 11:02:46 Europe/Berlin] PHP Warning:  Undefined array key "user_agent" in D:\xampp\htdocs\khatalink\admin\visitors.php on line 151
[27-May-2026 11:02:46 Europe/Berlin] PHP Warning:  Undefined array key "page_url" in D:\xampp\htdocs\khatalink\admin\visitors.php on line 145
[27-May-2026 11:02:46 Europe/Berlin] PHP Warning:  Undefined array key "page_url" in D:\xampp\htdocs\khatalink\admin\visitors.php on line 146
[27-May-2026 11:02:46 Europe/Berlin] PHP Warning:  Undefined array key "user_agent" in D:\xampp\htdocs\khatalink\admin\visitors.php on line 150
[27-May-2026 11:02:46 Europe/Berlin] PHP Warning:  Undefined array key "user_agent" in D:\xampp\htdocs\khatalink\admin\visitors.php on line 151
[27-May-2026 11:02:46 Europe/Berlin] PHP Warning:  Undefined array key "page_url" in D:\xampp\htdocs\khatalink\admin\visitors.php on line 145
[27-May-2026 11:02:46 Europe/Berlin] PHP Warning:  Undefined array key "page_url" in D:\xampp\htdocs\khatalink\admin\visitors.php on line 146
[27-May-2026 11:02:46 Europe/Berlin] PHP Warning:  Undefined array key "user_agent" in D:\xampp\htdocs\khatalink\admin\visitors.php on line 150
[27-May-2026 11:02:46 Europe/Berlin] PHP Warning:  Undefined array key "user_agent" in D:\xampp\htdocs\khatalink\admin\visitors.php on line 151
[27-May-2026 11:02:46 Europe/Berlin] PHP Warning:  Undefined array key "page_url" in D:\xampp\htdocs\khatalink\admin\visitors.php on line 145
[27-May-2026 11:02:46 Europe/Berlin] PHP Warning:  Undefined array key "page_url" in D:\xampp\htdocs\khatalink\admin\visitors.php on line 146
[27-May-2026 11:02:46 Europe/Berlin] PHP Warning:  Undefined array key "user_agent" in D:\xampp\htdocs\khatalink\admin\visitors.php on line 150
[27-May-2026 11:02:46 Europe/Berlin] PHP Warning:  Undefined array key "user_agent" in D:\xampp\htdocs\khatalink\admin\visitors.php on line 151
[27-May-2026 11:02:46 Europe/Berlin] PHP Warning:  Undefined array key "page_url" in D:\xampp\htdocs\khatalink\admin\visitors.php on line 145
[27-May-2026 11:02:46 Europe/Berlin] PHP Warning:  Undefined array key "page_url" in D:\xampp\htdocs\khatalink\admin\visitors.php on line 146
[27-May-2026 11:02:46 Europe/Berlin] PHP Warning:  Undefined array key "user_agent" in D:\xampp\htdocs\khatalink\admin\visitors.php on line 150
[27-May-2026 11:02:46 Europe/Berlin] PHP Warning:  Undefined array key "user_agent" in D:\xampp\htdocs\khatalink\admin\visitors.php on line 151
[27-May-2026 11:02:46 Europe/Berlin] PHP Warning:  Undefined array key "page_url" in D:\xampp\htdocs\khatalink\admin\visitors.php on line 145
[27-May-2026 11:02:46 Europe/Berlin] PHP Warning:  Undefined array key "page_url" in D:\xampp\htdocs\khatalink\admin\visitors.php on line 146
[27-May-2026 11:02:46 Europe/Berlin] PHP Warning:  Undefined array key "user_agent" in D:\xampp\htdocs\khatalink\admin\visitors.php on line 150
[27-May-2026 11:02:46 Europe/Berlin] PHP Warning:  Undefined array key "user_agent" in D:\xampp\htdocs\khatalink\admin\visitors.php on line 151
[27-May-2026 11:02:46 Europe/Berlin] PHP Warning:  Undefined array key "page_url" in D:\xampp\htdocs\khatalink\admin\visitors.php on line 145
[27-May-2026 11:02:46 Europe/Berlin] PHP Warning:  Undefined array key "page_url" in D:\xampp\htdocs\khatalink\admin\visitors.php on line 146
[27-May-2026 11:02:46 Europe/Berlin] PHP Warning:  Undefined array key "user_agent" in D:\xampp\htdocs\khatalink\admin\visitors.php on line 150
[27-May-2026 11:02:46 Europe/Berlin] PHP Warning:  Undefined array key "user_agent" in D:\xampp\htdocs\khatalink\admin\visitors.php on line 151
[27-May-2026 11:02:46 Europe/Berlin] PHP Warning:  Undefined array key "page_url" in D:\xampp\htdocs\khatalink\admin\visitors.php on line 145
[27-May-2026 11:02:46 Europe/Berlin] PHP Warning:  Undefined array key "page_url" in D:\xampp\htdocs\khatalink\admin\visitors.php on line 146
[27-May-2026 11:02:46 Europe/Berlin] PHP Warning:  Undefined array key "user_agent" in D:\xampp\htdocs\khatalink\admin\visitors.php on line 150
[27-May-2026 11:02:46 Europe/Berlin] PHP Warning:  Undefined array key "user_agent" in D:\xampp\htdocs\khatalink\admin\visitors.php on line 151
[27-May-2026 11:02:46 Europe/Berlin] PHP Warning:  Undefined array key "page_url" in D:\xampp\htdocs\khatalink\admin\visitors.php on line 145
[27-May-2026 11:02:46 Europe/Berlin] PHP Warning:  Undefined array key "page_url" in D:\xampp\htdocs\khatalink\admin\visitors.php on line 146
[27-May-2026 11:02:47 Europe/Berlin] PHP Warning:  Undefined array key "user_agent" in D:\xampp\htdocs\khatalink\admin\visitors.php on line 150
[27-May-2026 11:02:47 Europe/Berlin] PHP Warning:  Undefined array key "user_agent" in D:\xampp\htdocs\khatalink\admin\visitors.php on line 151
[27-May-2026 11:02:47 Europe/Berlin] PHP Warning:  Undefined array key "page_url" in D:\xampp\htdocs\khatalink\admin\visitors.php on line 145
[27-May-2026 11:02:47 Europe/Berlin] PHP Warning:  Undefined array key "page_url" in D:\xampp\htdocs\khatalink\admin\visitors.php on line 146
[27-May-2026 11:02:47 Europe/Berlin] PHP Warning:  Undefined array key "user_agent" in D:\xampp\htdocs\khatalink\admin\visitors.php on line 150
[27-May-2026 11:02:47 Europe/Berlin] PHP Warning:  Undefined array key "user_agent" in D:\xampp\htdocs\khatalink\admin\visitors.php on line 151
[27-May-2026 11:02:47 Europe/Berlin] PHP Warning:  Undefined array key "page_url" in D:\xampp\htdocs\khatalink\admin\visitors.php on line 145
[27-May-2026 11:02:47 Europe/Berlin] PHP Warning:  Undefined array key "page_url" in D:\xampp\htdocs\khatalink\admin\visitors.php on line 146
[27-May-2026 11:02:47 Europe/Berlin] PHP Warning:  Undefined array key "user_agent" in D:\xampp\htdocs\khatalink\admin\visitors.php on line 150
[27-May-2026 11:02:47 Europe/Berlin] PHP Warning:  Undefined array key "user_agent" in D:\xampp\htdocs\khatalink\admin\visitors.php on line 151
[27-May-2026 11:02:47 Europe/Berlin] PHP Warning:  Undefined array key "page_url" in D:\xampp\htdocs\khatalink\admin\visitors.php on line 145
[27-May-2026 11:02:47 Europe/Berlin] PHP Warning:  Undefined array key "page_url" in D:\xampp\htdocs\khatalink\admin\visitors.php on line 146
[27-May-2026 11:02:47 Europe/Berlin] PHP Warning:  Undefined array key "user_agent" in D:\xampp\htdocs\khatalink\admin\visitors.php on line 150
[27-May-2026 11:02:47 Europe/Berlin] PHP Warning:  Undefined array key "user_agent" in D:\xampp\htdocs\khatalink\admin\visitors.php on line 151
[27-May-2026 11:02:47 Europe/Berlin] PHP Warning:  Undefined array key "page_url" in D:\xampp\htdocs\khatalink\admin\visitors.php on line 145
[27-May-2026 11:02:47 Europe/Berlin] PHP Warning:  Undefined array key "page_url" in D:\xampp\htdocs\khatalink\admin\visitors.php on line 146
[27-May-2026 11:02:47 Europe/Berlin] PHP Warning:  Undefined array key "user_agent" in D:\xampp\htdocs\khatalink\admin\visitors.php on line 150
[27-May-2026 11:02:47 Europe/Berlin] PHP Warning:  Undefined array key "user_agent" in D:\xampp\htdocs\khatalink\admin\visitors.php on line 151
[27-May-2026 11:02:47 Europe/Berlin] PHP Warning:  Undefined array key "page_url" in D:\xampp\htdocs\khatalink\admin\visitors.php on line 145
[27-May-2026 11:02:47 Europe/Berlin] PHP Warning:  Undefined array key "page_url" in D:\xampp\htdocs\khatalink\admin\visitors.php on line 146
[27-May-2026 11:02:47 Europe/Berlin] PHP Warning:  Undefined array key "user_agent" in D:\xampp\htdocs\khatalink\admin\visitors.php on line 150
[27-May-2026 11:02:47 Europe/Berlin] PHP Warning:  Undefined array key "user_agent" in D:\xampp\htdocs\khatalink\admin\visitors.php on line 151
[27-May-2026 11:02:47 Europe/Berlin] PHP Warning:  Undefined array key "page_url" in D:\xampp\htdocs\khatalink\admin\visitors.php on line 145
[27-May-2026 11:02:47 Europe/Berlin] PHP Warning:  Undefined array key "page_url" in D:\xampp\htdocs\khatalink\admin\visitors.php on line 146
[27-May-2026 11:02:47 Europe/Berlin] PHP Warning:  Undefined array key "user_agent" in D:\xampp\htdocs\khatalink\admin\visitors.php on line 150
[27-May-2026 11:02:47 Europe/Berlin] PHP Warning:  Undefined array key "user_agent" in D:\xampp\htdocs\khatalink\admin\visitors.php on line 151
[27-May-2026 11:02:47 Europe/Berlin] PHP Warning:  Undefined array key "page_url" in D:\xampp\htdocs\khatalink\admin\visitors.php on line 145
[27-May-2026 11:02:47 Europe/Berlin] PHP Warning:  Undefined array key "page_url" in D:\xampp\htdocs\khatalink\admin\visitors.php on line 146
[27-May-2026 11:02:47 Europe/Berlin] PHP Warning:  Undefined array key "user_agent" in D:\xampp\htdocs\khatalink\admin\visitors.php on line 150
[27-May-2026 11:02:47 Europe/Berlin] PHP Warning:  Undefined array key "user_agent" in D:\xampp\htdocs\khatalink\admin\visitors.php on line 151
[27-May-2026 11:02:47 Europe/Berlin] PHP Warning:  Undefined array key "page_url" in D:\xampp\htdocs\khatalink\admin\visitors.php on line 145
[27-May-2026 11:02:47 Europe/Berlin] PHP Warning:  Undefined array key "page_url" in D:\xampp\htdocs\khatalink\admin\visitors.php on line 146
[27-May-2026 11:02:47 Europe/Berlin] PHP Warning:  Undefined array key "user_agent" in D:\xampp\htdocs\khatalink\admin\visitors.php on line 150
[27-May-2026 11:02:47 Europe/Berlin] PHP Warning:  Undefined array key "user_agent" in D:\xampp\htdocs\khatalink\admin\visitors.php on line 151
[27-May-2026 11:02:47 Europe/Berlin] PHP Warning:  Undefined array key "page_url" in D:\xampp\htdocs\khatalink\admin\visitors.php on line 145
[27-May-2026 11:02:47 Europe/Berlin] PHP Warning:  Undefined array key "page_url" in D:\xampp\htdocs\khatalink\admin\visitors.php on line 146
[27-May-2026 11:02:47 Europe/Berlin] PHP Warning:  Undefined array key "user_agent" in D:\xampp\htdocs\khatalink\admin\visitors.php on line 150
[27-May-2026 11:02:47 Europe/Berlin] PHP Warning:  Undefined array key "user_agent" in D:\xampp\htdocs\khatalink\admin\visitors.php on line 151
[27-May-2026 11:02:47 Europe/Berlin] PHP Warning:  Undefined array key "page_url" in D:\xampp\htdocs\khatalink\admin\visitors.php on line 145
[27-May-2026 11:02:47 Europe/Berlin] PHP Warning:  Undefined array key "page_url" in D:\xampp\htdocs\khatalink\admin\visitors.php on line 146
[27-May-2026 11:02:47 Europe/Berlin] PHP Warning:  Undefined array key "user_agent" in D:\xampp\htdocs\khatalink\admin\visitors.php on line 150
[27-May-2026 11:02:47 Europe/Berlin] PHP Warning:  Undefined array key "user_agent" in D:\xampp\htdocs\khatalink\admin\visitors.php on line 151
[27-May-2026 11:02:47 Europe/Berlin] PHP Warning:  Undefined array key "page_url" in D:\xampp\htdocs\khatalink\admin\visitors.php on line 145
[27-May-2026 11:02:47 Europe/Berlin] PHP Warning:  Undefined array key "page_url" in D:\xampp\htdocs\khatalink\admin\visitors.php on line 146
[27-May-2026 11:02:47 Europe/Berlin] PHP Warning:  Undefined array key "user_agent" in D:\xampp\htdocs\khatalink\admin\visitors.php on line 150
[27-May-2026 11:02:47 Europe/Berlin] PHP Warning:  Undefined array key "user_agent" in D:\xampp\htdocs\khatalink\admin\visitors.php on line 151
[27-May-2026 11:02:47 Europe/Berlin] PHP Warning:  Undefined array key "page_url" in D:\xampp\htdocs\khatalink\admin\visitors.php on line 145
[27-May-2026 11:02:47 Europe/Berlin] PHP Warning:  Undefined array key "page_url" in D:\xampp\htdocs\khatalink\admin\visitors.php on line 146
[27-May-2026 11:02:47 Europe/Berlin] PHP Warning:  Undefined array key "user_agent" in D:\xampp\htdocs\khatalink\admin\visitors.php on line 150
[27-May-2026 11:02:47 Europe/Berlin] PHP Warning:  Undefined array key "user_agent" in D:\xampp\htdocs\khatalink\admin\visitors.php on line 151
[27-May-2026 11:02:47 Europe/Berlin] PHP Warning:  Undefined array key "page_url" in D:\xampp\htdocs\khatalink\admin\visitors.php on line 145
[27-May-2026 11:02:47 Europe/Berlin] PHP Warning:  Undefined array key "page_url" in D:\xampp\htdocs\khatalink\admin\visitors.php on line 146
[27-May-2026 11:02:47 Europe/Berlin] PHP Warning:  Undefined array key "user_agent" in D:\xampp\htdocs\khatalink\admin\visitors.php on line 150
[27-May-2026 11:02:47 Europe/Berlin] PHP Warning:  Undefined array key "user_agent" in D:\xampp\htdocs\khatalink\admin\visitors.php on line 151
[27-May-2026 11:02:47 Europe/Berlin] PHP Warning:  Undefined array key "page_url" in D:\xampp\htdocs\khatalink\admin\visitors.php on line 145
[27-May-2026 11:02:47 Europe/Berlin] PHP Warning:  Undefined array key "page_url" in D:\xampp\htdocs\khatalink\admin\visitors.php on line 146
[27-May-2026 11:02:47 Europe/Berlin] PHP Warning:  Undefined array key "user_agent" in D:\xampp\htdocs\khatalink\admin\visitors.php on line 150
[27-May-2026 11:02:47 Europe/Berlin] PHP Warning:  Undefined array key "user_agent" in D:\xampp\htdocs\khatalink\admin\visitors.php on line 151
[27-May-2026 11:02:47 Europe/Berlin] PHP Warning:  Undefined array key "page_url" in D:\xampp\htdocs\khatalink\admin\visitors.php on line 145
[27-May-2026 11:02:47 Europe/Berlin] PHP Warning:  Undefined array key "page_url" in D:\xampp\htdocs\khatalink\admin\visitors.php on line 146
[27-May-2026 11:02:47 Europe/Berlin] PHP Warning:  Undefined array key "user_agent" in D:\xampp\htdocs\khatalink\admin\visitors.php on line 150
[27-May-2026 11:02:47 Europe/Berlin] PHP Warning:  Undefined array key "user_agent" in D:\xampp\htdocs\khatalink\admin\visitors.php on line 151
[27-May-2026 11:02:47 Europe/Berlin] PHP Warning:  Undefined array key "page_url" in D:\xampp\htdocs\khatalink\admin\visitors.php on line 145
[27-May-2026 11:02:47 Europe/Berlin] PHP Warning:  Undefined array key "page_url" in D:\xampp\htdocs\khatalink\admin\visitors.php on line 146
[27-May-2026 11:02:47 Europe/Berlin] PHP Warning:  Undefined array key "user_agent" in D:\xampp\htdocs\khatalink\admin\visitors.php on line 150
[27-May-2026 11:02:47 Europe/Berlin] PHP Warning:  Undefined array key "user_agent" in D:\xampp\htdocs\khatalink\admin\visitors.php on line 151
[27-May-2026 11:02:47 Europe/Berlin] PHP Warning:  Undefined array key "page_url" in D:\xampp\htdocs\khatalink\admin\visitors.php on line 145
[27-May-2026 11:02:47 Europe/Berlin] PHP Warning:  Undefined array key "page_url" in D:\xampp\htdocs\khatalink\admin\visitors.php on line 146
[27-May-2026 11:02:47 Europe/Berlin] PHP Warning:  Undefined array key "user_agent" in D:\xampp\htdocs\khatalink\admin\visitors.php on line 150
[27-May-2026 11:02:47 Europe/Berlin] PHP Warning:  Undefined array key "user_agent" in D:\xampp\htdocs\khatalink\admin\visitors.php on line 151
[27-May-2026 11:02:47 Europe/Berlin] PHP Warning:  Undefined array key "page_url" in D:\xampp\htdocs\khatalink\admin\visitors.php on line 145
[27-May-2026 11:02:47 Europe/Berlin] PHP Warning:  Undefined array key "page_url" in D:\xampp\htdocs\khatalink\admin\visitors.php on line 146
[27-May-2026 11:02:47 Europe/Berlin] PHP Warning:  Undefined array key "user_agent" in D:\xampp\htdocs\khatalink\admin\visitors.php on line 150
[27-May-2026 11:02:47 Europe/Berlin] PHP Warning:  Undefined array key "user_agent" in D:\xampp\htdocs\khatalink\admin\visitors.php on line 151
[27-May-2026 11:02:47 Europe/Berlin] PHP Warning:  Undefined array key "page_url" in D:\xampp\htdocs\khatalink\admin\visitors.php on line 145
[27-May-2026 11:02:47 Europe/Berlin] PHP Warning:  Undefined array key "page_url" in D:\xampp\htdocs\khatalink\admin\visitors.php on line 146
[27-May-2026 11:02:47 Europe/Berlin] PHP Warning:  Undefined array key "user_agent" in D:\xampp\htdocs\khatalink\admin\visitors.php on line 150
[27-May-2026 11:02:47 Europe/Berlin] PHP Warning:  Undefined array key "user_agent" in D:\xampp\htdocs\khatalink\admin\visitors.php on line 151
[27-May-2026 11:02:47 Europe/Berlin] PHP Warning:  Undefined array key "page_url" in D:\xampp\htdocs\khatalink\admin\visitors.php on line 145
[27-May-2026 11:02:47 Europe/Berlin] PHP Warning:  Undefined array key "page_url" in D:\xampp\htdocs\khatalink\admin\visitors.php on line 146
[27-May-2026 11:02:47 Europe/Berlin] PHP Warning:  Undefined array key "user_agent" in D:\xampp\htdocs\khatalink\admin\visitors.php on line 150
[27-May-2026 11:02:47 Europe/Berlin] PHP Warning:  Undefined array key "user_agent" in D:\xampp\htdocs\khatalink\admin\visitors.php on line 151
[27-May-2026 11:02:47 Europe/Berlin] PHP Warning:  Undefined array key "page_url" in D:\xampp\htdocs\khatalink\admin\visitors.php on line 145
[27-May-2026 11:02:47 Europe/Berlin] PHP Warning:  Undefined array key "page_url" in D:\xampp\htdocs\khatalink\admin\visitors.php on line 146
[27-May-2026 11:02:47 Europe/Berlin] PHP Warning:  Undefined array key "user_agent" in D:\xampp\htdocs\khatalink\admin\visitors.php on line 150
[27-May-2026 11:02:47 Europe/Berlin] PHP Warning:  Undefined array key "user_agent" in D:\xampp\htdocs\khatalink\admin\visitors.php on line 151
[27-May-2026 11:02:47 Europe/Berlin] PHP Warning:  Undefined array key "page_url" in D:\xampp\htdocs\khatalink\admin\visitors.php on line 145
[27-May-2026 11:02:47 Europe/Berlin] PHP Warning:  Undefined array key "page_url" in D:\xampp\htdocs\khatalink\admin\visitors.php on line 146
[27-May-2026 11:02:47 Europe/Berlin] PHP Warning:  Undefined array key "user_agent" in D:\xampp\htdocs\khatalink\admin\visitors.php on line 150
[27-May-2026 11:02:47 Europe/Berlin] PHP Warning:  Undefined array key "user_agent" in D:\xampp\htdocs\khatalink\admin\visitors.php on line 151
[27-May-2026 11:02:47 Europe/Berlin] PHP Warning:  Undefined array key "page_url" in D:\xampp\htdocs\khatalink\admin\visitors.php on line 145
[27-May-2026 11:02:47 Europe/Berlin] PHP Warning:  Undefined array key "page_url" in D:\xampp\htdocs\khatalink\admin\visitors.php on line 146
[27-May-2026 11:02:47 Europe/Berlin] PHP Warning:  Undefined array key "user_agent" in D:\xampp\htdocs\khatalink\admin\visitors.php on line 150
[27-May-2026 11:02:47 Europe/Berlin] PHP Warning:  Undefined array key "user_agent" in D:\xampp\htdocs\khatalink\admin\visitors.php on line 151
[27-May-2026 11:02:47 Europe/Berlin] PHP Warning:  Undefined array key "page_url" in D:\xampp\htdocs\khatalink\admin\visitors.php on line 145
[27-May-2026 11:02:47 Europe/Berlin] PHP Warning:  Undefined array key "page_url" in D:\xampp\htdocs\khatalink\admin\visitors.php on line 146
[27-May-2026 11:02:47 Europe/Berlin] PHP Warning:  Undefined array key "user_agent" in D:\xampp\htdocs\khatalink\admin\visitors.php on line 150
[27-May-2026 11:02:47 Europe/Berlin] PHP Warning:  Undefined array key "user_agent" in D:\xampp\htdocs\khatalink\admin\visitors.php on line 151
[27-May-2026 11:02:47 Europe/Berlin] PHP Warning:  Undefined array key "page_url" in D:\xampp\htdocs\khatalink\admin\visitors.php on line 145
[27-May-2026 11:02:47 Europe/Berlin] PHP Warning:  Undefined array key "page_url" in D:\xampp\htdocs\khatalink\admin\visitors.php on line 146
[27-May-2026 11:02:47 Europe/Berlin] PHP Warning:  Undefined array key "user_agent" in D:\xampp\htdocs\khatalink\admin\visitors.php on line 150
[27-May-2026 11:02:47 Europe/Berlin] PHP Warning:  Undefined array key "user_agent" in D:\xampp\htdocs\khatalink\admin\visitors.php on line 151
[27-May-2026 11:02:47 Europe/Berlin] PHP Warning:  Undefined array key "page_url" in D:\xampp\htdocs\khatalink\admin\visitors.php on line 145
[27-May-2026 11:02:47 Europe/Berlin] PHP Warning:  Undefined array key "page_url" in D:\xampp\htdocs\khatalink\admin\visitors.php on line 146
[27-May-2026 11:02:47 Europe/Berlin] PHP Warning:  Undefined array key "user_agent" in D:\xampp\htdocs\khatalink\admin\visitors.php on line 150
[27-May-2026 11:02:47 Europe/Berlin] PHP Warning:  Undefined array key "user_agent" in D:\xampp\htdocs\khatalink\admin\visitors.php on line 151
[27-May-2026 11:02:47 Europe/Berlin] PHP Warning:  Undefined array key "page_url" in D:\xampp\htdocs\khatalink\admin\visitors.php on line 145
[27-May-2026 11:02:47 Europe/Berlin] PHP Warning:  Undefined array key "page_url" in D:\xampp\htdocs\khatalink\admin\visitors.php on line 146
[27-May-2026 11:02:47 Europe/Berlin] PHP Warning:  Undefined array key "user_agent" in D:\xampp\htdocs\khatalink\admin\visitors.php on line 150
[27-May-2026 11:02:47 Europe/Berlin] PHP Warning:  Undefined array key "user_agent" in D:\xampp\htdocs\khatalink\admin\visitors.php on line 151
[27-May-2026 11:02:47 Europe/Berlin] PHP Warning:  Undefined array key "page_url" in D:\xampp\htdocs\khatalink\admin\visitors.php on line 145
[27-May-2026 11:02:47 Europe/Berlin] PHP Warning:  Undefined array key "page_url" in D:\xampp\htdocs\khatalink\admin\visitors.php on line 146
[27-May-2026 11:02:47 Europe/Berlin] PHP Warning:  Undefined array key "user_agent" in D:\xampp\htdocs\khatalink\admin\visitors.php on line 150
[27-May-2026 11:02:47 Europe/Berlin] PHP Warning:  Undefined array key "user_agent" in D:\xampp\htdocs\khatalink\admin\visitors.php on line 151
[27-May-2026 11:02:47 Europe/Berlin] PHP Warning:  Undefined array key "page_url" in D:\xampp\htdocs\khatalink\admin\visitors.php on line 145
[27-May-2026 11:02:47 Europe/Berlin] PHP Warning:  Undefined array key "page_url" in D:\xampp\htdocs\khatalink\admin\visitors.php on line 146
[27-May-2026 11:02:47 Europe/Berlin] PHP Warning:  Undefined array key "user_agent" in D:\xampp\htdocs\khatalink\admin\visitors.php on line 150
[27-May-2026 11:02:47 Europe/Berlin] PHP Warning:  Undefined array key "user_agent" in D:\xampp\htdocs\khatalink\admin\visitors.php on line 151
[27-May-2026 11:02:47 Europe/Berlin] PHP Warning:  Undefined array key "page_url" in D:\xampp\htdocs\khatalink\admin\visitors.php on line 145
[27-May-2026 11:02:47 Europe/Berlin] PHP Warning:  Undefined array key "page_url" in D:\xampp\htdocs\khatalink\admin\visitors.php on line 146
[27-May-2026 11:02:47 Europe/Berlin] PHP Warning:  Undefined array key "user_agent" in D:\xampp\htdocs\khatalink\admin\visitors.php on line 150
[27-May-2026 11:02:47 Europe/Berlin] PHP Warning:  Undefined array key "user_agent" in D:\xampp\htdocs\khatalink\admin\visitors.php on line 151
[27-May-2026 11:02:47 Europe/Berlin] PHP Warning:  Undefined array key "page_url" in D:\xampp\htdocs\khatalink\admin\visitors.php on line 145
[27-May-2026 11:02:47 Europe/Berlin] PHP Warning:  Undefined array key "page_url" in D:\xampp\htdocs\khatalink\admin\visitors.php on line 146
[27-May-2026 11:02:47 Europe/Berlin] PHP Warning:  Undefined array key "user_agent" in D:\xampp\htdocs\khatalink\admin\visitors.php on line 150
[27-May-2026 11:02:47 Europe/Berlin] PHP Warning:  Undefined array key "user_agent" in D:\xampp\htdocs\khatalink\admin\visitors.php on line 151
[27-May-2026 11:02:47 Europe/Berlin] PHP Warning:  Undefined array key "page_url" in D:\xampp\htdocs\khatalink\admin\visitors.php on line 145
[27-May-2026 11:02:47 Europe/Berlin] PHP Warning:  Undefined array key "page_url" in D:\xampp\htdocs\khatalink\admin\visitors.php on line 146
[27-May-2026 11:02:47 Europe/Berlin] PHP Warning:  Undefined array key "user_agent" in D:\xampp\htdocs\khatalink\admin\visitors.php on line 150
[27-May-2026 11:02:47 Europe/Berlin] PHP Warning:  Undefined array key "user_agent" in D:\xampp\htdocs\khatalink\admin\visitors.php on line 151
[27-May-2026 11:02:47 Europe/Berlin] PHP Warning:  Undefined array key "page_url" in D:\xampp\htdocs\khatalink\admin\visitors.php on line 145
[27-May-2026 11:02:47 Europe/Berlin] PHP Warning:  Undefined array key "page_url" in D:\xampp\htdocs\khatalink\admin\visitors.php on line 146
[27-May-2026 11:02:47 Europe/Berlin] PHP Warning:  Undefined array key "user_agent" in D:\xampp\htdocs\khatalink\admin\visitors.php on line 150
[27-May-2026 11:02:47 Europe/Berlin] PHP Warning:  Undefined array key "user_agent" in D:\xampp\htdocs\khatalink\admin\visitors.php on line 151
[27-May-2026 11:02:47 Europe/Berlin] PHP Warning:  Undefined array key "page_url" in D:\xampp\htdocs\khatalink\admin\visitors.php on line 145
[27-May-2026 11:02:47 Europe/Berlin] PHP Warning:  Undefined array key "page_url" in D:\xampp\htdocs\khatalink\admin\visitors.php on line 146
[27-May-2026 11:02:47 Europe/Berlin] PHP Warning:  Undefined array key "user_agent" in D:\xampp\htdocs\khatalink\admin\visitors.php on line 150
[27-May-2026 11:02:47 Europe/Berlin] PHP Warning:  Undefined array key "user_agent" in D:\xampp\htdocs\khatalink\admin\visitors.php on line 151
[27-May-2026 11:02:47 Europe/Berlin] PHP Warning:  Undefined array key "page_url" in D:\xampp\htdocs\khatalink\admin\visitors.php on line 145
[27-May-2026 11:02:47 Europe/Berlin] PHP Warning:  Undefined array key "page_url" in D:\xampp\htdocs\khatalink\admin\visitors.php on line 146
[27-May-2026 11:02:47 Europe/Berlin] PHP Warning:  Undefined array key "user_agent" in D:\xampp\htdocs\khatalink\admin\visitors.php on line 150
[27-May-2026 11:02:47 Europe/Berlin] PHP Warning:  Undefined array key "user_agent" in D:\xampp\htdocs\khatalink\admin\visitors.php on line 151
[27-May-2026 11:02:47 Europe/Berlin] PHP Warning:  Undefined array key "page_url" in D:\xampp\htdocs\khatalink\admin\visitors.php on line 145
[27-May-2026 11:02:47 Europe/Berlin] PHP Warning:  Undefined array key "page_url" in D:\xampp\htdocs\khatalink\admin\visitors.php on line 146
[27-May-2026 11:02:47 Europe/Berlin] PHP Warning:  Undefined array key "user_agent" in D:\xampp\htdocs\khatalink\admin\visitors.php on line 150
[27-May-2026 11:02:47 Europe/Berlin] PHP Warning:  Undefined array key "user_agent" in D:\xampp\htdocs\khatalink\admin\visitors.php on line 151
[27-May-2026 11:02:47 Europe/Berlin] PHP Warning:  Undefined array key "page_url" in D:\xampp\htdocs\khatalink\admin\visitors.php on line 145
[27-May-2026 11:02:47 Europe/Berlin] PHP Warning:  Undefined array key "page_url" in D:\xampp\htdocs\khatalink\admin\visitors.php on line 146
[27-May-2026 11:02:47 Europe/Berlin] PHP Warning:  Undefined array key "user_agent" in D:\xampp\htdocs\khatalink\admin\visitors.php on line 150
[27-May-2026 11:02:47 Europe/Berlin] PHP Warning:  Undefined array key "user_agent" in D:\xampp\htdocs\khatalink\admin\visitors.php on line 151
[27-May-2026 11:02:47 Europe/Berlin] PHP Warning:  Undefined array key "page_url" in D:\xampp\htdocs\khatalink\admin\visitors.php on line 145
[27-May-2026 11:02:47 Europe/Berlin] PHP Warning:  Undefined array key "page_url" in D:\xampp\htdocs\khatalink\admin\visitors.php on line 146
[27-May-2026 11:02:47 Europe/Berlin] PHP Warning:  Undefined array key "user_agent" in D:\xampp\htdocs\khatalink\admin\visitors.php on line 150
[27-May-2026 11:02:47 Europe/Berlin] PHP Warning:  Undefined array key "user_agent" in D:\xampp\htdocs\khatalink\admin\visitors.php on line 151
[27-May-2026 11:02:47 Europe/Berlin] PHP Warning:  Undefined array key "page_url" in D:\xampp\htdocs\khatalink\admin\visitors.php on line 145
[27-May-2026 11:02:47 Europe/Berlin] PHP Warning:  Undefined array key "page_url" in D:\xampp\htdocs\khatalink\admin\visitors.php on line 146
[27-May-2026 11:02:47 Europe/Berlin] PHP Warning:  Undefined array key "user_agent" in D:\xampp\htdocs\khatalink\admin\visitors.php on line 150
[27-May-2026 11:02:47 Europe/Berlin] PHP Warning:  Undefined array key "user_agent" in D:\xampp\htdocs\khatalink\admin\visitors.php on line 151
[27-May-2026 11:02:47 Europe/Berlin] PHP Warning:  Undefined array key "page_url" in D:\xampp\htdocs\khatalink\admin\visitors.php on line 145
[27-May-2026 11:02:47 Europe/Berlin] PHP Warning:  Undefined array key "page_url" in D:\xampp\htdocs\khatalink\admin\visitors.php on line 146
[27-May-2026 11:02:47 Europe/Berlin] PHP Warning:  Undefined array key "user_agent" in D:\xampp\htdocs\khatalink\admin\visitors.php on line 150
[27-May-2026 11:02:47 Europe/Berlin] PHP Warning:  Undefined array key "user_agent" in D:\xampp\htdocs\khatalink\admin\visitors.php on line 151
[27-May-2026 11:02:47 Europe/Berlin] PHP Warning:  Undefined array key "page_url" in D:\xampp\htdocs\khatalink\admin\visitors.php on line 145
[27-May-2026 11:02:47 Europe/Berlin] PHP Warning:  Undefined array key "page_url" in D:\xampp\htdocs\khatalink\admin\visitors.php on line 146
[27-May-2026 11:02:47 Europe/Berlin] PHP Warning:  Undefined array key "user_agent" in D:\xampp\htdocs\khatalink\admin\visitors.php on line 150
[27-May-2026 11:02:47 Europe/Berlin] PHP Warning:  Undefined array key "user_agent" in D:\xampp\htdocs\khatalink\admin\visitors.php on line 151
[27-May-2026 11:02:47 Europe/Berlin] PHP Warning:  Undefined array key "page_url" in D:\xampp\htdocs\khatalink\admin\visitors.php on line 145
[27-May-2026 11:02:47 Europe/Berlin] PHP Warning:  Undefined array key "page_url" in D:\xampp\htdocs\khatalink\admin\visitors.php on line 146
[27-May-2026 11:02:47 Europe/Berlin] PHP Warning:  Undefined array key "user_agent" in D:\xampp\htdocs\khatalink\admin\visitors.php on line 150
[27-May-2026 11:02:47 Europe/Berlin] PHP Warning:  Undefined array key "user_agent" in D:\xampp\htdocs\khatalink\admin\visitors.php on line 151
[27-May-2026 11:02:47 Europe/Berlin] PHP Warning:  Undefined array key "page_url" in D:\xampp\htdocs\khatalink\admin\visitors.php on line 145
[27-May-2026 11:02:47 Europe/Berlin] PHP Warning:  Undefined array key "page_url" in D:\xampp\htdocs\khatalink\admin\visitors.php on line 146
[27-May-2026 11:02:47 Europe/Berlin] PHP Warning:  Undefined array key "user_agent" in D:\xampp\htdocs\khatalink\admin\visitors.php on line 150
[27-May-2026 11:02:47 Europe/Berlin] PHP Warning:  Undefined array key "user_agent" in D:\xampp\htdocs\khatalink\admin\visitors.php on line 151
[27-May-2026 11:02:47 Europe/Berlin] PHP Warning:  Undefined array key "page_url" in D:\xampp\htdocs\khatalink\admin\visitors.php on line 145
[27-May-2026 11:02:47 Europe/Berlin] PHP Warning:  Undefined array key "page_url" in D:\xampp\htdocs\khatalink\admin\visitors.php on line 146
[27-May-2026 11:02:47 Europe/Berlin] PHP Warning:  Undefined array key "user_agent" in D:\xampp\htdocs\khatalink\admin\visitors.php on line 150
[27-May-2026 11:02:47 Europe/Berlin] PHP Warning:  Undefined array key "user_agent" in D:\xampp\htdocs\khatalink\admin\visitors.php on line 151
[27-May-2026 11:02:47 Europe/Berlin] PHP Warning:  Undefined array key "page_url" in D:\xampp\htdocs\khatalink\admin\visitors.php on line 145
[27-May-2026 11:02:47 Europe/Berlin] PHP Warning:  Undefined array key "page_url" in D:\xampp\htdocs\khatalink\admin\visitors.php on line 146
[27-May-2026 11:02:47 Europe/Berlin] PHP Warning:  Undefined array key "user_agent" in D:\xampp\htdocs\khatalink\admin\visitors.php on line 150
[27-May-2026 11:02:47 Europe/Berlin] PHP Warning:  Undefined array key "user_agent" in D:\xampp\htdocs\khatalink\admin\visitors.php on line 151
[27-May-2026 11:02:47 Europe/Berlin] PHP Warning:  Undefined array key "page_url" in D:\xampp\htdocs\khatalink\admin\visitors.php on line 145
[27-May-2026 11:02:47 Europe/Berlin] PHP Warning:  Undefined array key "page_url" in D:\xampp\htdocs\khatalink\admin\visitors.php on line 146
[27-May-2026 11:02:47 Europe/Berlin] PHP Warning:  Undefined array key "user_agent" in D:\xampp\htdocs\khatalink\admin\visitors.php on line 150
[27-May-2026 11:02:47 Europe/Berlin] PHP Warning:  Undefined array key "user_agent" in D:\xampp\htdocs\khatalink\admin\visitors.php on line 151
[27-May-2026 11:02:47 Europe/Berlin] PHP Warning:  Undefined array key "page_url" in D:\xampp\htdocs\khatalink\admin\visitors.php on line 145
[27-May-2026 11:02:47 Europe/Berlin] PHP Warning:  Undefined array key "page_url" in D:\xampp\htdocs\khatalink\admin\visitors.php on line 146
[27-May-2026 11:02:47 Europe/Berlin] PHP Warning:  Undefined array key "user_agent" in D:\xampp\htdocs\khatalink\admin\visitors.php on line 150
[27-May-2026 11:02:47 Europe/Berlin] PHP Warning:  Undefined array key "user_agent" in D:\xampp\htdocs\khatalink\admin\visitors.php on line 151
[27-May-2026 11:02:47 Europe/Berlin] PHP Warning:  Undefined array key "page_url" in D:\xampp\htdocs\khatalink\admin\visitors.php on line 145
[27-May-2026 11:02:47 Europe/Berlin] PHP Warning:  Undefined array key "page_url" in D:\xampp\htdocs\khatalink\admin\visitors.php on line 146
[27-May-2026 11:02:47 Europe/Berlin] PHP Warning:  Undefined array key "user_agent" in D:\xampp\htdocs\khatalink\admin\visitors.php on line 150
[27-May-2026 11:02:47 Europe/Berlin] PHP Warning:  Undefined array key "user_agent" in D:\xampp\htdocs\khatalink\admin\visitors.php on line 151
[27-May-2026 11:02:47 Europe/Berlin] PHP Warning:  Undefined array key "page_url" in D:\xampp\htdocs\khatalink\admin\visitors.php on line 145
[27-May-2026 11:02:47 Europe/Berlin] PHP Warning:  Undefined array key "page_url" in D:\xampp\htdocs\khatalink\admin\visitors.php on line 146
[27-May-2026 11:02:47 Europe/Berlin] PHP Warning:  Undefined array key "user_agent" in D:\xampp\htdocs\khatalink\admin\visitors.php on line 150
[27-May-2026 11:02:47 Europe/Berlin] PHP Warning:  Undefined array key "user_agent" in D:\xampp\htdocs\khatalink\admin\visitors.php on line 151
[27-May-2026 11:02:47 Europe/Berlin] PHP Warning:  Undefined array key "page_url" in D:\xampp\htdocs\khatalink\admin\visitors.php on line 145
[27-May-2026 11:02:47 Europe/Berlin] PHP Warning:  Undefined array key "page_url" in D:\xampp\htdocs\khatalink\admin\visitors.php on line 146
[27-May-2026 11:02:47 Europe/Berlin] PHP Warning:  Undefined array key "user_agent" in D:\xampp\htdocs\khatalink\admin\visitors.php on line 150
[27-May-2026 11:02:47 Europe/Berlin] PHP Warning:  Undefined array key "user_agent" in D:\xampp\htdocs\khatalink\admin\visitors.php on line 151
[27-May-2026 11:02:47 Europe/Berlin] PHP Warning:  Undefined array key "page_url" in D:\xampp\htdocs\khatalink\admin\visitors.php on line 145
[27-May-2026 11:02:47 Europe/Berlin] PHP Warning:  Undefined array key "page_url" in D:\xampp\htdocs\khatalink\admin\visitors.php on line 146
[27-May-2026 11:02:47 Europe/Berlin] PHP Warning:  Undefined array key "user_agent" in D:\xampp\htdocs\khatalink\admin\visitors.php on line 150
[27-May-2026 11:02:47 Europe/Berlin] PHP Warning:  Undefined array key "user_agent" in D:\xampp\htdocs\khatalink\admin\visitors.php on line 151
[27-May-2026 11:02:47 Europe/Berlin] PHP Warning:  Undefined array key "page_url" in D:\xampp\htdocs\khatalink\admin\visitors.php on line 145
[27-May-2026 11:02:47 Europe/Berlin] PHP Warning:  Undefined array key "page_url" in D:\xampp\htdocs\khatalink\admin\visitors.php on line 146
[27-May-2026 11:02:47 Europe/Berlin] PHP Warning:  Undefined array key "user_agent" in D:\xampp\htdocs\khatalink\admin\visitors.php on line 150
[27-May-2026 11:02:47 Europe/Berlin] PHP Warning:  Undefined array key "user_agent" in D:\xampp\htdocs\khatalink\admin\visitors.php on line 151
[27-May-2026 11:02:47 Europe/Berlin] PHP Warning:  Undefined array key "page_url" in D:\xampp\htdocs\khatalink\admin\visitors.php on line 145
[27-May-2026 11:02:47 Europe/Berlin] PHP Warning:  Undefined array key "page_url" in D:\xampp\htdocs\khatalink\admin\visitors.php on line 146
[27-May-2026 11:02:47 Europe/Berlin] PHP Warning:  Undefined array key "user_agent" in D:\xampp\htdocs\khatalink\admin\visitors.php on line 150
[27-May-2026 11:02:47 Europe/Berlin] PHP Warning:  Undefined array key "user_agent" in D:\xampp\htdocs\khatalink\admin\visitors.php on line 151
[27-May-2026 11:02:47 Europe/Berlin] PHP Warning:  Undefined array key "page_url" in D:\xampp\htdocs\khatalink\admin\visitors.php on line 145
[27-May-2026 11:02:47 Europe/Berlin] PHP Warning:  Undefined array key "page_url" in D:\xampp\htdocs\khatalink\admin\visitors.php on line 146
[27-May-2026 11:02:47 Europe/Berlin] PHP Warning:  Undefined array key "user_agent" in D:\xampp\htdocs\khatalink\admin\visitors.php on line 150
[27-May-2026 11:02:47 Europe/Berlin] PHP Warning:  Undefined array key "user_agent" in D:\xampp\htdocs\khatalink\admin\visitors.php on line 151
[27-May-2026 11:02:47 Europe/Berlin] PHP Warning:  Undefined array key "page_url" in D:\xampp\htdocs\khatalink\admin\visitors.php on line 145
[27-May-2026 11:02:47 Europe/Berlin] PHP Warning:  Undefined array key "page_url" in D:\xampp\htdocs\khatalink\admin\visitors.php on line 146
[27-May-2026 11:02:47 Europe/Berlin] PHP Warning:  Undefined array key "user_agent" in D:\xampp\htdocs\khatalink\admin\visitors.php on line 150
[27-May-2026 11:02:47 Europe/Berlin] PHP Warning:  Undefined array key "user_agent" in D:\xampp\htdocs\khatalink\admin\visitors.php on line 151
[27-May-2026 11:02:47 Europe/Berlin] PHP Warning:  Undefined array key "page_url" in D:\xampp\htdocs\khatalink\admin\visitors.php on line 145
[27-May-2026 11:02:47 Europe/Berlin] PHP Warning:  Undefined array key "page_url" in D:\xampp\htdocs\khatalink\admin\visitors.php on line 146
[27-May-2026 11:02:47 Europe/Berlin] PHP Warning:  Undefined array key "user_agent" in D:\xampp\htdocs\khatalink\admin\visitors.php on line 150
[27-May-2026 11:02:47 Europe/Berlin] PHP Warning:  Undefined array key "user_agent" in D:\xampp\htdocs\khatalink\admin\visitors.php on line 151
[27-May-2026 11:02:47 Europe/Berlin] PHP Warning:  Undefined array key "page_url" in D:\xampp\htdocs\khatalink\admin\visitors.php on line 145
[27-May-2026 11:02:47 Europe/Berlin] PHP Warning:  Undefined array key "page_url" in D:\xampp\htdocs\khatalink\admin\visitors.php on line 146
[27-May-2026 11:02:47 Europe/Berlin] PHP Warning:  Undefined array key "user_agent" in D:\xampp\htdocs\khatalink\admin\visitors.php on line 150
[27-May-2026 11:02:47 Europe/Berlin] PHP Warning:  Undefined array key "user_agent" in D:\xampp\htdocs\khatalink\admin\visitors.php on line 151
[27-May-2026 11:02:47 Europe/Berlin] PHP Warning:  Undefined array key "page_url" in D:\xampp\htdocs\khatalink\admin\visitors.php on line 145
[27-May-2026 11:02:47 Europe/Berlin] PHP Warning:  Undefined array key "page_url" in D:\xampp\htdocs\khatalink\admin\visitors.php on line 146
[27-May-2026 11:02:47 Europe/Berlin] PHP Warning:  Undefined array key "user_agent" in D:\xampp\htdocs\khatalink\admin\visitors.php on line 150
[27-May-2026 11:02:47 Europe/Berlin] PHP Warning:  Undefined array key "user_agent" in D:\xampp\htdocs\khatalink\admin\visitors.php on line 151
[27-May-2026 11:02:47 Europe/Berlin] PHP Warning:  Undefined array key "page_url" in D:\xampp\htdocs\khatalink\admin\visitors.php on line 145
[27-May-2026 11:02:47 Europe/Berlin] PHP Warning:  Undefined array key "page_url" in D:\xampp\htdocs\khatalink\admin\visitors.php on line 146
[27-May-2026 11:02:47 Europe/Berlin] PHP Warning:  Undefined array key "user_agent" in D:\xampp\htdocs\khatalink\admin\visitors.php on line 150
[27-May-2026 11:02:47 Europe/Berlin] PHP Warning:  Undefined array key "user_agent" in D:\xampp\htdocs\khatalink\admin\visitors.php on line 151
[27-May-2026 11:02:47 Europe/Berlin] PHP Warning:  Undefined array key "page_url" in D:\xampp\htdocs\khatalink\admin\visitors.php on line 145
[27-May-2026 11:02:47 Europe/Berlin] PHP Warning:  Undefined array key "page_url" in D:\xampp\htdocs\khatalink\admin\visitors.php on line 146
[27-May-2026 11:02:47 Europe/Berlin] PHP Warning:  Undefined array key "user_agent" in D:\xampp\htdocs\khatalink\admin\visitors.php on line 150
[27-May-2026 11:02:47 Europe/Berlin] PHP Warning:  Undefined array key "user_agent" in D:\xampp\htdocs\khatalink\admin\visitors.php on line 151
[27-May-2026 11:02:47 Europe/Berlin] PHP Warning:  Undefined array key "page_url" in D:\xampp\htdocs\khatalink\admin\visitors.php on line 145
[27-May-2026 11:02:47 Europe/Berlin] PHP Warning:  Undefined array key "page_url" in D:\xampp\htdocs\khatalink\admin\visitors.php on line 146
[27-May-2026 11:02:47 Europe/Berlin] PHP Warning:  Undefined array key "user_agent" in D:\xampp\htdocs\khatalink\admin\visitors.php on line 150
[27-May-2026 11:02:47 Europe/Berlin] PHP Warning:  Undefined array key "user_agent" in D:\xampp\htdocs\khatalink\admin\visitors.php on line 151
[27-May-2026 11:02:47 Europe/Berlin] PHP Warning:  Undefined array key "page_url" in D:\xampp\htdocs\khatalink\admin\visitors.php on line 145
[27-May-2026 11:02:47 Europe/Berlin] PHP Warning:  Undefined array key "page_url" in D:\xampp\htdocs\khatalink\admin\visitors.php on line 146
[27-May-2026 11:02:47 Europe/Berlin] PHP Warning:  Undefined array key "user_agent" in D:\xampp\htdocs\khatalink\admin\visitors.php on line 150
[27-May-2026 11:02:47 Europe/Berlin] PHP Warning:  Undefined array key "user_agent" in D:\xampp\htdocs\khatalink\admin\visitors.php on line 151
[27-May-2026 11:02:47 Europe/Berlin] PHP Warning:  Undefined array key "page_url" in D:\xampp\htdocs\khatalink\admin\visitors.php on line 145
[27-May-2026 11:02:47 Europe/Berlin] PHP Warning:  Undefined array key "page_url" in D:\xampp\htdocs\khatalink\admin\visitors.php on line 146
[27-May-2026 11:02:47 Europe/Berlin] PHP Warning:  Undefined array key "user_agent" in D:\xampp\htdocs\khatalink\admin\visitors.php on line 150
[27-May-2026 11:02:47 Europe/Berlin] PHP Warning:  Undefined array key "user_agent" in D:\xampp\htdocs\khatalink\admin\visitors.php on line 151
[27-May-2026 11:02:47 Europe/Berlin] PHP Warning:  Undefined array key "page_url" in D:\xampp\htdocs\khatalink\admin\visitors.php on line 145
[27-May-2026 11:02:47 Europe/Berlin] PHP Warning:  Undefined array key "page_url" in D:\xampp\htdocs\khatalink\admin\visitors.php on line 146
[27-May-2026 11:02:47 Europe/Berlin] PHP Warning:  Undefined array key "user_agent" in D:\xampp\htdocs\khatalink\admin\visitors.php on line 150
[27-May-2026 11:02:47 Europe/Berlin] PHP Warning:  Undefined array key "user_agent" in D:\xampp\htdocs\khatalink\admin\visitors.php on line 151
[27-May-2026 11:02:47 Europe/Berlin] PHP Warning:  Undefined array key "page_url" in D:\xampp\htdocs\khatalink\admin\visitors.php on line 145
[27-May-2026 11:02:47 Europe/Berlin] PHP Warning:  Undefined array key "page_url" in D:\xampp\htdocs\khatalink\admin\visitors.php on line 146
[27-May-2026 11:02:47 Europe/Berlin] PHP Warning:  Undefined array key "user_agent" in D:\xampp\htdocs\khatalink\admin\visitors.php on line 150
[27-May-2026 11:02:47 Europe/Berlin] PHP Warning:  Undefined array key "user_agent" in D:\xampp\htdocs\khatalink\admin\visitors.php on line 151
[27-May-2026 11:02:47 Europe/Berlin] PHP Warning:  Undefined array key "page_url" in D:\xampp\htdocs\khatalink\admin\visitors.php on line 145
[27-May-2026 11:02:47 Europe/Berlin] PHP Warning:  Undefined array key "page_url" in D:\xampp\htdocs\khatalink\admin\visitors.php on line 146
[27-May-2026 11:02:47 Europe/Berlin] PHP Warning:  Undefined array key "user_agent" in D:\xampp\htdocs\khatalink\admin\visitors.php on line 150
[27-May-2026 11:02:47 Europe/Berlin] PHP Warning:  Undefined array key "user_agent" in D:\xampp\htdocs\khatalink\admin\visitors.php on line 151
[27-May-2026 11:02:47 Europe/Berlin] PHP Warning:  Undefined array key "page_url" in D:\xampp\htdocs\khatalink\admin\visitors.php on line 145
[27-May-2026 11:02:47 Europe/Berlin] PHP Warning:  Undefined array key "page_url" in D:\xampp\htdocs\khatalink\admin\visitors.php on line 146
[27-May-2026 11:02:47 Europe/Berlin] PHP Warning:  Undefined array key "user_agent" in D:\xampp\htdocs\khatalink\admin\visitors.php on line 150
[27-May-2026 11:02:47 Europe/Berlin] PHP Warning:  Undefined array key "user_agent" in D:\xampp\htdocs\khatalink\admin\visitors.php on line 151
[27-May-2026 11:02:47 Europe/Berlin] PHP Warning:  Undefined array key "page_url" in D:\xampp\htdocs\khatalink\admin\visitors.php on line 145
[27-May-2026 11:02:47 Europe/Berlin] PHP Warning:  Undefined array key "page_url" in D:\xampp\htdocs\khatalink\admin\visitors.php on line 146
[27-May-2026 11:02:47 Europe/Berlin] PHP Warning:  Undefined array key "user_agent" in D:\xampp\htdocs\khatalink\admin\visitors.php on line 150
[27-May-2026 11:02:47 Europe/Berlin] PHP Warning:  Undefined array key "user_agent" in D:\xampp\htdocs\khatalink\admin\visitors.php on line 151
[27-May-2026 11:02:47 Europe/Berlin] PHP Warning:  Undefined array key "page_url" in D:\xampp\htdocs\khatalink\admin\visitors.php on line 145
[27-May-2026 11:02:47 Europe/Berlin] PHP Warning:  Undefined array key "page_url" in D:\xampp\htdocs\khatalink\admin\visitors.php on line 146
[27-May-2026 11:02:47 Europe/Berlin] PHP Warning:  Undefined array key "user_agent" in D:\xampp\htdocs\khatalink\admin\visitors.php on line 150
[27-May-2026 11:02:47 Europe/Berlin] PHP Warning:  Undefined array key "user_agent" in D:\xampp\htdocs\khatalink\admin\visitors.php on line 151
[27-May-2026 11:02:47 Europe/Berlin] PHP Warning:  Undefined array key "page_url" in D:\xampp\htdocs\khatalink\admin\visitors.php on line 145
[27-May-2026 11:02:47 Europe/Berlin] PHP Warning:  Undefined array key "page_url" in D:\xampp\htdocs\khatalink\admin\visitors.php on line 146
[27-May-2026 11:02:47 Europe/Berlin] PHP Warning:  Undefined array key "user_agent" in D:\xampp\htdocs\khatalink\admin\visitors.php on line 150
[27-May-2026 11:02:47 Europe/Berlin] PHP Warning:  Undefined array key "user_agent" in D:\xampp\htdocs\khatalink\admin\visitors.php on line 151
[27-May-2026 11:02:47 Europe/Berlin] PHP Warning:  Undefined array key "page_url" in D:\xampp\htdocs\khatalink\admin\visitors.php on line 145
[27-May-2026 11:02:47 Europe/Berlin] PHP Warning:  Undefined array key "page_url" in D:\xampp\htdocs\khatalink\admin\visitors.php on line 146
[27-May-2026 11:02:47 Europe/Berlin] PHP Warning:  Undefined array key "user_agent" in D:\xampp\htdocs\khatalink\admin\visitors.php on line 150
[27-May-2026 11:02:47 Europe/Berlin] PHP Warning:  Undefined array key "user_agent" in D:\xampp\htdocs\khatalink\admin\visitors.php on line 151
[27-May-2026 11:02:47 Europe/Berlin] PHP Warning:  Undefined array key "page_url" in D:\xampp\htdocs\khatalink\admin\visitors.php on line 145
[27-May-2026 11:02:47 Europe/Berlin] PHP Warning:  Undefined array key "page_url" in D:\xampp\htdocs\khatalink\admin\visitors.php on line 146
[27-May-2026 11:02:47 Europe/Berlin] PHP Warning:  Undefined array key "user_agent" in D:\xampp\htdocs\khatalink\admin\visitors.php on line 150
[27-May-2026 11:02:47 Europe/Berlin] PHP Warning:  Undefined array key "user_agent" in D:\xampp\htdocs\khatalink\admin\visitors.php on line 151
[27-May-2026 11:02:47 Europe/Berlin] PHP Warning:  Undefined array key "page_url" in D:\xampp\htdocs\khatalink\admin\visitors.php on line 145
[27-May-2026 11:02:47 Europe/Berlin] PHP Warning:  Undefined array key "page_url" in D:\xampp\htdocs\khatalink\admin\visitors.php on line 146
[27-May-2026 11:02:47 Europe/Berlin] PHP Warning:  Undefined array key "user_agent" in D:\xampp\htdocs\khatalink\admin\visitors.php on line 150
[27-May-2026 11:02:47 Europe/Berlin] PHP Warning:  Undefined array key "user_agent" in D:\xampp\htdocs\khatalink\admin\visitors.php on line 151
[27-May-2026 11:02:47 Europe/Berlin] PHP Warning:  Undefined array key "page_url" in D:\xampp\htdocs\khatalink\admin\visitors.php on line 145
[27-May-2026 11:02:47 Europe/Berlin] PHP Warning:  Undefined array key "page_url" in D:\xampp\htdocs\khatalink\admin\visitors.php on line 146
[27-May-2026 11:02:47 Europe/Berlin] PHP Warning:  Undefined array key "user_agent" in D:\xampp\htdocs\khatalink\admin\visitors.php on line 150
[27-May-2026 11:02:47 Europe/Berlin] PHP Warning:  Undefined array key "user_agent" in D:\xampp\htdocs\khatalink\admin\visitors.php on line 151
[27-May-2026 11:02:47 Europe/Berlin] PHP Warning:  Undefined array key "page_url" in D:\xampp\htdocs\khatalink\admin\visitors.php on line 145
[27-May-2026 11:02:47 Europe/Berlin] PHP Warning:  Undefined array key "page_url" in D:\xampp\htdocs\khatalink\admin\visitors.php on line 146
[27-May-2026 11:02:47 Europe/Berlin] PHP Warning:  Undefined array key "user_agent" in D:\xampp\htdocs\khatalink\admin\visitors.php on line 150
[27-May-2026 11:02:47 Europe/Berlin] PHP Warning:  Undefined array key "user_agent" in D:\xampp\htdocs\khatalink\admin\visitors.php on line 151
[27-May-2026 11:02:47 Europe/Berlin] PHP Warning:  Undefined array key "page_url" in D:\xampp\htdocs\khatalink\admin\visitors.php on line 145
[27-May-2026 11:02:47 Europe/Berlin] PHP Warning:  Undefined array key "page_url" in D:\xampp\htdocs\khatalink\admin\visitors.php on line 146
[27-May-2026 11:02:47 Europe/Berlin] PHP Warning:  Undefined array key "user_agent" in D:\xampp\htdocs\khatalink\admin\visitors.php on line 150
[27-May-2026 11:02:47 Europe/Berlin] PHP Warning:  Undefined array key "user_agent" in D:\xampp\htdocs\khatalink\admin\visitors.php on line 151
[27-May-2026 11:02:47 Europe/Berlin] PHP Warning:  Undefined array key "page_url" in D:\xampp\htdocs\khatalink\admin\visitors.php on line 145
[27-May-2026 11:02:47 Europe/Berlin] PHP Warning:  Undefined array key "page_url" in D:\xampp\htdocs\khatalink\admin\visitors.php on line 146
[27-May-2026 11:02:47 Europe/Berlin] PHP Warning:  Undefined array key "user_agent" in D:\xampp\htdocs\khatalink\admin\visitors.php on line 150
[27-May-2026 11:02:47 Europe/Berlin] PHP Warning:  Undefined array key "user_agent" in D:\xampp\htdocs\khatalink\admin\visitors.php on line 151
[27-May-2026 11:02:47 Europe/Berlin] PHP Warning:  Undefined array key "page_url" in D:\xampp\htdocs\khatalink\admin\visitors.php on line 145
[27-May-2026 11:02:47 Europe/Berlin] PHP Warning:  Undefined array key "page_url" in D:\xampp\htdocs\khatalink\admin\visitors.php on line 146
[27-May-2026 11:02:47 Europe/Berlin] PHP Warning:  Undefined array key "user_agent" in D:\xampp\htdocs\khatalink\admin\visitors.php on line 150
[27-May-2026 11:02:47 Europe/Berlin] PHP Warning:  Undefined array key "user_agent" in D:\xampp\htdocs\khatalink\admin\visitors.php on line 151
[27-May-2026 11:02:47 Europe/Berlin] PHP Warning:  Undefined array key "page_url" in D:\xampp\htdocs\khatalink\admin\visitors.php on line 145
[27-May-2026 11:02:47 Europe/Berlin] PHP Warning:  Undefined array key "page_url" in D:\xampp\htdocs\khatalink\admin\visitors.php on line 146
[27-May-2026 11:02:47 Europe/Berlin] PHP Warning:  Undefined array key "user_agent" in D:\xampp\htdocs\khatalink\admin\visitors.php on line 150
[27-May-2026 11:02:47 Europe/Berlin] PHP Warning:  Undefined array key "user_agent" in D:\xampp\htdocs\khatalink\admin\visitors.php on line 151
[27-May-2026 11:02:47 Europe/Berlin] PHP Warning:  Undefined array key "page_url" in D:\xampp\htdocs\khatalink\admin\visitors.php on line 145
[27-May-2026 11:02:47 Europe/Berlin] PHP Warning:  Undefined array key "page_url" in D:\xampp\htdocs\khatalink\admin\visitors.php on line 146
[27-May-2026 11:02:47 Europe/Berlin] PHP Warning:  Undefined array key "user_agent" in D:\xampp\htdocs\khatalink\admin\visitors.php on line 150
[27-May-2026 11:02:47 Europe/Berlin] PHP Warning:  Undefined array key "user_agent" in D:\xampp\htdocs\khatalink\admin\visitors.php on line 151
[27-May-2026 11:02:47 Europe/Berlin] PHP Warning:  Undefined array key "page_url" in D:\xampp\htdocs\khatalink\admin\visitors.php on line 145
[27-May-2026 11:02:47 Europe/Berlin] PHP Warning:  Undefined array key "page_url" in D:\xampp\htdocs\khatalink\admin\visitors.php on line 146
[27-May-2026 11:02:47 Europe/Berlin] PHP Warning:  Undefined array key "user_agent" in D:\xampp\htdocs\khatalink\admin\visitors.php on line 150
[27-May-2026 11:02:47 Europe/Berlin] PHP Warning:  Undefined array key "user_agent" in D:\xampp\htdocs\khatalink\admin\visitors.php on line 151
[27-May-2026 11:02:47 Europe/Berlin] PHP Warning:  Undefined array key "page_url" in D:\xampp\htdocs\khatalink\admin\visitors.php on line 145
[27-May-2026 11:02:47 Europe/Berlin] PHP Warning:  Undefined array key "page_url" in D:\xampp\htdocs\khatalink\admin\visitors.php on line 146
[27-May-2026 11:02:47 Europe/Berlin] PHP Warning:  Undefined array key "user_agent" in D:\xampp\htdocs\khatalink\admin\visitors.php on line 150
[27-May-2026 11:02:47 Europe/Berlin] PHP Warning:  Undefined array key "user_agent" in D:\xampp\htdocs\khatalink\admin\visitors.php on line 151
[27-May-2026 11:02:47 Europe/Berlin] PHP Warning:  Undefined array key "page_url" in D:\xampp\htdocs\khatalink\admin\visitors.php on line 145
[27-May-2026 11:02:47 Europe/Berlin] PHP Warning:  Undefined array key "page_url" in D:\xampp\htdocs\khatalink\admin\visitors.php on line 146
[27-May-2026 11:02:47 Europe/Berlin] PHP Warning:  Undefined array key "user_agent" in D:\xampp\htdocs\khatalink\admin\visitors.php on line 150
[27-May-2026 11:02:47 Europe/Berlin] PHP Warning:  Undefined array key "user_agent" in D:\xampp\htdocs\khatalink\admin\visitors.php on line 151
[27-May-2026 11:02:47 Europe/Berlin] PHP Warning:  Undefined array key "page_url" in D:\xampp\htdocs\khatalink\admin\visitors.php on line 145
[27-May-2026 11:02:47 Europe/Berlin] PHP Warning:  Undefined array key "page_url" in D:\xampp\htdocs\khatalink\admin\visitors.php on line 146
[27-May-2026 11:02:47 Europe/Berlin] PHP Warning:  Undefined array key "user_agent" in D:\xampp\htdocs\khatalink\admin\visitors.php on line 150
[27-May-2026 11:02:47 Europe/Berlin] PHP Warning:  Undefined array key "user_agent" in D:\xampp\htdocs\khatalink\admin\visitors.php on line 151
[27-May-2026 11:02:47 Europe/Berlin] PHP Warning:  Undefined array key "page_url" in D:\xampp\htdocs\khatalink\admin\visitors.php on line 145
[27-May-2026 11:02:47 Europe/Berlin] PHP Warning:  Undefined array key "page_url" in D:\xampp\htdocs\khatalink\admin\visitors.php on line 146
[27-May-2026 11:02:47 Europe/Berlin] PHP Warning:  Undefined array key "user_agent" in D:\xampp\htdocs\khatalink\admin\visitors.php on line 150
[27-May-2026 11:02:47 Europe/Berlin] PHP Warning:  Undefined array key "user_agent" in D:\xampp\htdocs\khatalink\admin\visitors.php on line 151
[27-May-2026 11:02:47 Europe/Berlin] PHP Warning:  Undefined array key "page_url" in D:\xampp\htdocs\khatalink\admin\visitors.php on line 145
[27-May-2026 11:02:47 Europe/Berlin] PHP Warning:  Undefined array key "page_url" in D:\xampp\htdocs\khatalink\admin\visitors.php on line 146
[27-May-2026 11:02:47 Europe/Berlin] PHP Warning:  Undefined array key "user_agent" in D:\xampp\htdocs\khatalink\admin\visitors.php on line 150
[27-May-2026 11:02:47 Europe/Berlin] PHP Warning:  Undefined array key "user_agent" in D:\xampp\htdocs\khatalink\admin\visitors.php on line 151
[27-May-2026 11:02:47 Europe/Berlin] PHP Warning:  Undefined array key "page_url" in D:\xampp\htdocs\khatalink\admin\visitors.php on line 145
[27-May-2026 11:02:47 Europe/Berlin] PHP Warning:  Undefined array key "page_url" in D:\xampp\htdocs\khatalink\admin\visitors.php on line 146
[27-May-2026 11:02:47 Europe/Berlin] PHP Warning:  Undefined array key "user_agent" in D:\xampp\htdocs\khatalink\admin\visitors.php on line 150
[27-May-2026 11:02:47 Europe/Berlin] PHP Warning:  Undefined array key "user_agent" in D:\xampp\htdocs\khatalink\admin\visitors.php on line 151
[27-May-2026 11:02:47 Europe/Berlin] PHP Warning:  Undefined array key "page_url" in D:\xampp\htdocs\khatalink\admin\visitors.php on line 145
[27-May-2026 11:02:47 Europe/Berlin] PHP Warning:  Undefined array key "page_url" in D:\xampp\htdocs\khatalink\admin\visitors.php on line 146
[27-May-2026 11:02:47 Europe/Berlin] PHP Warning:  Undefined array key "user_agent" in D:\xampp\htdocs\khatalink\admin\visitors.php on line 150
[27-May-2026 11:02:47 Europe/Berlin] PHP Warning:  Undefined array key "user_agent" in D:\xampp\htdocs\khatalink\admin\visitors.php on line 151
[27-May-2026 11:02:47 Europe/Berlin] PHP Warning:  Undefined array key "page_url" in D:\xampp\htdocs\khatalink\admin\visitors.php on line 145
[27-May-2026 11:02:47 Europe/Berlin] PHP Warning:  Undefined array key "page_url" in D:\xampp\htdocs\khatalink\admin\visitors.php on line 146
[27-May-2026 11:02:47 Europe/Berlin] PHP Warning:  Undefined array key "user_agent" in D:\xampp\htdocs\khatalink\admin\visitors.php on line 150
[27-May-2026 11:02:47 Europe/Berlin] PHP Warning:  Undefined array key "user_agent" in D:\xampp\htdocs\khatalink\admin\visitors.php on line 151
[27-May-2026 11:02:47 Europe/Berlin] PHP Warning:  Undefined array key "page_url" in D:\xampp\htdocs\khatalink\admin\visitors.php on line 145
[27-May-2026 11:02:47 Europe/Berlin] PHP Warning:  Undefined array key "page_url" in D:\xampp\htdocs\khatalink\admin\visitors.php on line 146
[27-May-2026 11:02:47 Europe/Berlin] PHP Warning:  Undefined array key "user_agent" in D:\xampp\htdocs\khatalink\admin\visitors.php on line 150
[27-May-2026 11:02:47 Europe/Berlin] PHP Warning:  Undefined array key "user_agent" in D:\xampp\htdocs\khatalink\admin\visitors.php on line 151
[27-May-2026 11:02:47 Europe/Berlin] PHP Warning:  Undefined array key "page_url" in D:\xampp\htdocs\khatalink\admin\visitors.php on line 145
[27-May-2026 11:02:47 Europe/Berlin] PHP Warning:  Undefined array key "page_url" in D:\xampp\htdocs\khatalink\admin\visitors.php on line 146
[27-May-2026 11:02:47 Europe/Berlin] PHP Warning:  Undefined array key "user_agent" in D:\xampp\htdocs\khatalink\admin\visitors.php on line 150
[27-May-2026 11:02:47 Europe/Berlin] PHP Warning:  Undefined array key "user_agent" in D:\xampp\htdocs\khatalink\admin\visitors.php on line 151
[27-May-2026 11:02:47 Europe/Berlin] PHP Warning:  Undefined array key "page_url" in D:\xampp\htdocs\khatalink\admin\visitors.php on line 145
[27-May-2026 11:02:47 Europe/Berlin] PHP Warning:  Undefined array key "page_url" in D:\xampp\htdocs\khatalink\admin\visitors.php on line 146
[27-May-2026 11:02:47 Europe/Berlin] PHP Warning:  Undefined array key "user_agent" in D:\xampp\htdocs\khatalink\admin\visitors.php on line 150
[27-May-2026 11:02:47 Europe/Berlin] PHP Warning:  Undefined array key "user_agent" in D:\xampp\htdocs\khatalink\admin\visitors.php on line 151
[27-May-2026 11:02:47 Europe/Berlin] PHP Warning:  Undefined array key "page_url" in D:\xampp\htdocs\khatalink\admin\visitors.php on line 145
[27-May-2026 11:02:47 Europe/Berlin] PHP Warning:  Undefined array key "page_url" in D:\xampp\htdocs\khatalink\admin\visitors.php on line 146
[27-May-2026 11:02:47 Europe/Berlin] PHP Warning:  Undefined array key "user_agent" in D:\xampp\htdocs\khatalink\admin\visitors.php on line 150
[27-May-2026 11:02:47 Europe/Berlin] PHP Warning:  Undefined array key "user_agent" in D:\xampp\htdocs\khatalink\admin\visitors.php on line 151
[27-May-2026 11:02:47 Europe/Berlin] PHP Warning:  Undefined array key "page_url" in D:\xampp\htdocs\khatalink\admin\visitors.php on line 145
[27-May-2026 11:02:47 Europe/Berlin] PHP Warning:  Undefined array key "page_url" in D:\xampp\htdocs\khatalink\admin\visitors.php on line 146
[27-May-2026 11:02:47 Europe/Berlin] PHP Warning:  Undefined array key "user_agent" in D:\xampp\htdocs\khatalink\admin\visitors.php on line 150
[27-May-2026 11:02:47 Europe/Berlin] PHP Warning:  Undefined array key "user_agent" in D:\xampp\htdocs\khatalink\admin\visitors.php on line 151
[27-May-2026 11:02:47 Europe/Berlin] PHP Warning:  Undefined array key "page_url" in D:\xampp\htdocs\khatalink\admin\visitors.php on line 145
[27-May-2026 11:02:47 Europe/Berlin] PHP Warning:  Undefined array key "page_url" in D:\xampp\htdocs\khatalink\admin\visitors.php on line 146
[27-May-2026 11:02:47 Europe/Berlin] PHP Warning:  Undefined array key "user_agent" in D:\xampp\htdocs\khatalink\admin\visitors.php on line 150
[27-May-2026 11:02:47 Europe/Berlin] PHP Warning:  Undefined array key "user_agent" in D:\xampp\htdocs\khatalink\admin\visitors.php on line 151
[27-May-2026 11:02:47 Europe/Berlin] PHP Warning:  Undefined array key "page_url" in D:\xampp\htdocs\khatalink\admin\visitors.php on line 145
[27-May-2026 11:02:47 Europe/Berlin] PHP Warning:  Undefined array key "page_url" in D:\xampp\htdocs\khatalink\admin\visitors.php on line 146
[27-May-2026 11:02:47 Europe/Berlin] PHP Warning:  Undefined array key "user_agent" in D:\xampp\htdocs\khatalink\admin\visitors.php on line 150
[27-May-2026 11:02:47 Europe/Berlin] PHP Warning:  Undefined array key "user_agent" in D:\xampp\htdocs\khatalink\admin\visitors.php on line 151
[27-May-2026 11:02:47 Europe/Berlin] PHP Warning:  Undefined array key "page_url" in D:\xampp\htdocs\khatalink\admin\visitors.php on line 145
[27-May-2026 11:02:47 Europe/Berlin] PHP Warning:  Undefined array key "page_url" in D:\xampp\htdocs\khatalink\admin\visitors.php on line 146
[27-May-2026 11:02:47 Europe/Berlin] PHP Warning:  Undefined array key "user_agent" in D:\xampp\htdocs\khatalink\admin\visitors.php on line 150
[27-May-2026 11:02:47 Europe/Berlin] PHP Warning:  Undefined array key "user_agent" in D:\xampp\htdocs\khatalink\admin\visitors.php on line 151
[27-May-2026 11:02:47 Europe/Berlin] PHP Warning:  Undefined array key "page_url" in D:\xampp\htdocs\khatalink\admin\visitors.php on line 145
[27-May-2026 11:02:47 Europe/Berlin] PHP Warning:  Undefined array key "page_url" in D:\xampp\htdocs\khatalink\admin\visitors.php on line 146
[27-May-2026 11:02:47 Europe/Berlin] PHP Warning:  Undefined array key "user_agent" in D:\xampp\htdocs\khatalink\admin\visitors.php on line 150
[27-May-2026 11:02:47 Europe/Berlin] PHP Warning:  Undefined array key "user_agent" in D:\xampp\htdocs\khatalink\admin\visitors.php on line 151
[27-May-2026 11:02:47 Europe/Berlin] PHP Warning:  Undefined array key "page_url" in D:\xampp\htdocs\khatalink\admin\visitors.php on line 145
[27-May-2026 11:02:47 Europe/Berlin] PHP Warning:  Undefined array key "page_url" in D:\xampp\htdocs\khatalink\admin\visitors.php on line 146
[27-May-2026 11:02:47 Europe/Berlin] PHP Warning:  Undefined array key "user_agent" in D:\xampp\htdocs\khatalink\admin\visitors.php on line 150
[27-May-2026 11:02:47 Europe/Berlin] PHP Warning:  Undefined array key "user_agent" in D:\xampp\htdocs\khatalink\admin\visitors.php on line 151
[27-May-2026 11:02:47 Europe/Berlin] PHP Warning:  Undefined array key "page_url" in D:\xampp\htdocs\khatalink\admin\visitors.php on line 145
[27-May-2026 11:02:47 Europe/Berlin] PHP Warning:  Undefined array key "page_url" in D:\xampp\htdocs\khatalink\admin\visitors.php on line 146
[27-May-2026 11:02:47 Europe/Berlin] PHP Warning:  Undefined array key "user_agent" in D:\xampp\htdocs\khatalink\admin\visitors.php on line 150
[27-May-2026 11:02:47 Europe/Berlin] PHP Warning:  Undefined array key "user_agent" in D:\xampp\htdocs\khatalink\admin\visitors.php on line 151
[27-May-2026 11:02:47 Europe/Berlin] PHP Warning:  Undefined array key "page_url" in D:\xampp\htdocs\khatalink\admin\visitors.php on line 145
[27-May-2026 11:02:47 Europe/Berlin] PHP Warning:  Undefined array key "page_url" in D:\xampp\htdocs\khatalink\admin\visitors.php on line 146
[27-May-2026 11:02:47 Europe/Berlin] PHP Warning:  Undefined array key "user_agent" in D:\xampp\htdocs\khatalink\admin\visitors.php on line 150
[27-May-2026 11:02:47 Europe/Berlin] PHP Warning:  Undefined array key "user_agent" in D:\xampp\htdocs\khatalink\admin\visitors.php on line 151
[27-May-2026 11:02:47 Europe/Berlin] PHP Warning:  Undefined array key "page_url" in D:\xampp\htdocs\khatalink\admin\visitors.php on line 145
[27-May-2026 11:02:47 Europe/Berlin] PHP Warning:  Undefined array key "page_url" in D:\xampp\htdocs\khatalink\admin\visitors.php on line 146
[27-May-2026 11:02:47 Europe/Berlin] PHP Warning:  Undefined array key "user_agent" in D:\xampp\htdocs\khatalink\admin\visitors.php on line 150
[27-May-2026 11:02:47 Europe/Berlin] PHP Warning:  Undefined array key "user_agent" in D:\xampp\htdocs\khatalink\admin\visitors.php on line 151
[27-May-2026 11:02:47 Europe/Berlin] PHP Warning:  Undefined array key "page_url" in D:\xampp\htdocs\khatalink\admin\visitors.php on line 145
[27-May-2026 11:02:47 Europe/Berlin] PHP Warning:  Undefined array key "page_url" in D:\xampp\htdocs\khatalink\admin\visitors.php on line 146
[27-May-2026 11:02:47 Europe/Berlin] PHP Warning:  Undefined array key "user_agent" in D:\xampp\htdocs\khatalink\admin\visitors.php on line 150
[27-May-2026 11:02:47 Europe/Berlin] PHP Warning:  Undefined array key "user_agent" in D:\xampp\htdocs\khatalink\admin\visitors.php on line 151
[27-May-2026 11:02:47 Europe/Berlin] PHP Warning:  Undefined array key "page_url" in D:\xampp\htdocs\khatalink\admin\visitors.php on line 145
[27-May-2026 11:02:47 Europe/Berlin] PHP Warning:  Undefined array key "page_url" in D:\xampp\htdocs\khatalink\admin\visitors.php on line 146
[27-May-2026 11:02:47 Europe/Berlin] PHP Warning:  Undefined array key "user_agent" in D:\xampp\htdocs\khatalink\admin\visitors.php on line 150
[27-May-2026 11:02:47 Europe/Berlin] PHP Warning:  Undefined array key "user_agent" in D:\xampp\htdocs\khatalink\admin\visitors.php on line 151
[27-May-2026 11:02:47 Europe/Berlin] PHP Warning:  Undefined array key "page_url" in D:\xampp\htdocs\khatalink\admin\visitors.php on line 145
[27-May-2026 11:02:47 Europe/Berlin] PHP Warning:  Undefined array key "page_url" in D:\xampp\htdocs\khatalink\admin\visitors.php on line 146
[27-May-2026 11:02:47 Europe/Berlin] PHP Warning:  Undefined array key "user_agent" in D:\xampp\htdocs\khatalink\admin\visitors.php on line 150
[27-May-2026 11:02:47 Europe/Berlin] PHP Warning:  Undefined array key "user_agent" in D:\xampp\htdocs\khatalink\admin\visitors.php on line 151
[27-May-2026 11:02:47 Europe/Berlin] PHP Warning:  Undefined array key "page_url" in D:\xampp\htdocs\khatalink\admin\visitors.php on line 145
[27-May-2026 11:02:47 Europe/Berlin] PHP Warning:  Undefined array key "page_url" in D:\xampp\htdocs\khatalink\admin\visitors.php on line 146
[27-May-2026 11:02:47 Europe/Berlin] PHP Warning:  Undefined array key "user_agent" in D:\xampp\htdocs\khatalink\admin\visitors.php on line 150
[27-May-2026 11:02:47 Europe/Berlin] PHP Warning:  Undefined array key "user_agent" in D:\xampp\htdocs\khatalink\admin\visitors.php on line 151
[27-May-2026 11:02:47 Europe/Berlin] PHP Warning:  Undefined array key "page_url" in D:\xampp\htdocs\khatalink\admin\visitors.php on line 145
[27-May-2026 11:02:47 Europe/Berlin] PHP Warning:  Undefined array key "page_url" in D:\xampp\htdocs\khatalink\admin\visitors.php on line 146
[27-May-2026 11:02:47 Europe/Berlin] PHP Warning:  Undefined array key "user_agent" in D:\xampp\htdocs\khatalink\admin\visitors.php on line 150
[27-May-2026 11:02:47 Europe/Berlin] PHP Warning:  Undefined array key "user_agent" in D:\xampp\htdocs\khatalink\admin\visitors.php on line 151
[27-May-2026 11:02:47 Europe/Berlin] PHP Warning:  Undefined array key "page_url" in D:\xampp\htdocs\khatalink\admin\visitors.php on line 145
[27-May-2026 11:02:47 Europe/Berlin] PHP Warning:  Undefined array key "page_url" in D:\xampp\htdocs\khatalink\admin\visitors.php on line 146
[27-May-2026 11:02:47 Europe/Berlin] PHP Warning:  Undefined array key "user_agent" in D:\xampp\htdocs\khatalink\admin\visitors.php on line 150
[27-May-2026 11:02:47 Europe/Berlin] PHP Warning:  Undefined array key "user_agent" in D:\xampp\htdocs\khatalink\admin\visitors.php on line 151
[27-May-2026 11:02:47 Europe/Berlin] PHP Warning:  Undefined array key "page_url" in D:\xampp\htdocs\khatalink\admin\visitors.php on line 145
[27-May-2026 11:02:47 Europe/Berlin] PHP Warning:  Undefined array key "page_url" in D:\xampp\htdocs\khatalink\admin\visitors.php on line 146
[27-May-2026 11:02:47 Europe/Berlin] PHP Warning:  Undefined array key "user_agent" in D:\xampp\htdocs\khatalink\admin\visitors.php on line 150
[27-May-2026 11:02:47 Europe/Berlin] PHP Warning:  Undefined array key "user_agent" in D:\xampp\htdocs\khatalink\admin\visitors.php on line 151
[27-May-2026 11:02:47 Europe/Berlin] PHP Warning:  Undefined array key "page_url" in D:\xampp\htdocs\khatalink\admin\visitors.php on line 145
[27-May-2026 11:02:47 Europe/Berlin] PHP Warning:  Undefined array key "page_url" in D:\xampp\htdocs\khatalink\admin\visitors.php on line 146
[27-May-2026 11:02:47 Europe/Berlin] PHP Warning:  Undefined array key "user_agent" in D:\xampp\htdocs\khatalink\admin\visitors.php on line 150
[27-May-2026 11:02:47 Europe/Berlin] PHP Warning:  Undefined array key "user_agent" in D:\xampp\htdocs\khatalink\admin\visitors.php on line 151
[27-May-2026 11:02:47 Europe/Berlin] PHP Warning:  Undefined array key "page_url" in D:\xampp\htdocs\khatalink\admin\visitors.php on line 145
[27-May-2026 11:02:47 Europe/Berlin] PHP Warning:  Undefined array key "page_url" in D:\xampp\htdocs\khatalink\admin\visitors.php on line 146
[27-May-2026 11:02:47 Europe/Berlin] PHP Warning:  Undefined array key "user_agent" in D:\xampp\htdocs\khatalink\admin\visitors.php on line 150
[27-May-2026 11:02:47 Europe/Berlin] PHP Warning:  Undefined array key "user_agent" in D:\xampp\htdocs\khatalink\admin\visitors.php on line 151
[27-May-2026 11:02:47 Europe/Berlin] PHP Warning:  Undefined array key "page_url" in D:\xampp\htdocs\khatalink\admin\visitors.php on line 145
[27-May-2026 11:02:47 Europe/Berlin] PHP Warning:  Undefined array key "page_url" in D:\xampp\htdocs\khatalink\admin\visitors.php on line 146
[27-May-2026 11:02:47 Europe/Berlin] PHP Warning:  Undefined array key "user_agent" in D:\xampp\htdocs\khatalink\admin\visitors.php on line 150
[27-May-2026 11:02:47 Europe/Berlin] PHP Warning:  Undefined array key "user_agent" in D:\xampp\htdocs\khatalink\admin\visitors.php on line 151
[27-May-2026 11:02:47 Europe/Berlin] PHP Warning:  Undefined array key "page_url" in D:\xampp\htdocs\khatalink\admin\visitors.php on line 145
[27-May-2026 11:02:47 Europe/Berlin] PHP Warning:  Undefined array key "page_url" in D:\xampp\htdocs\khatalink\admin\visitors.php on line 146
[27-May-2026 11:02:47 Europe/Berlin] PHP Warning:  Undefined array key "user_agent" in D:\xampp\htdocs\khatalink\admin\visitors.php on line 150
[27-May-2026 11:02:47 Europe/Berlin] PHP Warning:  Undefined array key "user_agent" in D:\xampp\htdocs\khatalink\admin\visitors.php on line 151
[27-May-2026 11:02:47 Europe/Berlin] PHP Warning:  Undefined array key "page_url" in D:\xampp\htdocs\khatalink\admin\visitors.php on line 145
[27-May-2026 11:02:47 Europe/Berlin] PHP Warning:  Undefined array key "page_url" in D:\xampp\htdocs\khatalink\admin\visitors.php on line 146
[27-May-2026 11:02:47 Europe/Berlin] PHP Warning:  Undefined array key "user_agent" in D:\xampp\htdocs\khatalink\admin\visitors.php on line 150
[27-May-2026 11:02:47 Europe/Berlin] PHP Warning:  Undefined array key "user_agent" in D:\xampp\htdocs\khatalink\admin\visitors.php on line 151
[27-May-2026 11:02:47 Europe/Berlin] PHP Warning:  Undefined array key "page_url" in D:\xampp\htdocs\khatalink\admin\visitors.php on line 145
[27-May-2026 11:02:47 Europe/Berlin] PHP Warning:  Undefined array key "page_url" in D:\xampp\htdocs\khatalink\admin\visitors.php on line 146
[27-May-2026 11:02:47 Europe/Berlin] PHP Warning:  Undefined array key "user_agent" in D:\xampp\htdocs\khatalink\admin\visitors.php on line 150
[27-May-2026 11:02:47 Europe/Berlin] PHP Warning:  Undefined array key "user_agent" in D:\xampp\htdocs\khatalink\admin\visitors.php on line 151
[27-May-2026 11:02:47 Europe/Berlin] PHP Warning:  Undefined array key "page_url" in D:\xampp\htdocs\khatalink\admin\visitors.php on line 145
[27-May-2026 11:02:47 Europe/Berlin] PHP Warning:  Undefined array key "page_url" in D:\xampp\htdocs\khatalink\admin\visitors.php on line 146
[27-May-2026 11:02:47 Europe/Berlin] PHP Warning:  Undefined array key "user_agent" in D:\xampp\htdocs\khatalink\admin\visitors.php on line 150
[27-May-2026 11:02:47 Europe/Berlin] PHP Warning:  Undefined array key "user_agent" in D:\xampp\htdocs\khatalink\admin\visitors.php on line 151
[27-May-2026 11:02:47 Europe/Berlin] PHP Warning:  Undefined array key "page_url" in D:\xampp\htdocs\khatalink\admin\visitors.php on line 145
[27-May-2026 11:02:47 Europe/Berlin] PHP Warning:  Undefined array key "page_url" in D:\xampp\htdocs\khatalink\admin\visitors.php on line 146
[27-May-2026 11:02:47 Europe/Berlin] PHP Warning:  Undefined array key "user_agent" in D:\xampp\htdocs\khatalink\admin\visitors.php on line 150
[27-May-2026 11:02:47 Europe/Berlin] PHP Warning:  Undefined array key "user_agent" in D:\xampp\htdocs\khatalink\admin\visitors.php on line 151
[27-May-2026 11:02:47 Europe/Berlin] PHP Warning:  Undefined array key "page_url" in D:\xampp\htdocs\khatalink\admin\visitors.php on line 145
[27-May-2026 11:02:47 Europe/Berlin] PHP Warning:  Undefined array key "page_url" in D:\xampp\htdocs\khatalink\admin\visitors.php on line 146
[27-May-2026 11:02:47 Europe/Berlin] PHP Warning:  Undefined array key "user_agent" in D:\xampp\htdocs\khatalink\admin\visitors.php on line 150
[27-May-2026 11:02:47 Europe/Berlin] PHP Warning:  Undefined array key "user_agent" in D:\xampp\htdocs\khatalink\admin\visitors.php on line 151
[27-May-2026 11:02:47 Europe/Berlin] PHP Warning:  Undefined array key "page_url" in D:\xampp\htdocs\khatalink\admin\visitors.php on line 145
[27-May-2026 11:02:47 Europe/Berlin] PHP Warning:  Undefined array key "page_url" in D:\xampp\htdocs\khatalink\admin\visitors.php on line 146
[27-May-2026 11:02:47 Europe/Berlin] PHP Warning:  Undefined array key "user_agent" in D:\xampp\htdocs\khatalink\admin\visitors.php on line 150
[27-May-2026 11:02:47 Europe/Berlin] PHP Warning:  Undefined array key "user_agent" in D:\xampp\htdocs\khatalink\admin\visitors.php on line 151
[27-May-2026 11:02:47 Europe/Berlin] PHP Warning:  Undefined array key "page_url" in D:\xampp\htdocs\khatalink\admin\visitors.php on line 145
[27-May-2026 11:02:47 Europe/Berlin] PHP Warning:  Undefined array key "page_url" in D:\xampp\htdocs\khatalink\admin\visitors.php on line 146
[27-May-2026 11:02:47 Europe/Berlin] PHP Warning:  Undefined array key "user_agent" in D:\xampp\htdocs\khatalink\admin\visitors.php on line 150
[27-May-2026 11:02:47 Europe/Berlin] PHP Warning:  Undefined array key "user_agent" in D:\xampp\htdocs\khatalink\admin\visitors.php on line 151
[27-May-2026 11:02:47 Europe/Berlin] PHP Warning:  Undefined array key "page_url" in D:\xampp\htdocs\khatalink\admin\visitors.php on line 145
[27-May-2026 11:02:47 Europe/Berlin] PHP Warning:  Undefined array key "page_url" in D:\xampp\htdocs\khatalink\admin\visitors.php on line 146
[27-May-2026 11:02:47 Europe/Berlin] PHP Warning:  Undefined array key "user_agent" in D:\xampp\htdocs\khatalink\admin\visitors.php on line 150
[27-May-2026 11:02:47 Europe/Berlin] PHP Warning:  Undefined array key "user_agent" in D:\xampp\htdocs\khatalink\admin\visitors.php on line 151
[27-May-2026 11:02:47 Europe/Berlin] PHP Warning:  Undefined array key "page_url" in D:\xampp\htdocs\khatalink\admin\visitors.php on line 145
[27-May-2026 11:02:47 Europe/Berlin] PHP Warning:  Undefined array key "page_url" in D:\xampp\htdocs\khatalink\admin\visitors.php on line 146
[27-May-2026 11:02:47 Europe/Berlin] PHP Warning:  Undefined array key "user_agent" in D:\xampp\htdocs\khatalink\admin\visitors.php on line 150
[27-May-2026 11:02:47 Europe/Berlin] PHP Warning:  Undefined array key "user_agent" in D:\xampp\htdocs\khatalink\admin\visitors.php on line 151
[27-May-2026 11:02:47 Europe/Berlin] PHP Warning:  Undefined array key "page_url" in D:\xampp\htdocs\khatalink\admin\visitors.php on line 145
[27-May-2026 11:02:47 Europe/Berlin] PHP Warning:  Undefined array key "page_url" in D:\xampp\htdocs\khatalink\admin\visitors.php on line 146
[27-May-2026 11:02:47 Europe/Berlin] PHP Warning:  Undefined array key "user_agent" in D:\xampp\htdocs\khatalink\admin\visitors.php on line 150
[27-May-2026 11:02:47 Europe/Berlin] PHP Warning:  Undefined array key "user_agent" in D:\xampp\htdocs\khatalink\admin\visitors.php on line 151
[27-May-2026 11:02:47 Europe/Berlin] PHP Warning:  Undefined array key "page_url" in D:\xampp\htdocs\khatalink\admin\visitors.php on line 145
[27-May-2026 11:02:47 Europe/Berlin] PHP Warning:  Undefined array key "page_url" in D:\xampp\htdocs\khatalink\admin\visitors.php on line 146
[27-May-2026 11:02:47 Europe/Berlin] PHP Warning:  Undefined array key "user_agent" in D:\xampp\htdocs\khatalink\admin\visitors.php on line 150
[27-May-2026 11:02:47 Europe/Berlin] PHP Warning:  Undefined array key "user_agent" in D:\xampp\htdocs\khatalink\admin\visitors.php on line 151
[27-May-2026 11:02:47 Europe/Berlin] PHP Warning:  Undefined array key "page_url" in D:\xampp\htdocs\khatalink\admin\visitors.php on line 145
[27-May-2026 11:02:47 Europe/Berlin] PHP Warning:  Undefined array key "page_url" in D:\xampp\htdocs\khatalink\admin\visitors.php on line 146
[27-May-2026 11:02:47 Europe/Berlin] PHP Warning:  Undefined array key "user_agent" in D:\xampp\htdocs\khatalink\admin\visitors.php on line 150
[27-May-2026 11:02:47 Europe/Berlin] PHP Warning:  Undefined array key "user_agent" in D:\xampp\htdocs\khatalink\admin\visitors.php on line 151
[27-May-2026 11:02:47 Europe/Berlin] PHP Warning:  Undefined array key "page_url" in D:\xampp\htdocs\khatalink\admin\visitors.php on line 145
[27-May-2026 11:02:47 Europe/Berlin] PHP Warning:  Undefined array key "page_url" in D:\xampp\htdocs\khatalink\admin\visitors.php on line 146
[27-May-2026 11:02:47 Europe/Berlin] PHP Warning:  Undefined array key "user_agent" in D:\xampp\htdocs\khatalink\admin\visitors.php on line 150
[27-May-2026 11:02:47 Europe/Berlin] PHP Warning:  Undefined array key "user_agent" in D:\xampp\htdocs\khatalink\admin\visitors.php on line 151
[27-May-2026 11:02:47 Europe/Berlin] PHP Warning:  Undefined array key "page_url" in D:\xampp\htdocs\khatalink\admin\visitors.php on line 145
[27-May-2026 11:02:47 Europe/Berlin] PHP Warning:  Undefined array key "page_url" in D:\xampp\htdocs\khatalink\admin\visitors.php on line 146
[27-May-2026 11:02:47 Europe/Berlin] PHP Warning:  Undefined array key "user_agent" in D:\xampp\htdocs\khatalink\admin\visitors.php on line 150
[27-May-2026 11:02:47 Europe/Berlin] PHP Warning:  Undefined array key "user_agent" in D:\xampp\htdocs\khatalink\admin\visitors.php on line 151
[27-May-2026 11:02:47 Europe/Berlin] PHP Warning:  Undefined array key "page_url" in D:\xampp\htdocs\khatalink\admin\visitors.php on line 145
[27-May-2026 11:02:47 Europe/Berlin] PHP Warning:  Undefined array key "page_url" in D:\xampp\htdocs\khatalink\admin\visitors.php on line 146
[27-May-2026 11:02:47 Europe/Berlin] PHP Warning:  Undefined array key "user_agent" in D:\xampp\htdocs\khatalink\admin\visitors.php on line 150
[27-May-2026 11:02:47 Europe/Berlin] PHP Warning:  Undefined array key "user_agent" in D:\xampp\htdocs\khatalink\admin\visitors.php on line 151
[27-May-2026 11:02:47 Europe/Berlin] PHP Warning:  Undefined array key "page_url" in D:\xampp\htdocs\khatalink\admin\visitors.php on line 145
[27-May-2026 11:02:47 Europe/Berlin] PHP Warning:  Undefined array key "page_url" in D:\xampp\htdocs\khatalink\admin\visitors.php on line 146
[27-May-2026 11:02:47 Europe/Berlin] PHP Warning:  Undefined array key "user_agent" in D:\xampp\htdocs\khatalink\admin\visitors.php on line 150
[27-May-2026 11:02:47 Europe/Berlin] PHP Warning:  Undefined array key "user_agent" in D:\xampp\htdocs\khatalink\admin\visitors.php on line 151
[27-May-2026 11:02:47 Europe/Berlin] PHP Warning:  Undefined array key "page_url" in D:\xampp\htdocs\khatalink\admin\visitors.php on line 145
[27-May-2026 11:02:47 Europe/Berlin] PHP Warning:  Undefined array key "page_url" in D:\xampp\htdocs\khatalink\admin\visitors.php on line 146
[27-May-2026 11:02:47 Europe/Berlin] PHP Warning:  Undefined array key "user_agent" in D:\xampp\htdocs\khatalink\admin\visitors.php on line 150
[27-May-2026 11:02:47 Europe/Berlin] PHP Warning:  Undefined array key "user_agent" in D:\xampp\htdocs\khatalink\admin\visitors.php on line 151
[27-May-2026 11:02:47 Europe/Berlin] PHP Warning:  Undefined array key "page_url" in D:\xampp\htdocs\khatalink\admin\visitors.php on line 145
[27-May-2026 11:02:47 Europe/Berlin] PHP Warning:  Undefined array key "page_url" in D:\xampp\htdocs\khatalink\admin\visitors.php on line 146
[27-May-2026 11:02:47 Europe/Berlin] PHP Warning:  Undefined array key "user_agent" in D:\xampp\htdocs\khatalink\admin\visitors.php on line 150
[27-May-2026 11:02:47 Europe/Berlin] PHP Warning:  Undefined array key "user_agent" in D:\xampp\htdocs\khatalink\admin\visitors.php on line 151
[27-May-2026 11:02:47 Europe/Berlin] PHP Warning:  Undefined array key "page_url" in D:\xampp\htdocs\khatalink\admin\visitors.php on line 145
[27-May-2026 11:02:47 Europe/Berlin] PHP Warning:  Undefined array key "page_url" in D:\xampp\htdocs\khatalink\admin\visitors.php on line 146
[27-May-2026 11:02:47 Europe/Berlin] PHP Warning:  Undefined array key "user_agent" in D:\xampp\htdocs\khatalink\admin\visitors.php on line 150
[27-May-2026 11:02:47 Europe/Berlin] PHP Warning:  Undefined array key "user_agent" in D:\xampp\htdocs\khatalink\admin\visitors.php on line 151
[27-May-2026 11:02:47 Europe/Berlin] PHP Warning:  Undefined array key "page_url" in D:\xampp\htdocs\khatalink\admin\visitors.php on line 145
[27-May-2026 11:02:47 Europe/Berlin] PHP Warning:  Undefined array key "page_url" in D:\xampp\htdocs\khatalink\admin\visitors.php on line 146
[27-May-2026 11:02:47 Europe/Berlin] PHP Warning:  Undefined array key "user_agent" in D:\xampp\htdocs\khatalink\admin\visitors.php on line 150
[27-May-2026 11:02:47 Europe/Berlin] PHP Warning:  Undefined array key "user_agent" in D:\xampp\htdocs\khatalink\admin\visitors.php on line 151
[27-May-2026 11:02:47 Europe/Berlin] PHP Warning:  Undefined array key "page_url" in D:\xampp\htdocs\khatalink\admin\visitors.php on line 145
[27-May-2026 11:02:47 Europe/Berlin] PHP Warning:  Undefined array key "page_url" in D:\xampp\htdocs\khatalink\admin\visitors.php on line 146
[27-May-2026 11:02:47 Europe/Berlin] PHP Warning:  Undefined array key "user_agent" in D:\xampp\htdocs\khatalink\admin\visitors.php on line 150
[27-May-2026 11:02:47 Europe/Berlin] PHP Warning:  Undefined array key "user_agent" in D:\xampp\htdocs\khatalink\admin\visitors.php on line 151
[27-May-2026 11:02:47 Europe/Berlin] PHP Warning:  Undefined array key "page_url" in D:\xampp\htdocs\khatalink\admin\visitors.php on line 145
[27-May-2026 11:02:47 Europe/Berlin] PHP Warning:  Undefined array key "page_url" in D:\xampp\htdocs\khatalink\admin\visitors.php on line 146
[27-May-2026 11:02:47 Europe/Berlin] PHP Warning:  Undefined array key "user_agent" in D:\xampp\htdocs\khatalink\admin\visitors.php on line 150
[27-May-2026 11:02:47 Europe/Berlin] PHP Warning:  Undefined array key "user_agent" in D:\xampp\htdocs\khatalink\admin\visitors.php on line 151
[27-May-2026 11:02:47 Europe/Berlin] PHP Warning:  Undefined array key "page_url" in D:\xampp\htdocs\khatalink\admin\visitors.php on line 145
[27-May-2026 11:02:47 Europe/Berlin] PHP Warning:  Undefined array key "page_url" in D:\xampp\htdocs\khatalink\admin\visitors.php on line 146
[27-May-2026 11:02:47 Europe/Berlin] PHP Warning:  Undefined array key "user_agent" in D:\xampp\htdocs\khatalink\admin\visitors.php on line 150
[27-May-2026 11:02:47 Europe/Berlin] PHP Warning:  Undefined array key "user_agent" in D:\xampp\htdocs\khatalink\admin\visitors.php on line 151
[27-May-2026 11:02:47 Europe/Berlin] [API_HIT] /khatalink/admin/visitors.php?from_date=2026-05-01&to_date=2026-05-27 | Speed: 1887ms | IP: ::1
[27-May-2026 11:03:11 Europe/Berlin] [API_HIT] /khatalink/admin/dashboard.php | Speed: 76ms | IP: ::1
[27-May-2026 11:03:15 Europe/Berlin] [API_HIT] /khatalink/admin/error_monitoring.php | Speed: 19ms | IP: ::1
[27-May-2026 11:04:00 Europe/Berlin] [API_HIT] /khatalink/admin/dashboard.php | Speed: 11ms | IP: ::1
[27-May-2026 11:04:03 Europe/Berlin] [API_HIT] /khatalink/admin/health_check.php | Speed: 173ms | IP: ::1
[27-May-2026 11:04:11 Europe/Berlin] [API_HIT] /khatalink/admin/error_monitoring.php | Speed: 13ms | IP: ::1
[27-May-2026 11:04:14 Europe/Berlin] [API_HIT] /khatalink/admin/dashboard.php | Speed: 34ms | IP: ::1
[27-May-2026 11:04:18 Europe/Berlin] [API_HIT] /khatalink/admin/db_explorer.php | Speed: 744ms | IP: ::1
[27-May-2026 11:04:30 Europe/Berlin] [API_HIT] /khatalink/admin/dashboard.php | Speed: 12ms | IP: ::1
[27-May-2026 11:04:40 Europe/Berlin] [API_HIT] /khatalink/admin/mall_shops.php | Speed: 10ms | IP: ::1
[27-May-2026 11:04:43 Europe/Berlin] [API_HIT] /khatalink/admin/mall_shop_details.php?id=7 | Speed: 119ms | IP: ::1
[27-May-2026 11:05:00 Europe/Berlin] [API_HIT] /khatalink/admin/mall_shops.php | Speed: 12ms | IP: ::1
[27-May-2026 11:05:02 Europe/Berlin] [API_HIT] /khatalink/admin/mall_shop_details.php?id=8 | Speed: 15ms | IP: ::1
[27-May-2026 11:06:02 Europe/Berlin] [API_HIT] /khatalink/admin/mall_shops.php | Speed: 36ms | IP: ::1
[27-May-2026 11:06:04 Europe/Berlin] [API_HIT] /khatalink/admin/mall_shop_details.php?id=7 | Speed: 41ms | IP: ::1
[27-May-2026 11:06:05 Europe/Berlin] [API_HIT] /khatalink/admin/mall_shops.php | Speed: 10ms | IP: ::1
[27-May-2026 11:06:06 Europe/Berlin] [API_HIT] /khatalink/admin/dashboard.php | Speed: 29ms | IP: ::1
[27-May-2026 11:06:57 Europe/Berlin] [API_HIT] /khatalink/admin/settlement_management.php | Speed: 90ms | IP: ::1
[27-May-2026 11:07:14 Europe/Berlin] [API_HIT] /khatalink/admin/dashboard.php | Speed: 11ms | IP: ::1
[27-May-2026 14:39:01 Asia/Kolkata] [API_HIT] /khatalink/shop/dashboard.php | Speed: 83ms | IP: ::1
[27-May-2026 11:09:02 Europe/Berlin] [API_HIT] /khatalink/shop/ajax_save_token.php | Speed: 51ms | IP: ::1
[27-May-2026 11:09:16 Europe/Berlin] [API_HIT] /khatalink/admin/security_audit.php | Speed: 9ms | IP: ::1
[27-May-2026 11:13:21 Europe/Berlin] [API_HIT] /khatalink/admin/hacker_terminal.php | Speed: 168ms | IP: ::1
[27-May-2026 11:13:51 Europe/Berlin] [API_HIT] /khatalink/admin/hacker_terminal.php | Speed: 278ms | IP: ::1
[27-May-2026 14:44:11 Asia/Kolkata] [API_HIT] /khatalink/customer/ajax_get_mall_status.php | Speed: 41ms | IP: ::1
[27-May-2026 14:44:11 Asia/Kolkata] [API_HIT] /khatalink/customer/ajax_get_mall_status.php | Speed: 35ms | IP: ::1
[27-May-2026 14:44:16 Asia/Kolkata] [API_HIT] /khatalink/customer/ajax_get_mall_status.php | Speed: 4ms | IP: ::1
[27-May-2026 11:17:26 Europe/Berlin] [API_HIT] /khatalink/admin/hacker_terminal.php | Speed: 26ms | IP: ::1
[27-May-2026 11:18:19 Europe/Berlin] [API_HIT] /khatalink/admin/dashboard.php | Speed: 60ms | IP: ::1
[27-May-2026 11:18:27 Europe/Berlin] [API_HIT] /khatalink/admin/mall_shops.php | Speed: 4ms | IP: ::1
[27-May-2026 11:18:31 Europe/Berlin] [API_HIT] /khatalink/admin/dashboard.php | Speed: 6ms | IP: ::1
[27-May-2026 11:18:34 Europe/Berlin] [API_HIT] /khatalink/admin/hacker_terminal.php | Speed: 4ms | IP: ::1
[27-May-2026 11:23:51 Europe/Berlin] [API_HIT] /khatalink/admin/hacker_terminal.php | Speed: 61ms | IP: ::1
[27-May-2026 11:23:52 Europe/Berlin] [API_HIT] /khatalink/admin/hacker_terminal.php | Speed: 23ms | IP: ::1
[27-May-2026 11:23:56 Europe/Berlin] [API_HIT] /khatalink/admin/hacker_terminal.php | Speed: 16ms | IP: ::1
[27-May-2026 12:57:55 Europe/Berlin] [API_HIT] /khatalink/admin/hacker_terminal.php | Speed: 16ms | IP: ::1
[27-May-2026 12:58:49 Europe/Berlin] [API_HIT] /khatalink/admin/hacker_terminal.php | Speed: 7ms | IP: ::1
[27-May-2026 13:04:26 Europe/Berlin] [API_HIT] /khatalink/admin/hacker_terminal.php | Speed: 4ms | IP: ::1
[27-May-2026 13:08:04 Europe/Berlin] [API_HIT] /khatalink/admin/hacker_terminal.php | Speed: 4ms | IP: ::1
[27-May-2026 13:10:42 Europe/Berlin] [API_HIT] /khatalink/admin/dashboard.php | Speed: 207ms | IP: ::1
[27-May-2026 13:10:45 Europe/Berlin] [API_HIT] /khatalink/admin/error_monitoring.php | Speed: 8ms | IP: ::1
[27-May-2026 13:10:57 Europe/Berlin] [API_HIT] /khatalink/admin/dashboard.php | Speed: 13ms | IP: ::1
[27-May-2026 13:11:01 Europe/Berlin] [API_HIT] /khatalink/admin/hacker_terminal.php | Speed: 7ms | IP: ::1
[27-May-2026 13:12:13 Europe/Berlin] [API_HIT] /khatalink/admin/hacker_terminal.php | Speed: 14ms | IP: ::1
[27-May-2026 13:13:23 Europe/Berlin] Visitor Fingerprint Error: SQLSTATE[42S22]: Column not found: 1054 Unknown column 'user_agent' in 'field list'
[27-May-2026 13:13:26 Europe/Berlin] Visitor Fingerprint Error: SQLSTATE[42S22]: Column not found: 1054 Unknown column 'user_agent' in 'field list'
[27-May-2026 13:13:29 Europe/Berlin] Visitor Fingerprint Error: SQLSTATE[42S22]: Column not found: 1054 Unknown column 'user_agent' in 'field list'
[27-May-2026 13:13:32 Europe/Berlin] Visitor Fingerprint Error: SQLSTATE[42S22]: Column not found: 1054 Unknown column 'user_agent' in 'field list'
[27-May-2026 13:13:35 Europe/Berlin] Visitor Fingerprint Error: SQLSTATE[42S22]: Column not found: 1054 Unknown column 'user_agent' in 'field list'
[27-May-2026 13:13:38 Europe/Berlin] Visitor Fingerprint Error: SQLSTATE[42S22]: Column not found: 1054 Unknown column 'user_agent' in 'field list'
[27-May-2026 13:13:41 Europe/Berlin] Visitor Fingerprint Error: SQLSTATE[42S22]: Column not found: 1054 Unknown column 'user_agent' in 'field list'
[27-May-2026 13:13:44 Europe/Berlin] Visitor Fingerprint Error: SQLSTATE[42S22]: Column not found: 1054 Unknown column 'user_agent' in 'field list'
[27-May-2026 13:13:47 Europe/Berlin] Visitor Fingerprint Error: SQLSTATE[42S22]: Column not found: 1054 Unknown column 'user_agent' in 'field list'
[27-May-2026 13:13:50 Europe/Berlin] Visitor Fingerprint Error: SQLSTATE[42S22]: Column not found: 1054 Unknown column 'user_agent' in 'field list'
[27-May-2026 13:13:53 Europe/Berlin] Visitor Fingerprint Error: SQLSTATE[42S22]: Column not found: 1054 Unknown column 'user_agent' in 'field list'
[27-May-2026 13:13:56 Europe/Berlin] Visitor Fingerprint Error: SQLSTATE[42S22]: Column not found: 1054 Unknown column 'user_agent' in 'field list'
[27-May-2026 13:13:59 Europe/Berlin] Visitor Fingerprint Error: SQLSTATE[42S22]: Column not found: 1054 Unknown column 'user_agent' in 'field list'
[27-May-2026 13:14:02 Europe/Berlin] Visitor Fingerprint Error: SQLSTATE[42S22]: Column not found: 1054 Unknown column 'user_agent' in 'field list'
[27-May-2026 13:14:05 Europe/Berlin] Visitor Fingerprint Error: SQLSTATE[42S22]: Column not found: 1054 Unknown column 'user_agent' in 'field list'
[27-May-2026 13:14:08 Europe/Berlin] Visitor Fingerprint Error: SQLSTATE[42S22]: Column not found: 1054 Unknown column 'user_agent' in 'field list'
[27-May-2026 13:14:11 Europe/Berlin] Visitor Fingerprint Error: SQLSTATE[42S22]: Column not found: 1054 Unknown column 'user_agent' in 'field list'
[27-May-2026 13:14:14 Europe/Berlin] Visitor Fingerprint Error: SQLSTATE[42S22]: Column not found: 1054 Unknown column 'user_agent' in 'field list'
[27-May-2026 13:14:17 Europe/Berlin] Visitor Fingerprint Error: SQLSTATE[42S22]: Column not found: 1054 Unknown column 'user_agent' in 'field list'
[27-May-2026 13:14:20 Europe/Berlin] Visitor Fingerprint Error: SQLSTATE[42S22]: Column not found: 1054 Unknown column 'user_agent' in 'field list'
[27-May-2026 13:14:23 Europe/Berlin] Visitor Fingerprint Error: SQLSTATE[42S22]: Column not found: 1054 Unknown column 'user_agent' in 'field list'
[27-May-2026 13:14:26 Europe/Berlin] Visitor Fingerprint Error: SQLSTATE[42S22]: Column not found: 1054 Unknown column 'user_agent' in 'field list'
[27-May-2026 13:14:29 Europe/Berlin] Visitor Fingerprint Error: SQLSTATE[42S22]: Column not found: 1054 Unknown column 'user_agent' in 'field list'
[27-May-2026 13:14:32 Europe/Berlin] Visitor Fingerprint Error: SQLSTATE[42S22]: Column not found: 1054 Unknown column 'user_agent' in 'field list'
[27-May-2026 13:14:35 Europe/Berlin] Visitor Fingerprint Error: SQLSTATE[42S22]: Column not found: 1054 Unknown column 'user_agent' in 'field list'
[27-May-2026 13:14:38 Europe/Berlin] Visitor Fingerprint Error: SQLSTATE[42S22]: Column not found: 1054 Unknown column 'user_agent' in 'field list'
[27-May-2026 13:14:41 Europe/Berlin] Visitor Fingerprint Error: SQLSTATE[42S22]: Column not found: 1054 Unknown column 'user_agent' in 'field list'
[27-May-2026 13:14:44 Europe/Berlin] Visitor Fingerprint Error: SQLSTATE[42S22]: Column not found: 1054 Unknown column 'user_agent' in 'field list'
[27-May-2026 13:14:47 Europe/Berlin] Visitor Fingerprint Error: SQLSTATE[42S22]: Column not found: 1054 Unknown column 'user_agent' in 'field list'
[27-May-2026 13:14:50 Europe/Berlin] Visitor Fingerprint Error: SQLSTATE[42S22]: Column not found: 1054 Unknown column 'user_agent' in 'field list'
[27-May-2026 13:14:53 Europe/Berlin] Visitor Fingerprint Error: SQLSTATE[42S22]: Column not found: 1054 Unknown column 'user_agent' in 'field list'
[27-May-2026 13:14:56 Europe/Berlin] Visitor Fingerprint Error: SQLSTATE[42S22]: Column not found: 1054 Unknown column 'user_agent' in 'field list'
[27-May-2026 13:14:59 Europe/Berlin] Visitor Fingerprint Error: SQLSTATE[42S22]: Column not found: 1054 Unknown column 'user_agent' in 'field list'
[27-May-2026 13:15:02 Europe/Berlin] Visitor Fingerprint Error: SQLSTATE[42S22]: Column not found: 1054 Unknown column 'user_agent' in 'field list'
[27-May-2026 13:15:05 Europe/Berlin] Visitor Fingerprint Error: SQLSTATE[42S22]: Column not found: 1054 Unknown column 'user_agent' in 'field list'
[27-May-2026 13:15:08 Europe/Berlin] Visitor Fingerprint Error: SQLSTATE[42S22]: Column not found: 1054 Unknown column 'user_agent' in 'field list'
[27-May-2026 13:15:11 Europe/Berlin] Visitor Fingerprint Error: SQLSTATE[42S22]: Column not found: 1054 Unknown column 'user_agent' in 'field list'
[27-May-2026 13:15:14 Europe/Berlin] Visitor Fingerprint Error: SQLSTATE[42S22]: Column not found: 1054 Unknown column 'user_agent' in 'field list'
[27-May-2026 13:15:17 Europe/Berlin] Visitor Fingerprint Error: SQLSTATE[42S22]: Column not found: 1054 Unknown column 'user_agent' in 'field list'
[27-May-2026 13:15:20 Europe/Berlin] Visitor Fingerprint Error: SQLSTATE[42S22]: Column not found: 1054 Unknown column 'user_agent' in 'field list'
[27-May-2026 13:15:23 Europe/Berlin] Visitor Fingerprint Error: SQLSTATE[42S22]: Column not found: 1054 Unknown column 'user_agent' in 'field list'
[27-May-2026 13:15:26 Europe/Berlin] Visitor Fingerprint Error: SQLSTATE[42S22]: Column not found: 1054 Unknown column 'user_agent' in 'field list'
[27-May-2026 13:15:29 Europe/Berlin] Visitor Fingerprint Error: SQLSTATE[42S22]: Column not found: 1054 Unknown column 'user_agent' in 'field list'
[27-May-2026 13:15:32 Europe/Berlin] Visitor Fingerprint Error: SQLSTATE[42S22]: Column not found: 1054 Unknown column 'user_agent' in 'field list'
[27-May-2026 13:15:35 Europe/Berlin] Visitor Fingerprint Error: SQLSTATE[42S22]: Column not found: 1054 Unknown column 'user_agent' in 'field list'
[27-May-2026 13:15:38 Europe/Berlin] Visitor Fingerprint Error: SQLSTATE[42S22]: Column not found: 1054 Unknown column 'user_agent' in 'field list'
[27-May-2026 13:15:41 Europe/Berlin] Visitor Fingerprint Error: SQLSTATE[42S22]: Column not found: 1054 Unknown column 'user_agent' in 'field list'
[27-May-2026 13:15:44 Europe/Berlin] Visitor Fingerprint Error: SQLSTATE[42S22]: Column not found: 1054 Unknown column 'user_agent' in 'field list'
[27-May-2026 13:15:47 Europe/Berlin] Visitor Fingerprint Error: SQLSTATE[42S22]: Column not found: 1054 Unknown column 'user_agent' in 'field list'
[27-May-2026 13:15:50 Europe/Berlin] Visitor Fingerprint Error: SQLSTATE[42S22]: Column not found: 1054 Unknown column 'user_agent' in 'field list'
[27-May-2026 13:15:53 Europe/Berlin] Visitor Fingerprint Error: SQLSTATE[42S22]: Column not found: 1054 Unknown column 'user_agent' in 'field list'
[27-May-2026 13:15:56 Europe/Berlin] Visitor Fingerprint Error: SQLSTATE[42S22]: Column not found: 1054 Unknown column 'user_agent' in 'field list'
[27-May-2026 13:15:59 Europe/Berlin] Visitor Fingerprint Error: SQLSTATE[42S22]: Column not found: 1054 Unknown column 'user_agent' in 'field list'
[27-May-2026 13:16:02 Europe/Berlin] Visitor Fingerprint Error: SQLSTATE[42S22]: Column not found: 1054 Unknown column 'user_agent' in 'field list'
[27-May-2026 13:16:05 Europe/Berlin] Visitor Fingerprint Error: SQLSTATE[42S22]: Column not found: 1054 Unknown column 'user_agent' in 'field list'
[27-May-2026 13:16:08 Europe/Berlin] Visitor Fingerprint Error: SQLSTATE[42S22]: Column not found: 1054 Unknown column 'user_agent' in 'field list'
[27-May-2026 13:16:11 Europe/Berlin] Visitor Fingerprint Error: SQLSTATE[42S22]: Column not found: 1054 Unknown column 'user_agent' in 'field list'
[27-May-2026 13:16:18 Europe/Berlin] Visitor Fingerprint Error: SQLSTATE[42S22]: Column not found: 1054 Unknown column 'user_agent' in 'field list'
[27-May-2026 13:16:19 Europe/Berlin] Visitor Fingerprint Error: SQLSTATE[42S22]: Column not found: 1054 Unknown column 'user_agent' in 'field list'
[27-May-2026 13:16:20 Europe/Berlin] Visitor Fingerprint Error: SQLSTATE[42S22]: Column not found: 1054 Unknown column 'user_agent' in 'field list'
[27-May-2026 13:16:23 Europe/Berlin] Visitor Fingerprint Error: SQLSTATE[42S22]: Column not found: 1054 Unknown column 'user_agent' in 'field list'
[27-May-2026 13:16:26 Europe/Berlin] Visitor Fingerprint Error: SQLSTATE[42S22]: Column not found: 1054 Unknown column 'user_agent' in 'field list'
[27-May-2026 13:16:29 Europe/Berlin] Visitor Fingerprint Error: SQLSTATE[42S22]: Column not found: 1054 Unknown column 'user_agent' in 'field list'
[27-May-2026 13:16:32 Europe/Berlin] Visitor Fingerprint Error: SQLSTATE[42S22]: Column not found: 1054 Unknown column 'user_agent' in 'field list'
[27-May-2026 13:16:35 Europe/Berlin] Visitor Fingerprint Error: SQLSTATE[42S22]: Column not found: 1054 Unknown column 'user_agent' in 'field list'
[27-May-2026 13:16:38 Europe/Berlin] Visitor Fingerprint Error: SQLSTATE[42S22]: Column not found: 1054 Unknown column 'user_agent' in 'field list'
[27-May-2026 13:16:41 Europe/Berlin] Visitor Fingerprint Error: SQLSTATE[42S22]: Column not found: 1054 Unknown column 'user_agent' in 'field list'
[27-May-2026 13:16:44 Europe/Berlin] Visitor Fingerprint Error: SQLSTATE[42S22]: Column not found: 1054 Unknown column 'user_agent' in 'field list'
[27-May-2026 13:16:47 Europe/Berlin] Visitor Fingerprint Error: SQLSTATE[42S22]: Column not found: 1054 Unknown column 'user_agent' in 'field list'
[27-May-2026 13:16:53 Europe/Berlin] Visitor Fingerprint Error: SQLSTATE[42S22]: Column not found: 1054 Unknown column 'user_agent' in 'field list'
[27-May-2026 13:16:53 Europe/Berlin] Visitor Fingerprint Error: SQLSTATE[42S22]: Column not found: 1054 Unknown column 'user_agent' in 'field list'
[27-May-2026 13:16:58 Europe/Berlin] Visitor Fingerprint Error: SQLSTATE[42S22]: Column not found: 1054 Unknown column 'user_agent' in 'field list'
[27-May-2026 13:16:59 Europe/Berlin] Visitor Fingerprint Error: SQLSTATE[42S22]: Column not found: 1054 Unknown column 'user_agent' in 'field list'
[27-May-2026 13:17:02 Europe/Berlin] Visitor Fingerprint Error: SQLSTATE[42S22]: Column not found: 1054 Unknown column 'user_agent' in 'field list'
[27-May-2026 13:17:05 Europe/Berlin] Visitor Fingerprint Error: SQLSTATE[42S22]: Column not found: 1054 Unknown column 'user_agent' in 'field list'
[27-May-2026 13:17:08 Europe/Berlin] Visitor Fingerprint Error: SQLSTATE[42S22]: Column not found: 1054 Unknown column 'user_agent' in 'field list'
[27-May-2026 13:17:11 Europe/Berlin] Visitor Fingerprint Error: SQLSTATE[42S22]: Column not found: 1054 Unknown column 'user_agent' in 'field list'
[27-May-2026 13:17:14 Europe/Berlin] Visitor Fingerprint Error: SQLSTATE[42S22]: Column not found: 1054 Unknown column 'user_agent' in 'field list'
[27-May-2026 13:17:17 Europe/Berlin] Visitor Fingerprint Error: SQLSTATE[42S22]: Column not found: 1054 Unknown column 'user_agent' in 'field list'
[27-May-2026 13:17:20 Europe/Berlin] Visitor Fingerprint Error: SQLSTATE[42S22]: Column not found: 1054 Unknown column 'user_agent' in 'field list'
[27-May-2026 13:17:23 Europe/Berlin] Visitor Fingerprint Error: SQLSTATE[42S22]: Column not found: 1054 Unknown column 'user_agent' in 'field list'
[27-May-2026 13:17:26 Europe/Berlin] Visitor Fingerprint Error: SQLSTATE[42S22]: Column not found: 1054 Unknown column 'user_agent' in 'field list'
[27-May-2026 13:17:29 Europe/Berlin] Visitor Fingerprint Error: SQLSTATE[42S22]: Column not found: 1054 Unknown column 'user_agent' in 'field list'
[27-May-2026 13:17:32 Europe/Berlin] Visitor Fingerprint Error: SQLSTATE[42S22]: Column not found: 1054 Unknown column 'user_agent' in 'field list'
[27-May-2026 13:18:20 Europe/Berlin] [API_HIT] /khatalink/admin/dashboard.php | Speed: 53ms | IP: ::1
[27-May-2026 13:18:24 Europe/Berlin] [API_HIT] /khatalink/admin/db_explorer.php | Speed: 523ms | IP: ::1
[27-May-2026 13:18:29 Europe/Berlin] [API_HIT] /khatalink/admin/db_explorer.php | Speed: 319ms | IP: ::1
[27-May-2026 13:18:33 Europe/Berlin] [API_HIT] /khatalink/admin/dashboard.php | Speed: 13ms | IP: ::1
[27-May-2026 13:18:35 Europe/Berlin] [API_HIT] /khatalink/admin/hacker_terminal.php | Speed: 2ms | IP: ::1
[27-May-2026 13:23:08 Europe/Berlin] [API_HIT] /khatalink/admin/dashboard.php | Speed: 1329ms | IP: ::1
[27-May-2026 13:25:06 Europe/Berlin] [API_HIT] /khatalink/admin/hacker_terminal.php | Speed: 30ms | IP: ::1
[27-May-2026 16:55:44 Asia/Kolkata] [API_HIT] /khatalink/customer/Groceries_home.php?lat=20.0710&lng=86.2210&radius=6 | Speed: 6ms | IP: ::1
[27-May-2026 13:25:44 Europe/Berlin] PHP Warning:  Undefined variable $is_api in D:\xampp\htdocs\khatalink\auth\login.php on line 718
[27-May-2026 13:25:44 Europe/Berlin] [API_HIT] /khatalink/auth/login.php?type=customer | Speed: 18ms | IP: ::1
[27-May-2026 13:25:49 Europe/Berlin] LOGIN_SUCCESS: User ID: 10, Type: customer (Web), IP: ::1
[27-May-2026 13:25:50 Europe/Berlin] FCM HTTP 200 Response for customer (ID: 10): {
  "name": "projects/khatalink-63041/messages/1defb02e-afd3-4bf1-af09-57eef0339006"
}

[27-May-2026 13:25:50 Europe/Berlin] FCM HTTP 200 Response for customer (ID: 10): {
  "name": "projects/khatalink-63041/messages/0:1779881150831350%3a1eff913a1eff91"
}

[27-May-2026 13:25:50 Europe/Berlin] [API_HIT] /khatalink/auth/login.php?type=customer | Speed: 1716ms | IP: ::1
[27-May-2026 13:25:51 Europe/Berlin] [API_HIT] /khatalink/customer/dashboard.php | Speed: 26ms | IP: ::1
[27-May-2026 13:30:40 Europe/Berlin] [API_HIT] /khatalink/admin/hacker_terminal.php | Speed: 10ms | IP: ::1
[27-May-2026 13:32:52 Europe/Berlin] [API_HIT] /khatalink/admin/hacker_terminal.php | Speed: 4ms | IP: ::1
[27-May-2026 13:35:29 Europe/Berlin] [API_HIT] /khatalink/admin/dashboard.php | Speed: 99ms | IP: ::1
[27-May-2026 13:36:02 Europe/Berlin] [API_HIT] /khatalink/admin/geo_registry_manager.php | Speed: 14ms | IP: ::1
[27-May-2026 13:39:31 Europe/Berlin] [API_HIT] /khatalink/admin/dashboard.php | Speed: 12ms | IP: ::1
[27-May-2026 13:39:35 Europe/Berlin] [API_HIT] /khatalink/admin/hacker_terminal.php | Speed: 3ms | IP: ::1
[27-May-2026 13:40:36 Europe/Berlin] [API_HIT] /khatalink/customer/dashboard.php | Speed: 39ms | IP: ::1
[27-May-2026 13:40:36 Europe/Berlin] PHP Warning:  Undefined variable $is_api in D:\xampp\htdocs\khatalink\auth\login.php on line 718
[27-May-2026 13:40:36 Europe/Berlin] [API_HIT] /khatalink/auth/login.php?type=customer | Speed: 18ms | IP: ::1
[27-May-2026 13:40:59 Europe/Berlin] [API_HIT] /khatalink/auth/register.php?type=customer | Speed: 5ms | IP: ::1
[27-May-2026 13:41:46 Europe/Berlin] [API_HIT] /khatalink/auth/register.php?type=customer | Speed: 93ms | IP: ::1
[27-May-2026 13:41:49 Europe/Berlin] PHP Warning:  Undefined variable $is_api in D:\xampp\htdocs\khatalink\auth\login.php on line 718
[27-May-2026 13:41:49 Europe/Berlin] [API_HIT] /khatalink/auth/login.php?type=customer | Speed: 4ms | IP: ::1
[27-May-2026 13:42:37 Europe/Berlin] LOGIN_SUCCESS: User ID: 11, Type: customer (Web), IP: ::1
[27-May-2026 13:42:38 Europe/Berlin] FCM HTTP 200 Response for customer (ID: 11): {
  "name": "projects/khatalink-63041/messages/2b9fd51c-8f71-4aea-84b2-e99b8ae0400b"
}

[27-May-2026 13:42:38 Europe/Berlin] [API_HIT] /khatalink/auth/login.php?type=customer | Speed: 1392ms | IP: ::1
[27-May-2026 13:42:39 Europe/Berlin] [API_HIT] /khatalink/customer/dashboard.php | Speed: 80ms | IP: ::1
[27-May-2026 17:12:48 Asia/Kolkata] [API_HIT] /khatalink/customer/Groceries_home.php | Speed: 27ms | IP: ::1
[27-May-2026 13:43:17 Europe/Berlin] [API_HIT] /khatalink/admin/hacker_terminal.php | Speed: 5ms | IP: ::1
[27-May-2026 17:13:19 Asia/Kolkata] [API_HIT] /khatalink/customer/ajax_get_mall_status.php | Speed: 2ms | IP: ::1
[27-May-2026 17:13:49 Asia/Kolkata] [API_HIT] /khatalink/customer/ajax_get_mall_status.php | Speed: 3ms | IP: ::1
[27-May-2026 13:44:04 Europe/Berlin] [API_HIT] /khatalink/customer/ajax_sync_cart.php | Speed: 12ms | IP: ::1
[27-May-2026 13:44:09 Europe/Berlin] [API_HIT] /khatalink/customer/ajax_get_registry_location.php?lat=20.0711922&lng=86.2208822 | Speed: 7ms | IP: ::1
[27-May-2026 17:14:09 Asia/Kolkata] [API_HIT] /khatalink/customer/Groceries_home.php?lat=20.0712&lng=86.2209&radius=6 | Speed: 30ms | IP: ::1
[27-May-2026 13:44:10 Europe/Berlin] [API_HIT] /khatalink/customer/ajax_sync_cart.php | Speed: 2ms | IP: ::1
[27-May-2026 13:44:10 Europe/Berlin] [API_HIT] /khatalink/customer/ajax_get_registry_location.php?lat=20.0712&lng=86.2209 | Speed: 13ms | IP: ::1
[27-May-2026 17:14:29 Asia/Kolkata] [API_HIT] /khatalink/customer/Groceries_home.php | Speed: 23ms | IP: ::1
[27-May-2026 13:44:31 Europe/Berlin] [API_HIT] /khatalink/customer/ajax_sync_cart.php | Speed: 6ms | IP: ::1
[27-May-2026 13:44:32 Europe/Berlin] [API_HIT] /khatalink/customer/ajax_get_registry_location.php?lat=20.070941252575107&lng=86.22102533283262 | Speed: 12ms | IP: ::1
[27-May-2026 17:14:32 Asia/Kolkata] [API_HIT] /khatalink/customer/Groceries_home.php?lat=20.0709&lng=86.2210&radius=6 | Speed: 50ms | IP: ::1
[27-May-2026 13:44:34 Europe/Berlin] [API_HIT] /khatalink/customer/ajax_sync_cart.php | Speed: 10ms | IP: ::1
[27-May-2026 13:44:34 Europe/Berlin] [API_HIT] /khatalink/customer/ajax_get_registry_location.php?lat=20.0709&lng=86.221 | Speed: 5ms | IP: ::1
[27-May-2026 17:14:38 Asia/Kolkata] [API_HIT] /khatalink/customer/Groceries_home.php?lat=20.0709&lng=86.2210&radius=6 | Speed: 18ms | IP: ::1
[27-May-2026 13:44:39 Europe/Berlin] [API_HIT] /khatalink/customer/ajax_sync_cart.php | Speed: 8ms | IP: ::1
[27-May-2026 13:44:39 Europe/Berlin] [API_HIT] /khatalink/customer/ajax_get_registry_location.php?lat=20.0709&lng=86.221 | Speed: 3ms | IP: ::1
[27-May-2026 17:14:40 Asia/Kolkata] [API_HIT] /khatalink/customer/ajax_get_mall_status.php | Speed: 2ms | IP: ::1
[27-May-2026 17:15:08 Asia/Kolkata] [API_HIT] /khatalink/customer/ajax_get_mall_status.php | Speed: 3ms | IP: ::1
[27-May-2026 17:15:10 Asia/Kolkata] [API_HIT] /khatalink/customer/ajax_get_mall_status.php | Speed: 4ms | IP: ::1
[27-May-2026 17:15:39 Asia/Kolkata] [API_HIT] /khatalink/customer/ajax_get_mall_status.php | Speed: 30ms | IP: ::1
[27-May-2026 17:15:40 Asia/Kolkata] [API_HIT] /khatalink/customer/ajax_get_mall_status.php | Speed: 4ms | IP: ::1
[27-May-2026 17:16:10 Asia/Kolkata] [API_HIT] /khatalink/customer/ajax_get_mall_status.php | Speed: 7ms | IP: ::1
[27-May-2026 17:16:18 Asia/Kolkata] [API_HIT] /khatalink/customer/ajax_get_mall_status.php | Speed: 6ms | IP: ::1
[27-May-2026 17:16:39 Asia/Kolkata] [API_HIT] /khatalink/customer/ajax_get_mall_status.php | Speed: 4ms | IP: ::1
[27-May-2026 17:16:40 Asia/Kolkata] [API_HIT] /khatalink/customer/ajax_get_mall_status.php | Speed: 12ms | IP: ::1
[27-May-2026 13:46:54 Europe/Berlin] [API_HIT] /khatalink/admin/hacker_terminal.php | Speed: 12ms | IP: ::1
[27-May-2026 17:17:10 Asia/Kolkata] [API_HIT] /khatalink/customer/ajax_get_mall_status.php | Speed: 7ms | IP: ::1
[27-May-2026 17:17:14 Asia/Kolkata] [API_HIT] /khatalink/customer/ajax_get_mall_status.php | Speed: 5ms | IP: ::1
[27-May-2026 17:17:39 Asia/Kolkata] [API_HIT] /khatalink/customer/ajax_get_mall_status.php | Speed: 7ms | IP: ::1
[27-May-2026 17:17:40 Asia/Kolkata] [API_HIT] /khatalink/customer/ajax_get_mall_status.php | Speed: 5ms | IP: ::1
[27-May-2026 17:18:10 Asia/Kolkata] [API_HIT] /khatalink/customer/ajax_get_mall_status.php | Speed: 4ms | IP: ::1
[27-May-2026 17:18:41 Asia/Kolkata] [API_HIT] /khatalink/customer/ajax_get_mall_status.php | Speed: 3ms | IP: ::1
[27-May-2026 17:19:01 Asia/Kolkata] [API_HIT] /khatalink/customer/ajax_get_mall_status.php | Speed: 4ms | IP: ::1
[27-May-2026 17:19:10 Asia/Kolkata] [API_HIT] /khatalink/customer/ajax_get_mall_status.php | Speed: 13ms | IP: ::1
[27-May-2026 17:19:40 Asia/Kolkata] [API_HIT] /khatalink/customer/ajax_get_mall_status.php | Speed: 5ms | IP: ::1
[27-May-2026 17:20:00 Asia/Kolkata] [API_HIT] /khatalink/customer/ajax_get_mall_status.php | Speed: 6ms | IP: ::1
[27-May-2026 17:20:10 Asia/Kolkata] [API_HIT] /khatalink/customer/ajax_get_mall_status.php | Speed: 4ms | IP: ::1
[27-May-2026 17:20:40 Asia/Kolkata] [API_HIT] /khatalink/customer/ajax_get_mall_status.php | Speed: 8ms | IP: ::1
[27-May-2026 17:21:01 Asia/Kolkata] [API_HIT] /khatalink/customer/ajax_get_mall_status.php | Speed: 8ms | IP: ::1
[27-May-2026 17:21:10 Asia/Kolkata] [API_HIT] /khatalink/customer/ajax_get_mall_status.php | Speed: 7ms | IP: ::1
[27-May-2026 13:51:24 Europe/Berlin] [API_HIT] /khatalink/admin/hacker_terminal.php | Speed: 17ms | IP: ::1
[27-May-2026 17:21:41 Asia/Kolkata] [API_HIT] /khatalink/customer/ajax_get_mall_status.php | Speed: 45ms | IP: ::1
[27-May-2026 17:22:00 Asia/Kolkata] [API_HIT] /khatalink/customer/ajax_get_mall_status.php | Speed: 17ms | IP: ::1
[27-May-2026 17:22:10 Asia/Kolkata] [API_HIT] /khatalink/customer/ajax_get_mall_status.php | Speed: 4ms | IP: ::1
[27-May-2026 17:22:40 Asia/Kolkata] [API_HIT] /khatalink/customer/ajax_get_mall_status.php | Speed: 4ms | IP: ::1
[27-May-2026 17:23:01 Asia/Kolkata] [API_HIT] /khatalink/customer/ajax_get_mall_status.php | Speed: 6ms | IP: ::1
[27-May-2026 17:23:10 Asia/Kolkata] [API_HIT] /khatalink/customer/ajax_get_mall_status.php | Speed: 3ms | IP: ::1
[27-May-2026 17:23:40 Asia/Kolkata] [API_HIT] /khatalink/customer/ajax_get_mall_status.php | Speed: 9ms | IP: ::1
[27-May-2026 17:24:07 Asia/Kolkata] [API_HIT] /khatalink/customer/ajax_get_mall_status.php | Speed: 6ms | IP: ::1
[27-May-2026 17:24:10 Asia/Kolkata] [API_HIT] /khatalink/customer/ajax_get_mall_status.php | Speed: 9ms | IP: ::1
[27-May-2026 17:25:01 Asia/Kolkata] [API_HIT] /khatalink/customer/ajax_get_mall_status.php | Speed: 81ms | IP: ::1
[27-May-2026 17:26:02 Asia/Kolkata] [API_HIT] /khatalink/customer/ajax_get_mall_status.php | Speed: 7ms | IP: ::1
[27-May-2026 17:27:00 Asia/Kolkata] [API_HIT] /khatalink/customer/ajax_get_mall_status.php | Speed: 3ms | IP: ::1
[27-May-2026 17:28:01 Asia/Kolkata] [API_HIT] /khatalink/customer/ajax_get_mall_status.php | Speed: 9ms | IP: ::1
[27-May-2026 13:58:55 Europe/Berlin] [API_HIT] /khatalink/admin/hacker_terminal.php | Speed: 8ms | IP: ::1
[27-May-2026 17:29:12 Asia/Kolkata] [API_HIT] /khatalink/customer/ajax_get_mall_status.php | Speed: 19ms | IP: ::1
[27-May-2026 17:30:00 Asia/Kolkata] [API_HIT] /khatalink/customer/ajax_get_mall_status.php | Speed: 6ms | IP: ::1
[27-May-2026 14:00:11 Europe/Berlin] [API_HIT] /khatalink/admin/dashboard.php | Speed: 55ms | IP: ::1
[27-May-2026 14:00:16 Europe/Berlin] [API_HIT] /khatalink/admin/db_explorer.php | Speed: 310ms | IP: ::1
[27-May-2026 14:00:19 Europe/Berlin] [API_HIT] /khatalink/admin/db_explorer.php?table=customers | Speed: 214ms | IP: ::1
[27-May-2026 17:31:00 Asia/Kolkata] [API_HIT] /khatalink/customer/ajax_get_mall_status.php | Speed: 3ms | IP: ::1
[27-May-2026 17:32:01 Asia/Kolkata] [API_HIT] /khatalink/customer/ajax_get_mall_status.php | Speed: 6ms | IP: ::1
[27-May-2026 17:32:01 Asia/Kolkata] [API_HIT] /khatalink/customer/ajax_get_mall_status.php | Speed: 3ms | IP: ::1
[27-May-2026 17:32:09 Asia/Kolkata] [API_HIT] /khatalink/customer/ajax_get_mall_status.php | Speed: 3ms | IP: ::1
[27-May-2026 17:32:38 Asia/Kolkata] [API_HIT] /khatalink/customer/ajax_get_mall_status.php | Speed: 4ms | IP: ::1
[27-May-2026 14:03:06 Europe/Berlin] [API_HIT] /khatalink/admin/dashboard.php | Speed: 21ms | IP: ::1
[27-May-2026 14:03:07 Europe/Berlin] [API_HIT] /khatalink/admin/login.php | Speed: 3ms | IP: ::1
[27-May-2026 14:03:24 Europe/Berlin] LOGIN_SUCCESS: User ID: 5, Type: admin, IP: ::1
[27-May-2026 14:03:24 Europe/Berlin] [API_HIT] /khatalink/admin/login.php | Speed: 146ms | IP: ::1
[27-May-2026 14:03:24 Europe/Berlin] [API_HIT] /khatalink/admin/dashboard.php | Speed: 14ms | IP: ::1
[27-May-2026 14:03:29 Europe/Berlin] [API_HIT] /khatalink/admin/hacker_terminal.php | Speed: 3ms | IP: ::1
[27-May-2026 17:34:12 Asia/Kolkata] [API_HIT] /khatalink/customer/ajax_get_mall_status.php | Speed: 4ms | IP: ::1
[27-May-2026 17:35:01 Asia/Kolkata] [API_HIT] /khatalink/customer/ajax_get_mall_status.php | Speed: 3ms | IP: ::1
[27-May-2026 17:35:04 Asia/Kolkata] [API_HIT] /khatalink/customer/ajax_get_mall_status.php | Speed: 8ms | IP: ::1
[27-May-2026 17:35:04 Asia/Kolkata] [API_HIT] /khatalink/customer/ajax_get_mall_status.php | Speed: 3ms | IP: ::1
[27-May-2026 17:35:07 Asia/Kolkata] [API_HIT] /khatalink/customer/Groceries_product.php?id=17&shop_id=8 | Speed: 332ms | IP: ::1
[27-May-2026 17:35:17 Asia/Kolkata] [API_HIT] /khatalink/customer/Groceries_cart.php | Speed: 6ms | IP: ::1
[27-May-2026 14:05:19 Europe/Berlin] [API_HIT] /khatalink/customer/ajax_sync_cart.php | Speed: 4ms | IP: ::1
[27-May-2026 14:05:19 Europe/Berlin] [API_HIT] /khatalink/customer/ajax_get_geo_hierarchy.php?type=districts | Speed: 192ms | IP: ::1
[27-May-2026 17:36:26 Asia/Kolkata] [API_HIT] /khatalink/customer/ajax_get_mall_status.php | Speed: 4ms | IP: ::1
[27-May-2026 17:37:02 Asia/Kolkata] [API_HIT] /khatalink/customer/ajax_get_mall_status.php | Speed: 4ms | IP: ::1
[27-May-2026 14:07:25 Europe/Berlin] [API_HIT] /khatalink/admin/hacker_terminal.php | Speed: 17ms | IP: ::1
[27-May-2026 14:08:12 Europe/Berlin] [API_HIT] /khatalink/admin/dashboard.php | Speed: 1641ms | IP: ::1
[27-May-2026 17:38:13 Asia/Kolkata] [API_HIT] /khatalink/customer/ajax_get_mall_status.php | Speed: 4ms | IP: ::1
[27-May-2026 17:38:18 Asia/Kolkata] [API_HIT] /khatalink/customer/ajax_get_mall_status.php | Speed: 4ms | IP: ::1
[27-May-2026 17:38:38 Asia/Kolkata] [API_HIT] /khatalink/customer/ajax_get_mall_status.php | Speed: 2ms | IP: ::1
[27-May-2026 14:08:40 Europe/Berlin] [API_HIT] /khatalink/admin/hacker_terminal.php | Speed: 2ms | IP: ::1
[27-May-2026 14:08:40 Europe/Berlin] [API_HIT] /khatalink/admin/login.php | Speed: 2ms | IP: ::1
[27-May-2026 14:08:42 Europe/Berlin] LOGIN_SUCCESS: User ID: 5, Type: admin, IP: ::1
[27-May-2026 14:08:42 Europe/Berlin] [API_HIT] /khatalink/admin/login.php | Speed: 89ms | IP: ::1
[27-May-2026 14:08:42 Europe/Berlin] [API_HIT] /khatalink/admin/dashboard.php | Speed: 7ms | IP: ::1
[27-May-2026 14:08:45 Europe/Berlin] [API_HIT] /khatalink/admin/manage_banners.php | Speed: 6ms | IP: ::1
[27-May-2026 17:39:08 Asia/Kolkata] [API_HIT] /khatalink/customer/ajax_get_mall_status.php | Speed: 2ms | IP: ::1
[27-May-2026 14:09:11 Europe/Berlin] [API_HIT] /khatalink/admin/manage_banners.php | Speed: 17ms | IP: ::1
[27-May-2026 17:39:16 Asia/Kolkata] [API_HIT] /khatalink/customer/ajax_get_mall_status.php | Speed: 4ms | IP: ::1
[27-May-2026 17:39:17 Asia/Kolkata] [API_HIT] /khatalink/customer/Groceries_home.php?lat=20.0709&lng=86.2210&radius=6 | Speed: 27ms | IP: ::1
[27-May-2026 14:09:18 Europe/Berlin] [API_HIT] /khatalink/customer/ajax_get_registry_location.php?lat=20.0709&lng=86.221 | Speed: 4ms | IP: ::1
[27-May-2026 14:09:18 Europe/Berlin] [API_HIT] /khatalink/customer/ajax_sync_cart.php | Speed: 5ms | IP: ::1
[27-May-2026 17:39:30 Asia/Kolkata] [API_HIT] /khatalink/customer/Groceries_product.php?id=17&shop_id=8 | Speed: 24ms | IP: ::1
[27-May-2026 17:39:34 Asia/Kolkata] [API_HIT] /khatalink/customer/Groceries_product.php?id=16&shop_id=7 | Speed: 42ms | IP: ::1
[27-May-2026 17:39:45 Asia/Kolkata] [API_HIT] /khatalink/customer/Groceries_home.php | Speed: 18ms | IP: ::1
[27-May-2026 14:09:46 Europe/Berlin] [API_HIT] /khatalink/customer/ajax_sync_cart.php | Speed: 5ms | IP: ::1
[27-May-2026 17:39:50 Asia/Kolkata] [API_HIT] /khatalink/customer/Groceries_home.php?lat=20.0709&lng=86.2210&radius=6 | Speed: 20ms | IP: ::1
[27-May-2026 14:09:50 Europe/Berlin] [API_HIT] /khatalink/customer/ajax_get_registry_location.php?lat=20.070887136027736&lng=86.22102123638354 | Speed: 3ms | IP: ::1
[27-May-2026 14:09:51 Europe/Berlin] [API_HIT] /khatalink/customer/ajax_sync_cart.php | Speed: 5ms | IP: ::1
[27-May-2026 14:09:51 Europe/Berlin] [API_HIT] /khatalink/customer/ajax_get_registry_location.php?lat=20.0709&lng=86.221 | Speed: 3ms | IP: ::1
[27-May-2026 14:09:55 Europe/Berlin] [API_HIT] /khatalink/customer/dashboard.php | Speed: 11ms | IP: ::1
[27-May-2026 14:28:45 Europe/Berlin] [API_HIT] /khatalink/admin/dashboard.php | Speed: 12ms | IP: ::1
[27-May-2026 14:28:48 Europe/Berlin] [API_HIT] /khatalink/admin/hacker_terminal.php | Speed: 4ms | IP: ::1
[27-May-2026 16:49:01 Europe/Berlin] [API_HIT] /khatalink/customer/dashboard.php | Speed: 69ms | IP: ::1
[27-May-2026 16:49:02 Europe/Berlin] PHP Warning:  Undefined variable $is_api in D:\xampp\htdocs\khatalink\auth\login.php on line 718
[27-May-2026 16:49:02 Europe/Berlin] [API_HIT] /khatalink/auth/login.php?type=customer | Speed: 63ms | IP: ::1
[27-May-2026 16:49:10 Europe/Berlin] LOGIN_SUCCESS: User ID: 10, Type: customer (Web), IP: ::1
[27-May-2026 16:49:11 Europe/Berlin] FCM HTTP 200 Response for customer (ID: 10): {
  "name": "projects/khatalink-63041/messages/afe69364-b4d0-4c49-8815-1909d8e5c541"
}

[27-May-2026 16:49:12 Europe/Berlin] FCM HTTP 200 Response for customer (ID: 10): {
  "name": "projects/khatalink-63041/messages/0:1779893351851316%3a1eff913a1eff91"
}

[27-May-2026 16:49:12 Europe/Berlin] [API_HIT] /khatalink/auth/login.php?type=customer | Speed: 1631ms | IP: ::1
[27-May-2026 16:49:12 Europe/Berlin] [API_HIT] /khatalink/customer/dashboard.php | Speed: 22ms | IP: ::1
[27-May-2026 16:50:06 Europe/Berlin] [API_HIT] /khatalink/admin/login.php | Speed: 8ms | IP: ::1
[27-May-2026 16:50:09 Europe/Berlin] LOGIN_SUCCESS: User ID: 5, Type: admin, IP: ::1
[27-May-2026 16:50:09 Europe/Berlin] [API_HIT] /khatalink/admin/login.php | Speed: 81ms | IP: ::1
[27-May-2026 16:50:09 Europe/Berlin] [API_HIT] /khatalink/admin/dashboard.php | Speed: 12ms | IP: ::1
[27-May-2026 16:50:12 Europe/Berlin] [API_HIT] /khatalink/admin/manage_banners.php | Speed: 43ms | IP: ::1
[27-May-2026 16:50:16 Europe/Berlin] [API_HIT] /khatalink/admin/manage_banners.php | Speed: 33ms | IP: ::1
[27-May-2026 16:50:32 Europe/Berlin] [API_HIT] /khatalink/admin/manage_banners.php | Speed: 10ms | IP: ::1
[27-May-2026 16:50:36 Europe/Berlin] [API_HIT] /khatalink/customer/dashboard.php | Speed: 7ms | IP: ::1
[27-May-2026 20:20:47 Asia/Kolkata] [API_HIT] /khatalink/customer/Groceries_home.php | Speed: 19ms | IP: ::1
[27-May-2026 16:50:48 Europe/Berlin] [API_HIT] /khatalink/customer/ajax_sync_cart.php | Speed: 3ms | IP: ::1
[27-May-2026 20:20:48 Asia/Kolkata] [API_HIT] /khatalink/customer/Groceries_home.php?lat=20.0709&lng=86.2210&radius=6 | Speed: 29ms | IP: ::1
[27-May-2026 16:50:48 Europe/Berlin] [API_HIT] /khatalink/customer/ajax_get_registry_location.php?lat=20.070932945471824&lng=86.22101835456115 | Speed: 4ms | IP: ::1
[27-May-2026 16:50:48 Europe/Berlin] [API_HIT] /khatalink/customer/ajax_sync_cart.php | Speed: 3ms | IP: ::1
[27-May-2026 16:50:48 Europe/Berlin] [API_HIT] /khatalink/customer/ajax_get_registry_location.php?lat=20.0709&lng=86.221 | Speed: 3ms | IP: ::1
[27-May-2026 20:20:51 Asia/Kolkata] [API_HIT] /khatalink/customer/Groceries_home.php | Speed: 17ms | IP: ::1
[27-May-2026 16:50:52 Europe/Berlin] [API_HIT] /khatalink/customer/ajax_sync_cart.php | Speed: 6ms | IP: ::1
[27-May-2026 16:50:52 Europe/Berlin] [API_HIT] /khatalink/customer/ajax_get_registry_location.php?lat=20.070932945471824&lng=86.22101835456115 | Speed: 4ms | IP: ::1
[27-May-2026 20:20:52 Asia/Kolkata] [API_HIT] /khatalink/customer/Groceries_home.php?lat=20.0709&lng=86.2210&radius=6 | Speed: 20ms | IP: ::1
[27-May-2026 16:50:52 Europe/Berlin] [API_HIT] /khatalink/customer/ajax_get_registry_location.php?lat=20.0709&lng=86.221 | Speed: 3ms | IP: ::1
[27-May-2026 16:50:52 Europe/Berlin] [API_HIT] /khatalink/customer/ajax_sync_cart.php | Speed: 2ms | IP: ::1
[27-May-2026 16:51:10 Europe/Berlin] [API_HIT] /khatalink/admin/manage_banners.php | Speed: 6ms | IP: ::1
[27-May-2026 16:51:12 Europe/Berlin] [API_HIT] /khatalink/admin/login.php | Speed: 2ms | IP: ::1
[27-May-2026 16:51:12 Europe/Berlin] [API_HIT] /khatalink/admin/dashboard.php | Speed: 6ms | IP: ::1
[27-May-2026 20:21:15 Asia/Kolkata] [API_HIT] /khatalink/customer/ajax_get_mall_status.php | Speed: 2ms | IP: ::1
[27-May-2026 20:21:22 Asia/Kolkata] [API_HIT] /khatalink/customer/ajax_get_mall_status.php | Speed: 3ms | IP: ::1
[27-May-2026 20:21:52 Asia/Kolkata] [API_HIT] /khatalink/customer/ajax_get_mall_status.php | Speed: 2ms | IP: ::1
[27-May-2026 20:22:23 Asia/Kolkata] [API_HIT] /khatalink/customer/ajax_get_mall_status.php | Speed: 10ms | IP: ::1
[27-May-2026 20:22:52 Asia/Kolkata] [API_HIT] /khatalink/customer/ajax_get_mall_status.php | Speed: 3ms | IP: ::1
[27-May-2026 20:23:22 Asia/Kolkata] [API_HIT] /khatalink/customer/ajax_get_mall_status.php | Speed: 3ms | IP: ::1
[27-May-2026 20:23:52 Asia/Kolkata] [API_HIT] /khatalink/customer/ajax_get_mall_status.php | Speed: 3ms | IP: ::1
[27-May-2026 20:25:00 Asia/Kolkata] [API_HIT] /khatalink/customer/ajax_get_mall_status.php | Speed: 3ms | IP: ::1
[27-May-2026 20:26:00 Asia/Kolkata] [API_HIT] /khatalink/customer/ajax_get_mall_status.php | Speed: 6ms | IP: ::1
[27-May-2026 20:27:00 Asia/Kolkata] [API_HIT] /khatalink/customer/ajax_get_mall_status.php | Speed: 3ms | IP: ::1
[27-May-2026 20:28:00 Asia/Kolkata] [API_HIT] /khatalink/customer/ajax_get_mall_status.php | Speed: 2ms | IP: ::1
[27-May-2026 20:29:00 Asia/Kolkata] [API_HIT] /khatalink/customer/ajax_get_mall_status.php | Speed: 2ms | IP: ::1
[27-May-2026 20:30:00 Asia/Kolkata] [API_HIT] /khatalink/customer/ajax_get_mall_status.php | Speed: 2ms | IP: ::1
[27-May-2026 20:31:01 Asia/Kolkata] [API_HIT] /khatalink/customer/ajax_get_mall_status.php | Speed: 2ms | IP: ::1
[27-May-2026 20:32:00 Asia/Kolkata] [API_HIT] /khatalink/customer/ajax_get_mall_status.php | Speed: 3ms | IP: ::1
[27-May-2026 20:33:00 Asia/Kolkata] [API_HIT] /khatalink/customer/ajax_get_mall_status.php | Speed: 3ms | IP: ::1
[27-May-2026 20:34:00 Asia/Kolkata] [API_HIT] /khatalink/customer/ajax_get_mall_status.php | Speed: 3ms | IP: ::1
[27-May-2026 20:35:00 Asia/Kolkata] [API_HIT] /khatalink/customer/ajax_get_mall_status.php | Speed: 3ms | IP: ::1
[27-May-2026 20:36:00 Asia/Kolkata] [API_HIT] /khatalink/customer/ajax_get_mall_status.php | Speed: 3ms | IP: ::1
[27-May-2026 20:37:00 Asia/Kolkata] [API_HIT] /khatalink/customer/ajax_get_mall_status.php | Speed: 2ms | IP: ::1
[27-May-2026 20:38:00 Asia/Kolkata] [API_HIT] /khatalink/customer/ajax_get_mall_status.php | Speed: 4ms | IP: ::1
[27-May-2026 20:39:01 Asia/Kolkata] [API_HIT] /khatalink/customer/ajax_get_mall_status.php | Speed: 2ms | IP: ::1
[27-May-2026 20:40:00 Asia/Kolkata] [API_HIT] /khatalink/customer/ajax_get_mall_status.php | Speed: 3ms | IP: ::1
[27-May-2026 20:41:00 Asia/Kolkata] [API_HIT] /khatalink/customer/ajax_get_mall_status.php | Speed: 2ms | IP: ::1
[27-May-2026 20:42:00 Asia/Kolkata] [API_HIT] /khatalink/customer/ajax_get_mall_status.php | Speed: 2ms | IP: ::1
[27-May-2026 20:43:00 Asia/Kolkata] [API_HIT] /khatalink/customer/ajax_get_mall_status.php | Speed: 6ms | IP: ::1
[27-May-2026 20:44:00 Asia/Kolkata] [API_HIT] /khatalink/customer/ajax_get_mall_status.php | Speed: 17ms | IP: ::1
[27-May-2026 20:45:00 Asia/Kolkata] [API_HIT] /khatalink/customer/ajax_get_mall_status.php | Speed: 2ms | IP: ::1
[27-May-2026 20:46:00 Asia/Kolkata] [API_HIT] /khatalink/customer/ajax_get_mall_status.php | Speed: 2ms | IP: ::1
[27-May-2026 20:47:00 Asia/Kolkata] [API_HIT] /khatalink/customer/ajax_get_mall_status.php | Speed: 3ms | IP: ::1
[27-May-2026 20:48:00 Asia/Kolkata] [API_HIT] /khatalink/customer/ajax_get_mall_status.php | Speed: 2ms | IP: ::1
[27-May-2026 20:49:00 Asia/Kolkata] [API_HIT] /khatalink/customer/ajax_get_mall_status.php | Speed: 2ms | IP: ::1
[27-May-2026 20:50:01 Asia/Kolkata] [API_HIT] /khatalink/customer/ajax_get_mall_status.php | Speed: 4ms | IP: ::1
[27-May-2026 20:51:01 Asia/Kolkata] [API_HIT] /khatalink/customer/ajax_get_mall_status.php | Speed: 2ms | IP: ::1
[27-May-2026 20:52:00 Asia/Kolkata] [API_HIT] /khatalink/customer/ajax_get_mall_status.php | Speed: 2ms | IP: ::1
[27-May-2026 20:53:00 Asia/Kolkata] [API_HIT] /khatalink/customer/ajax_get_mall_status.php | Speed: 3ms | IP: ::1
[27-May-2026 20:54:00 Asia/Kolkata] [API_HIT] /khatalink/customer/ajax_get_mall_status.php | Speed: 2ms | IP: ::1
[27-May-2026 20:55:01 Asia/Kolkata] [API_HIT] /khatalink/customer/ajax_get_mall_status.php | Speed: 2ms | IP: ::1
[27-May-2026 20:56:00 Asia/Kolkata] [API_HIT] /khatalink/customer/ajax_get_mall_status.php | Speed: 3ms | IP: ::1
[27-May-2026 20:57:00 Asia/Kolkata] [API_HIT] /khatalink/customer/ajax_get_mall_status.php | Speed: 2ms | IP: ::1
[27-May-2026 20:58:01 Asia/Kolkata] [API_HIT] /khatalink/customer/ajax_get_mall_status.php | Speed: 2ms | IP: ::1
[27-May-2026 20:59:01 Asia/Kolkata] [API_HIT] /khatalink/customer/ajax_get_mall_status.php | Speed: 3ms | IP: ::1
[27-May-2026 21:00:00 Asia/Kolkata] [API_HIT] /khatalink/customer/ajax_get_mall_status.php | Speed: 2ms | IP: ::1
[27-May-2026 21:01:01 Asia/Kolkata] [API_HIT] /khatalink/customer/ajax_get_mall_status.php | Speed: 3ms | IP: ::1
[27-May-2026 21:02:01 Asia/Kolkata] [API_HIT] /khatalink/customer/ajax_get_mall_status.php | Speed: 3ms | IP: ::1
[27-May-2026 21:03:01 Asia/Kolkata] [API_HIT] /khatalink/customer/ajax_get_mall_status.php | Speed: 3ms | IP: ::1
[27-May-2026 21:04:01 Asia/Kolkata] [API_HIT] /khatalink/customer/ajax_get_mall_status.php | Speed: 2ms | IP: ::1
[27-May-2026 21:05:01 Asia/Kolkata] [API_HIT] /khatalink/customer/ajax_get_mall_status.php | Speed: 2ms | IP: ::1
[27-May-2026 21:06:01 Asia/Kolkata] [API_HIT] /khatalink/customer/ajax_get_mall_status.php | Speed: 3ms | IP: ::1
[27-May-2026 21:07:01 Asia/Kolkata] [API_HIT] /khatalink/customer/ajax_get_mall_status.php | Speed: 2ms | IP: ::1
[27-May-2026 21:08:01 Asia/Kolkata] [API_HIT] /khatalink/customer/ajax_get_mall_status.php | Speed: 2ms | IP: ::1
[27-May-2026 21:09:01 Asia/Kolkata] [API_HIT] /khatalink/customer/ajax_get_mall_status.php | Speed: 3ms | IP: ::1
[27-May-2026 21:10:00 Asia/Kolkata] [API_HIT] /khatalink/customer/ajax_get_mall_status.php | Speed: 3ms | IP: ::1
[27-May-2026 21:11:00 Asia/Kolkata] [API_HIT] /khatalink/customer/ajax_get_mall_status.php | Speed: 3ms | IP: ::1
[27-May-2026 21:12:00 Asia/Kolkata] [API_HIT] /khatalink/customer/ajax_get_mall_status.php | Speed: 4ms | IP: ::1
[27-May-2026 21:13:00 Asia/Kolkata] [API_HIT] /khatalink/customer/ajax_get_mall_status.php | Speed: 2ms | IP: ::1
[27-May-2026 21:14:00 Asia/Kolkata] [API_HIT] /khatalink/customer/ajax_get_mall_status.php | Speed: 3ms | IP: ::1
[27-May-2026 21:15:00 Asia/Kolkata] [API_HIT] /khatalink/customer/ajax_get_mall_status.php | Speed: 3ms | IP: ::1
[27-May-2026 21:16:00 Asia/Kolkata] [API_HIT] /khatalink/customer/ajax_get_mall_status.php | Speed: 13ms | IP: ::1
[27-May-2026 21:17:01 Asia/Kolkata] [API_HIT] /khatalink/customer/ajax_get_mall_status.php | Speed: 3ms | IP: ::1
[27-May-2026 21:18:00 Asia/Kolkata] [API_HIT] /khatalink/customer/ajax_get_mall_status.php | Speed: 2ms | IP: ::1
[27-May-2026 21:19:01 Asia/Kolkata] [API_HIT] /khatalink/customer/ajax_get_mall_status.php | Speed: 2ms | IP: ::1
[27-May-2026 21:20:01 Asia/Kolkata] [API_HIT] /khatalink/customer/ajax_get_mall_status.php | Speed: 2ms | IP: ::1
[27-May-2026 21:21:00 Asia/Kolkata] [API_HIT] /khatalink/customer/ajax_get_mall_status.php | Speed: 2ms | IP: ::1
[27-May-2026 21:22:01 Asia/Kolkata] [API_HIT] /khatalink/customer/ajax_get_mall_status.php | Speed: 2ms | IP: ::1
[27-May-2026 21:23:00 Asia/Kolkata] [API_HIT] /khatalink/customer/ajax_get_mall_status.php | Speed: 2ms | IP: ::1
[27-May-2026 21:24:00 Asia/Kolkata] [API_HIT] /khatalink/customer/ajax_get_mall_status.php | Speed: 7ms | IP: ::1
[27-May-2026 21:25:00 Asia/Kolkata] [API_HIT] /khatalink/customer/ajax_get_mall_status.php | Speed: 2ms | IP: ::1
[27-May-2026 21:26:00 Asia/Kolkata] [API_HIT] /khatalink/customer/ajax_get_mall_status.php | Speed: 2ms | IP: ::1
[27-May-2026 21:27:00 Asia/Kolkata] [API_HIT] /khatalink/customer/ajax_get_mall_status.php | Speed: 5ms | IP: ::1
[27-May-2026 21:28:00 Asia/Kolkata] [API_HIT] /khatalink/customer/ajax_get_mall_status.php | Speed: 2ms | IP: ::1
[27-May-2026 21:29:00 Asia/Kolkata] [API_HIT] /khatalink/customer/ajax_get_mall_status.php | Speed: 3ms | IP: ::1
[27-May-2026 21:30:00 Asia/Kolkata] [API_HIT] /khatalink/customer/ajax_get_mall_status.php | Speed: 2ms | IP: ::1
[27-May-2026 21:31:01 Asia/Kolkata] [API_HIT] /khatalink/customer/ajax_get_mall_status.php | Speed: 2ms | IP: ::1
[27-May-2026 21:32:00 Asia/Kolkata] [API_HIT] /khatalink/customer/ajax_get_mall_status.php | Speed: 3ms | IP: ::1
[27-May-2026 21:33:00 Asia/Kolkata] [API_HIT] /khatalink/customer/ajax_get_mall_status.php | Speed: 3ms | IP: ::1
[27-May-2026 21:34:00 Asia/Kolkata] [API_HIT] /khatalink/customer/ajax_get_mall_status.php | Speed: 2ms | IP: ::1
[27-May-2026 21:35:00 Asia/Kolkata] [API_HIT] /khatalink/customer/ajax_get_mall_status.php | Speed: 2ms | IP: ::1
[27-May-2026 21:36:00 Asia/Kolkata] [API_HIT] /khatalink/customer/ajax_get_mall_status.php | Speed: 3ms | IP: ::1
[27-May-2026 21:37:01 Asia/Kolkata] [API_HIT] /khatalink/customer/ajax_get_mall_status.php | Speed: 3ms | IP: ::1
[27-May-2026 21:38:00 Asia/Kolkata] [API_HIT] /khatalink/customer/ajax_get_mall_status.php | Speed: 5ms | IP: ::1
[27-May-2026 21:39:00 Asia/Kolkata] [API_HIT] /khatalink/customer/ajax_get_mall_status.php | Speed: 4ms | IP: ::1
[27-May-2026 21:40:00 Asia/Kolkata] [API_HIT] /khatalink/customer/ajax_get_mall_status.php | Speed: 3ms | IP: ::1
[27-May-2026 18:10:33 Europe/Berlin] [API_HIT] /khatalink/admin/hacker_terminal.php | Speed: 3ms | IP: ::1
[27-May-2026 18:11:03 Europe/Berlin] [API_HIT] /khatalink/admin/dashboard.php | Speed: 49ms | IP: ::1
[27-May-2026 18:18:39 Europe/Berlin] [API_HIT] /khatalink/admin/hacker_terminal.php | Speed: 5ms | IP: ::1
[27-May-2026 20:39:36 Europe/Berlin] [API_HIT] /khatalink/admin/hacker_terminal.php | Speed: 28ms | IP: ::1
[27-May-2026 20:43:43 Europe/Berlin] [API_HIT] /khatalink/admin/login.php | Speed: 3ms | IP: ::1
[27-May-2026 20:43:43 Europe/Berlin] [API_HIT] /khatalink/admin/dashboard.php | Speed: 17ms | IP: ::1
[27-May-2026 20:43:48 Europe/Berlin] PHP Warning:  Undefined variable $is_api in D:\xampp\htdocs\khatalink\auth\login.php on line 718
[27-May-2026 20:43:48 Europe/Berlin] [API_HIT] /khatalink/auth/login.php?type=shop | Speed: 73ms | IP: ::1
[27-May-2026 20:43:52 Europe/Berlin] LOGIN_SUCCESS: User ID: 8, Type: shop (Web), IP: ::1
[27-May-2026 20:43:53 Europe/Berlin] FCM HTTP 200 Response for shop (ID: 8): {
  "name": "projects/khatalink-63041/messages/9a61ae5c-006a-47b8-a152-d138a7983848"
}

[27-May-2026 20:43:53 Europe/Berlin] [API_HIT] /khatalink/auth/login.php?type=shop | Speed: 1056ms | IP: ::1
[28-May-2026 00:13:53 Asia/Kolkata] [API_HIT] /khatalink/shop/dashboard.php | Speed: 98ms | IP: ::1
[27-May-2026 20:43:54 Europe/Berlin] [API_HIT] /khatalink/shop/ajax_save_token.php | Speed: 6ms | IP: ::1
[28-May-2026 00:14:17 Asia/Kolkata] [API_HIT] /khatalink/customer/Groceries_home.php?lat=20.0709&lng=86.2210&radius=6 | Speed: 2ms | IP: ::1
[27-May-2026 20:44:17 Europe/Berlin] PHP Warning:  Undefined variable $is_api in D:\xampp\htdocs\khatalink\auth\login.php on line 718
[27-May-2026 20:44:17 Europe/Berlin] [API_HIT] /khatalink/auth/login.php?type=customer | Speed: 4ms | IP: ::1
[27-May-2026 20:44:22 Europe/Berlin] LOGIN_SUCCESS: User ID: 10, Type: customer (Web), IP: ::1
[27-May-2026 20:44:23 Europe/Berlin] FCM HTTP 200 Response for customer (ID: 10): {
  "name": "projects/khatalink-63041/messages/ff77847a-6e43-40ed-afbf-19ef131d678f"
}

[27-May-2026 20:44:23 Europe/Berlin] FCM HTTP 200 Response for customer (ID: 10): {
  "name": "projects/khatalink-63041/messages/0:1779907462933156%3a1eff913a1eff91"
}

[27-May-2026 20:44:23 Europe/Berlin] [API_HIT] /khatalink/auth/login.php?type=customer | Speed: 1167ms | IP: ::1
[27-May-2026 20:44:23 Europe/Berlin] [API_HIT] /khatalink/customer/dashboard.php | Speed: 40ms | IP: ::1
[28-May-2026 00:14:38 Asia/Kolkata] [API_HIT] /khatalink/shop/dashboard.php | Speed: 35ms | IP: ::1
[27-May-2026 20:44:38 Europe/Berlin] [API_HIT] /khatalink/shop/ajax_save_token.php | Speed: 4ms | IP: ::1
[27-May-2026 20:45:28 Europe/Berlin] [API_HIT] /khatalink/customer/dashboard.php | Speed: 9ms | IP: ::1
[27-May-2026 20:45:44 Europe/Berlin] PHP Warning:  Undefined variable $is_api in D:\xampp\htdocs\khatalink\auth\login.php on line 718
[27-May-2026 20:45:44 Europe/Berlin] [API_HIT] /khatalink/auth/login.php?type=customer | Speed: 4ms | IP: ::1
[27-May-2026 20:45:46 Europe/Berlin] LOGIN_SUCCESS: User ID: 10, Type: customer (Web), IP: ::1
[27-May-2026 20:45:47 Europe/Berlin] FCM HTTP 200 Response for customer (ID: 10): {
  "name": "projects/khatalink-63041/messages/33b9943a-1730-4052-8b24-59a578df97eb"
}

[27-May-2026 20:45:47 Europe/Berlin] FCM HTTP 200 Response for customer (ID: 10): {
  "name": "projects/khatalink-63041/messages/0:1779907547194364%3a1eff913a1eff91"
}

[27-May-2026 20:45:47 Europe/Berlin] [API_HIT] /khatalink/auth/login.php?type=customer | Speed: 1041ms | IP: ::1
[27-May-2026 20:45:48 Europe/Berlin] [API_HIT] /khatalink/customer/dashboard.php | Speed: 8ms | IP: ::1
[27-May-2026 20:45:53 Europe/Berlin] [API_HIT] /khatalink/admin/hacker_terminal.php | Speed: 11ms | IP: ::1
[27-May-2026 20:47:04 Europe/Berlin] [API_HIT] /khatalink/admin/dashboard.php | Speed: 84ms | IP: ::1
[27-May-2026 20:47:14 Europe/Berlin] [API_HIT] /khatalink/admin/db_explorer.php | Speed: 226ms | IP: ::1
[27-May-2026 20:47:18 Europe/Berlin] [API_HIT] /khatalink/admin/hacker_terminal.php | Speed: 2ms | IP: ::1
[27-May-2026 20:50:17 Europe/Berlin] [API_HIT] /khatalink/admin/db_explorer.php | Speed: 16ms | IP: ::1
[27-May-2026 20:50:26 Europe/Berlin] [API_HIT] /khatalink/admin/db_explorer.php | Speed: 3ms | IP: ::1
[27-May-2026 20:50:33 Europe/Berlin] [API_HIT] /khatalink/admin/dashboard.php | Speed: 14ms | IP: ::1
[27-May-2026 20:50:37 Europe/Berlin] [API_HIT] /khatalink/admin/hacker_terminal.php | Speed: 3ms | IP: ::1
[27-May-2026 20:52:07 Europe/Berlin] [API_HIT] /khatalink/admin/hacker_terminal.php | Speed: 62ms | IP: ::1
[27-May-2026 20:52:25 Europe/Berlin] [API_HIT] /khatalink/admin/hacker_terminal.php | Speed: 17ms | IP: ::1
[27-May-2026 20:52:25 Europe/Berlin] [API_HIT] /khatalink/admin/hacker_terminal.php | Speed: 6ms | IP: ::1
[27-May-2026 20:52:34 Europe/Berlin] [API_HIT] /khatalink/admin/hacker_terminal.php | Speed: 6ms | IP: ::1
[27-May-2026 20:52:39 Europe/Berlin] [API_HIT] /khatalink/admin/hacker_terminal.php | Speed: 2ms | IP: ::1
[27-May-2026 20:52:42 Europe/Berlin] [API_HIT] /khatalink/admin/dashboard.php | Speed: 10ms | IP: ::1
[27-May-2026 20:52:43 Europe/Berlin] [API_HIT] /khatalink/admin/hacker_terminal.php | Speed: 3ms | IP: ::1
[27-May-2026 20:52:46 Europe/Berlin] [API_HIT] /khatalink/admin/db_explorer.php | Speed: 233ms | IP: ::1
[27-May-2026 20:52:49 Europe/Berlin] [API_HIT] /khatalink/admin/dashboard.php | Speed: 7ms | IP: ::1
[27-May-2026 20:52:52 Europe/Berlin] [API_HIT] /khatalink/admin/db_explorer.php | Speed: 207ms | IP: ::1
[27-May-2026 20:52:56 Europe/Berlin] [API_HIT] /khatalink/admin/dashboard.php | Speed: 7ms | IP: ::1
[27-May-2026 20:56:41 Europe/Berlin] [API_HIT] /khatalink/admin/dashboard.php | Speed: 7ms | IP: ::1
[27-May-2026 20:56:44 Europe/Berlin] [API_HIT] /khatalink/admin/db_explorer.php | Speed: 227ms | IP: ::1
[27-May-2026 20:56:48 Europe/Berlin] [API_HIT] /khatalink/admin/db_explorer.php | Speed: 208ms | IP: ::1
[27-May-2026 20:56:49 Europe/Berlin] [API_HIT] /khatalink/admin/dashboard.php | Speed: 5ms | IP: ::1
[27-May-2026 20:57:37 Europe/Berlin] [API_HIT] /khatalink/admin/db_explorer.php | Speed: 258ms | IP: ::1
[27-May-2026 20:57:42 Europe/Berlin] [API_HIT] /khatalink/admin/db_explorer.php | Speed: 208ms | IP: ::1
[27-May-2026 20:57:43 Europe/Berlin] [API_HIT] /khatalink/admin/db_explorer.php | Speed: 195ms | IP: ::1
[27-May-2026 20:57:43 Europe/Berlin] [API_HIT] /khatalink/admin/db_explorer.php | Speed: 89ms | IP: ::1
[27-May-2026 20:57:43 Europe/Berlin] [API_HIT] /khatalink/admin/db_explorer.php | Speed: 134ms | IP: ::1
[27-May-2026 20:57:54 Europe/Berlin] [API_HIT] /khatalink/admin/dashboard.php | Speed: 6ms | IP: ::1
[27-May-2026 20:57:55 Europe/Berlin] [API_HIT] /khatalink/admin/db_explorer.php | Speed: 188ms | IP: ::1
[27-May-2026 20:57:57 Europe/Berlin] [API_HIT] /khatalink/admin/dashboard.php | Speed: 5ms | IP: ::1
[28-May-2026 10:45:41 Europe/Berlin] [API_HIT] /khatalink/admin/login.php | Speed: 978ms | IP: ::1
[28-May-2026 10:45:46 Europe/Berlin] LOGIN_SUCCESS: User ID: 5, Type: admin, IP: ::1
[28-May-2026 10:45:46 Europe/Berlin] [API_HIT] /khatalink/admin/login.php | Speed: 171ms | IP: ::1
[28-May-2026 10:45:46 Europe/Berlin] [API_HIT] /khatalink/admin/dashboard.php | Speed: 98ms | IP: ::1
[28-May-2026 10:45:50 Europe/Berlin] [API_HIT] /khatalink/admin/hacker_terminal.php | Speed: 4ms | IP: ::1
[28-May-2026 10:46:00 Europe/Berlin] [API_HIT] /khatalink/admin/hacker_terminal.php | Speed: 6ms | IP: ::1
[28-May-2026 10:46:11 Europe/Berlin] [API_HIT] /khatalink/admin/hacker_terminal.php | Speed: 3ms | IP: ::1
[28-May-2026 10:46:11 Europe/Berlin] [API_HIT] /khatalink/admin/hacker_terminal.php | Speed: 4ms | IP: ::1
[28-May-2026 10:47:02 Europe/Berlin] [API_HIT] /khatalink/admin/hacker_terminal.php | Speed: 9ms | IP: ::1
[28-May-2026 10:47:02 Europe/Berlin] [API_HIT] /khatalink/admin/hacker_terminal.php | Speed: 5ms | IP: ::1
[28-May-2026 14:06:49 Europe/Berlin] [API_HIT] /khatalink/admin/hacker_terminal.php | Speed: 128ms | IP: ::1
[28-May-2026 20:53:36 Europe/Berlin] [API_HIT] /khatalink/admin/hacker_terminal.php | Speed: 118ms | IP: ::1
[28-May-2026 20:54:31 Europe/Berlin] [API_HIT] /khatalink/admin/hacker_terminal.php | Speed: 1279ms | IP: ::1
[28-May-2026 20:54:44 Europe/Berlin] [API_HIT] /khatalink/admin/hacker_terminal.php | Speed: 2ms | IP: ::1
[28-May-2026 20:54:53 Europe/Berlin] [API_HIT] /khatalink/admin/hacker_terminal.php | Speed: 4ms | IP: ::1
[28-May-2026 20:54:55 Europe/Berlin] [API_HIT] /khatalink/admin/dashboard.php | Speed: 67ms | IP: ::1
[28-May-2026 20:54:55 Europe/Berlin] [API_HIT] /khatalink/admin/login.php | Speed: 5ms | IP: ::1
[28-May-2026 20:54:55 Europe/Berlin] [API_HIT] /khatalink/admin/dashboard.php | Speed: 36ms | IP: ::1
[28-May-2026 21:10:40 Europe/Berlin] [API_HIT] /khatalink/customer/dashboard.php | Speed: 122ms | IP: ::1
[28-May-2026 21:10:44 Europe/Berlin] [API_HIT] /khatalink/customer/dashboard.php | Speed: 17ms | IP: ::1
[28-May-2026 21:10:53 Europe/Berlin] PHP Warning:  Undefined variable $is_api in D:\xampp\htdocs\khatalink\auth\login.php on line 720
[28-May-2026 21:10:53 Europe/Berlin] [API_HIT] /khatalink/auth/login.php?type=shop | Speed: 43ms | IP: ::1
[28-May-2026 21:11:09 Europe/Berlin] [API_HIT] /khatalink/admin/hacker_terminal.php | Speed: 3ms | IP: ::1
[28-May-2026 21:11:45 Europe/Berlin] [API_HIT] /khatalink/admin/error_monitoring.php | Speed: 7ms | IP: ::1
[28-May-2026 21:11:57 Europe/Berlin] [API_HIT] /khatalink/admin/dashboard.php | Speed: 11ms | IP: ::1
[28-May-2026 21:12:00 Europe/Berlin] [API_HIT] /khatalink/admin/db_explorer.php | Speed: 253ms | IP: ::1
[28-May-2026 21:12:04 Europe/Berlin] [API_HIT] /khatalink/admin/dashboard.php | Speed: 6ms | IP: ::1
[28-May-2026 21:12:09 Europe/Berlin] [API_HIT] /khatalink/admin/health_check.php | Speed: 38ms | IP: ::1
[28-May-2026 21:13:20 Europe/Berlin] PHP Warning:  Undefined variable $is_api in D:\xampp\htdocs\khatalink\auth\login.php on line 720
[28-May-2026 21:13:20 Europe/Berlin] [API_HIT] /khatalink/auth/login.php?type=shop | Speed: 10ms | IP: ::1
[28-May-2026 21:13:29 Europe/Berlin] PHP Warning:  Undefined variable $is_api in D:\xampp\htdocs\khatalink\auth\login.php on line 720
[28-May-2026 21:13:29 Europe/Berlin] [API_HIT] /khatalink/auth/login.php?type=shop | Speed: 5ms | IP: ::1
[28-May-2026 21:13:41 Europe/Berlin] PHP Warning:  Undefined variable $is_api in D:\xampp\htdocs\khatalink\auth\login.php on line 720
[28-May-2026 21:13:41 Europe/Berlin] [API_HIT] /khatalink/auth/login.php?type=customer | Speed: 4ms | IP: ::1
[28-May-2026 21:15:22 Europe/Berlin] [API_HIT] /khatalink/auth/register.php?type=customer | Speed: 105ms | IP: ::1
[28-May-2026 21:15:30 Europe/Berlin] [API_HIT] /khatalink/auth/register.php?type=customer | Speed: 5ms | IP: ::1
[28-May-2026 21:22:01 Europe/Berlin] PHP Warning:  Undefined variable $is_api in D:\xampp\htdocs\khatalink\auth\login.php on line 725
[28-May-2026 21:22:01 Europe/Berlin] [API_HIT] /khatalink/auth/login.php?type=customer | Speed: 38ms | IP: ::1
[28-May-2026 21:22:10 Europe/Berlin] [API_HIT] /khatalink/auth/register.php?type=customer | Speed: 4ms | IP: ::1
[28-May-2026 21:39:09 Europe/Berlin] [API_HIT] /khatalink/auth/register.php?type=customer | Speed: 219ms | IP: ::1
[28-May-2026 21:39:16 Europe/Berlin] [API_HIT] /khatalink/auth/register.php?type=customer | Speed: 10ms | IP: ::1
[28-May-2026 21:39:25 Europe/Berlin] PHP Warning:  Undefined variable $is_api in D:\xampp\htdocs\khatalink\auth\login.php on line 737
[28-May-2026 21:39:25 Europe/Berlin] [API_HIT] /khatalink/auth/login.php?type=customer | Speed: 23ms | IP: ::1
[28-May-2026 21:43:47 Europe/Berlin] [API_HIT] /khatalink/auth/register.php?type=customer | Speed: 65ms | IP: ::1
[28-May-2026 21:45:36 Europe/Berlin] [API_HIT] /khatalink/auth/register.php?type=customer | Speed: 7ms | IP: ::1
[28-May-2026 21:49:16 Europe/Berlin] [API_HIT] /khatalink/auth/register.php?type=customer | Speed: 3ms | IP: ::1
[28-May-2026 21:50:01 Europe/Berlin] [API_HIT] /khatalink/auth/register.php?type=customer | Speed: 9ms | IP: ::1
[28-May-2026 21:50:08 Europe/Berlin] PHP Warning:  Undefined variable $is_api in D:\xampp\htdocs\khatalink\auth\login.php on line 737
[28-May-2026 21:50:08 Europe/Berlin] [API_HIT] /khatalink/auth/login.php?type=customer | Speed: 3ms | IP: ::1
[28-May-2026 21:56:30 Europe/Berlin] [API_HIT] /khatalink/auth/login.php?type=customer | Speed: 47ms | IP: ::1
[28-May-2026 21:58:51 Europe/Berlin] [API_HIT] /khatalink/auth/register.php?type=customer | Speed: 25ms | IP: ::1
[28-May-2026 22:00:06 Europe/Berlin] [API_HIT] /khatalink/auth/register.php?type=customer | Speed: 413ms | IP: 127.0.0.1
[28-May-2026 22:00:09 Europe/Berlin] [API_HIT] /khatalink/auth/login.php?type=restaurant | Speed: 4ms | IP: 127.0.0.1
[28-May-2026 22:00:24 Europe/Berlin] [API_HIT] /khatalink/auth/google_login.php | Speed: 19ms | IP: ::1
[29-May-2026 01:30:25 Asia/Kolkata] [API_HIT] /khatalink/shop/dashboard.php | Speed: 300ms | IP: ::1
[28-May-2026 22:00:25 Europe/Berlin] [API_HIT] /khatalink/auth/login.php?type=shop | Speed: 5ms | IP: ::1
[28-May-2026 22:01:00 Europe/Berlin] LOGIN_SUCCESS: User ID: 9, Type: shop (Web), IP: ::1
[28-May-2026 22:01:04 Europe/Berlin] FCM HTTP 200 Response for shop (ID: 9): {
  "name": "projects/khatalink-63041/messages/061ad8cd-3930-4db0-b57d-309a9890fdc1"
}

[28-May-2026 22:01:04 Europe/Berlin] [API_HIT] /khatalink/auth/login.php?type=shop | Speed: 4723ms | IP: ::1
[29-May-2026 01:31:07 Asia/Kolkata] [API_HIT] /khatalink/shop/dashboard.php | Speed: 1949ms | IP: ::1
[28-May-2026 22:01:09 Europe/Berlin] [API_HIT] /khatalink/shop/ajax_save_token.php | Speed: 24ms | IP: ::1
[28-May-2026 22:01:40 Europe/Berlin] [API_HIT] /khatalink/auth/login.php?type=shop | Speed: 5ms | IP: ::1
[28-May-2026 22:07:16 Europe/Berlin] [API_HIT] /khatalink/auth/login.php?type=shop | Speed: 99ms | IP: ::1
[28-May-2026 22:26:57 Europe/Berlin] [API_HIT] /khatalink/auth/login.php?type=shop | Speed: 98ms | IP: ::1
[28-May-2026 22:27:03 Europe/Berlin] LOGIN_SUCCESS: User ID: 9, Type: shop (Web), IP: ::1
[28-May-2026 22:27:04 Europe/Berlin] FCM HTTP 200 Response for shop (ID: 9): {
  "name": "projects/khatalink-63041/messages/1f6e59b1-c3c8-4169-9802-06a33d772b44"
}

[28-May-2026 22:27:04 Europe/Berlin] [API_HIT] /khatalink/auth/login.php?type=shop | Speed: 1137ms | IP: ::1
[28-May-2026 22:27:04 Europe/Berlin] [API_HIT] /khatalink/shop/restaurant_dashboard.php | Speed: 29ms | IP: ::1
[28-May-2026 22:27:25 Europe/Berlin] [API_HIT] /khatalink/shop/restaurant_dashboard.php | Speed: 8ms | IP: ::1
[28-May-2026 22:30:26 Europe/Berlin] [API_HIT] /khatalink/shop/restaurant_dashboard.php | Speed: 7ms | IP: ::1
[28-May-2026 22:31:26 Europe/Berlin] [API_HIT] /khatalink/shop/restaurant_dashboard.php | Speed: 29ms | IP: ::1
[28-May-2026 22:32:27 Europe/Berlin] [API_HIT] /khatalink/shop/restaurant_dashboard.php | Speed: 7ms | IP: ::1
[28-May-2026 22:32:59 Europe/Berlin] [API_HIT] /khatalink/shop/restaurant_dashboard.php | Speed: 10ms | IP: ::1
[28-May-2026 22:32:59 Europe/Berlin] [API_HIT] /khatalink/shop/restaurant_dashboard.php | Speed: 4ms | IP: ::1
[28-May-2026 22:33:03 Europe/Berlin] [API_HIT] /khatalink/shop/restaurant_dashboard.php | Speed: 7ms | IP: ::1
[28-May-2026 22:33:03 Europe/Berlin] [API_HIT] /khatalink/shop/restaurant_dashboard.php | Speed: 3ms | IP: ::1
[28-May-2026 22:33:06 Europe/Berlin] [API_HIT] /khatalink/shop/restaurant_dashboard.php | Speed: 4ms | IP: ::1
[28-May-2026 22:34:06 Europe/Berlin] [API_HIT] /khatalink/shop/restaurant_dashboard.php | Speed: 6ms | IP: ::1
[28-May-2026 22:39:42 Europe/Berlin] [API_HIT] /khatalink/shop/restaurant_dashboard.php | Speed: 1007ms | IP: ::1
[28-May-2026 22:39:54 Europe/Berlin] [API_HIT] /khatalink/shop/restaurant_dashboard.php | Speed: 25ms | IP: ::1
[28-May-2026 22:47:01 Europe/Berlin] [API_HIT] /khatalink/shop/restaurant_dashboard.php | Speed: 31ms | IP: ::1
[28-May-2026 22:48:02 Europe/Berlin] [API_HIT] /khatalink/shop/restaurant_dashboard.php | Speed: 9ms | IP: ::1
[28-May-2026 22:49:03 Europe/Berlin] [API_HIT] /khatalink/shop/restaurant_dashboard.php | Speed: 9ms | IP: ::1
[28-May-2026 22:50:05 Europe/Berlin] [API_HIT] /khatalink/shop/restaurant_dashboard.php | Speed: 11ms | IP: ::1
[28-May-2026 22:51:11 Europe/Berlin] [API_HIT] /khatalink/shop/restaurant_dashboard.php | Speed: 38ms | IP: ::1
[28-May-2026 22:52:13 Europe/Berlin] [API_HIT] /khatalink/shop/restaurant_dashboard.php | Speed: 6ms | IP: ::1
[28-May-2026 22:53:14 Europe/Berlin] [API_HIT] /khatalink/shop/restaurant_dashboard.php | Speed: 8ms | IP: ::1
[28-May-2026 22:59:30 Europe/Berlin] [API_HIT] /khatalink/shop/restaurant_dashboard.php | Speed: 65ms | IP: ::1
[28-May-2026 23:12:07 Europe/Berlin] PHP Fatal error:  Uncaught PDOException: SQLSTATE[42S02]: Base table or view not found: 1146 Table 'khatalink.restaurant_menu_items' doesn't exist in D:\xampp\htdocs\khatalink\shop\restaurant_menu.php:83
Stack trace:
#0 D:\xampp\htdocs\khatalink\shop\restaurant_menu.php(83): PDOStatement->execute(Array)
#1 {main}
  thrown in D:\xampp\htdocs\khatalink\shop\restaurant_menu.php on line 83
[28-May-2026 23:12:07 Europe/Berlin] [API_HIT] /khatalink/shop/restaurant_menu.php | Speed: 106ms | IP: ::1
[28-May-2026 23:17:27 Europe/Berlin] [API_HIT] /khatalink/shop/restaurant_menu.php | Speed: 4ms | IP: ::1
[28-May-2026 23:24:15 Europe/Berlin] [API_HIT] /khatalink/shop/restaurant_menu.php | Speed: 235ms | IP: ::1
[28-May-2026 23:41:33 Europe/Berlin] [API_HIT] /khatalink/shop/restaurant_dashboard.php | Speed: 38ms | IP: ::1
[28-May-2026 23:41:36 Europe/Berlin] [API_HIT] /khatalink/shop/restaurant_menu.php | Speed: 3ms | IP: ::1
[28-May-2026 23:41:38 Europe/Berlin] [API_HIT] /khatalink/shop/restaurant_dashboard.php | Speed: 8ms | IP: ::1
[28-May-2026 23:41:43 Europe/Berlin] [API_HIT] /khatalink/shop/restaurant_dashboard.php | Speed: 6ms | IP: ::1
[29-May-2026 01:02:24 Europe/Berlin] [API_HIT] /khatalink/admin/health_check.php | Speed: 274ms | IP: ::1
[29-May-2026 01:02:27 Europe/Berlin] [API_HIT] /khatalink/admin/dashboard.php | Speed: 43ms | IP: ::1
[29-May-2026 01:02:29 Europe/Berlin] [API_HIT] /khatalink/admin/hacker_terminal.php | Speed: 4ms | IP: ::1
[29-May-2026 01:02:29 Europe/Berlin] [API_HIT] /khatalink/admin/hacker_terminal.php | Speed: 53ms | IP: ::1
[29-May-2026 20:27:09 Europe/Berlin] [API_HIT] /khatalink/shop/restaurant_dashboard.php | Speed: 163ms | IP: ::1
[29-May-2026 20:37:11 Europe/Berlin] [API_HIT] /khatalink/shop/restaurant_dashboard.php | Speed: 106ms | IP: ::1
[29-May-2026 20:39:52 Europe/Berlin] [API_HIT] /khatalink/shop/restaurant_menu.php | Speed: 27ms | IP: ::1
[29-May-2026 20:41:47 Europe/Berlin] [API_HIT] /khatalink/shop/restaurant_menu.php | Speed: 64ms | IP: ::1
[29-May-2026 20:42:28 Europe/Berlin] [API_HIT] /khatalink/auth/login.php?type=customer | Speed: 13ms | IP: ::1
[29-May-2026 20:42:40 Europe/Berlin] LOGIN_SUCCESS: User ID: 10, Type: customer (Web), IP: ::1
[29-May-2026 20:42:42 Europe/Berlin] FCM HTTP 200 Response for customer (ID: 10): {
  "name": "projects/khatalink-63041/messages/53ad3dc7-da92-47d4-9007-c77fa26857e4"
}

[29-May-2026 20:42:43 Europe/Berlin] FCM HTTP 200 Response for customer (ID: 10): {
  "name": "projects/khatalink-63041/messages/0:1780080163445349%3a1eff913a1eff91"
}

[29-May-2026 20:42:43 Europe/Berlin] [API_HIT] /khatalink/auth/login.php?type=customer | Speed: 4133ms | IP: ::1
[29-May-2026 20:42:43 Europe/Berlin] [API_HIT] /khatalink/customer/dashboard.php | Speed: 193ms | IP: ::1
[30-May-2026 00:12:51 Asia/Kolkata] [API_HIT] /khatalink/customer/Groceries_home.php | Speed: 64ms | IP: ::1
[29-May-2026 20:43:12 Europe/Berlin] [API_HIT] /khatalink/customer/ajax_sync_cart.php | Speed: 14ms | IP: ::1
[29-May-2026 20:43:17 Europe/Berlin] [API_HIT] /khatalink/customer/ajax_get_registry_location.php?lat=20.070949707725322&lng=86.22102533283262 | Speed: 65ms | IP: ::1
[30-May-2026 00:13:17 Asia/Kolkata] [API_HIT] /khatalink/customer/Groceries_home.php?lat=20.0709&lng=86.2210&radius=6 | Speed: 27ms | IP: ::1
[29-May-2026 20:43:21 Europe/Berlin] [API_HIT] /khatalink/customer/ajax_get_registry_location.php?lat=20.0709&lng=86.221 | Speed: 3ms | IP: ::1
[29-May-2026 20:43:21 Europe/Berlin] [API_HIT] /khatalink/customer/ajax_sync_cart.php | Speed: 3ms | IP: ::1
[30-May-2026 00:13:35 Asia/Kolkata] [API_HIT] /khatalink/customer/Groceries_home.php | Speed: 37ms | IP: ::1
[29-May-2026 20:43:36 Europe/Berlin] [API_HIT] /khatalink/customer/ajax_sync_cart.php | Speed: 4ms | IP: ::1
[29-May-2026 20:43:38 Europe/Berlin] [API_HIT] /khatalink/customer/dashboard.php | Speed: 33ms | IP: ::1
[29-May-2026 20:47:33 Europe/Berlin] [API_HIT] /khatalink/customer/dashboard.php | Speed: 121ms | IP: ::1
[30-May-2026 00:17:41 Asia/Kolkata] [API_HIT] /khatalink/customer/Food_home.php | Speed: 24ms | IP: ::1
[29-May-2026 20:47:43 Europe/Berlin] [API_HIT] /khatalink/customer/ajax_get_registry_location.php?lat=20.070913&lng=86.2210375 | Speed: 28ms | IP: ::1
[30-May-2026 00:17:43 Asia/Kolkata] [API_HIT] /khatalink/customer/Food_home.php?lat=20.070913&lng=86.2210375 | Speed: 55ms | IP: ::1
[29-May-2026 20:47:43 Europe/Berlin] [API_HIT] /khatalink/customer/ajax_get_registry_location.php?lat=20.070913&lng=86.2210375 | Speed: 7ms | IP: ::1
[30-May-2026 00:18:15 Asia/Kolkata] [API_HIT] /khatalink/customer/Food_home.php?lat=20.070913&lng=86.2210375 | Speed: 9ms | IP: ::1
[29-May-2026 20:48:15 Europe/Berlin] [API_HIT] /khatalink/customer/ajax_get_registry_location.php?lat=20.070913&lng=86.2210375 | Speed: 5ms | IP: ::1
[30-May-2026 00:18:16 Asia/Kolkata] [API_HIT] /khatalink/customer/Food_home.php?lat=20.070913&lng=86.2210375 | Speed: 2ms | IP: ::1
[29-May-2026 20:48:16 Europe/Berlin] [API_HIT] /khatalink/customer/ajax_get_registry_location.php?lat=20.070913&lng=86.2210375 | Speed: 3ms | IP: ::1
[30-May-2026 00:18:16 Asia/Kolkata] [API_HIT] /khatalink/customer/Food_home.php?lat=20.070913&lng=86.2210375 | Speed: 3ms | IP: ::1
[29-May-2026 20:48:17 Europe/Berlin] [API_HIT] /khatalink/customer/ajax_get_registry_location.php?lat=20.070913&lng=86.2210375 | Speed: 7ms | IP: ::1
[30-May-2026 00:18:48 Asia/Kolkata] [API_HIT] /khatalink/customer/Food_home.php?lat=20.070913&lng=86.2210375 | Speed: 5ms | IP: ::1
[29-May-2026 20:48:48 Europe/Berlin] [API_HIT] /khatalink/customer/ajax_get_registry_location.php?lat=20.070913&lng=86.2210375 | Speed: 5ms | IP: ::1
[30-May-2026 00:18:48 Asia/Kolkata] [API_HIT] /khatalink/customer/Food_home.php?lat=20.070913&lng=86.2210375 | Speed: 3ms | IP: ::1
[29-May-2026 20:48:48 Europe/Berlin] [API_HIT] /khatalink/customer/ajax_get_registry_location.php?lat=20.070913&lng=86.2210375 | Speed: 3ms | IP: ::1
[30-May-2026 00:18:49 Asia/Kolkata] [API_HIT] /khatalink/customer/Food_home.php?lat=20.070913&lng=86.2210375 | Speed: 3ms | IP: ::1
[29-May-2026 20:48:49 Europe/Berlin] [API_HIT] /khatalink/customer/ajax_get_registry_location.php?lat=20.070913&lng=86.2210375 | Speed: 9ms | IP: ::1
[30-May-2026 00:18:50 Asia/Kolkata] [API_HIT] /khatalink/customer/Food_home.php?lat=20.070913&lng=86.2210375 | Speed: 3ms | IP: ::1
[29-May-2026 20:48:50 Europe/Berlin] [API_HIT] /khatalink/customer/ajax_get_registry_location.php?lat=20.070913&lng=86.2210375 | Speed: 3ms | IP: ::1
[29-May-2026 20:49:08 Europe/Berlin] [API_HIT] /khatalink/customer/dashboard.php | Speed: 23ms | IP: ::1
[30-May-2026 00:19:13 Asia/Kolkata] [API_HIT] /khatalink/customer/Groceries_home.php | Speed: 71ms | IP: ::1
[29-May-2026 20:49:13 Europe/Berlin] [API_HIT] /khatalink/customer/ajax_sync_cart.php | Speed: 17ms | IP: ::1
[30-May-2026 00:19:17 Asia/Kolkata] [API_HIT] /khatalink/customer/Food_home.php | Speed: 2ms | IP: ::1
[29-May-2026 20:49:18 Europe/Berlin] [API_HIT] /khatalink/customer/ajax_get_registry_location.php?lat=20.070949707725322&lng=86.22102533283262 | Speed: 3ms | IP: ::1
[30-May-2026 00:19:18 Asia/Kolkata] [API_HIT] /khatalink/customer/Food_home.php?lat=20.070949707725322&lng=86.22102533283262 | Speed: 16ms | IP: ::1
[29-May-2026 20:49:18 Europe/Berlin] [API_HIT] /khatalink/customer/ajax_get_registry_location.php?lat=20.070949707725&lng=86.221025332833 | Speed: 2ms | IP: ::1
[30-May-2026 00:25:08 Asia/Kolkata] [API_HIT] /khatalink/customer/Food_home.php?category=Biryani&lat=20.070949707725&lng=86.221025332833 | Speed: 22ms | IP: ::1
[29-May-2026 20:55:08 Europe/Berlin] [API_HIT] /khatalink/customer/ajax_get_registry_location.php?lat=20.070949707725&lng=86.221025332833 | Speed: 6ms | IP: ::1
[30-May-2026 00:25:12 Asia/Kolkata] [API_HIT] /khatalink/customer/Food_home.php?category=Biryani&lat=20.070949707725&lng=86.221025332833 | Speed: 5ms | IP: ::1
[29-May-2026 20:55:12 Europe/Berlin] [API_HIT] /khatalink/customer/ajax_get_registry_location.php?lat=20.070949707725&lng=86.221025332833 | Speed: 3ms | IP: ::1
[30-May-2026 00:25:12 Asia/Kolkata] [API_HIT] /khatalink/customer/Food_home.php?category=Biryani&lat=20.070949707725&lng=86.221025332833 | Speed: 2ms | IP: ::1
[29-May-2026 20:55:13 Europe/Berlin] [API_HIT] /khatalink/customer/ajax_get_registry_location.php?lat=20.070949707725&lng=86.221025332833 | Speed: 3ms | IP: ::1
[30-May-2026 00:25:13 Asia/Kolkata] [API_HIT] /khatalink/customer/Food_home.php?category=Biryani&lat=20.070949707725&lng=86.221025332833 | Speed: 3ms | IP: ::1
[29-May-2026 20:55:13 Europe/Berlin] [API_HIT] /khatalink/customer/ajax_get_registry_location.php?lat=20.070949707725&lng=86.221025332833 | Speed: 3ms | IP: ::1
[30-May-2026 00:25:14 Asia/Kolkata] [API_HIT] /khatalink/customer/Food_home.php?category=Biryani&lat=20.070949707725&lng=86.221025332833 | Speed: 3ms | IP: ::1
[29-May-2026 20:55:14 Europe/Berlin] [API_HIT] /khatalink/customer/ajax_get_registry_location.php?lat=20.070949707725&lng=86.221025332833 | Speed: 33ms | IP: ::1
[30-May-2026 00:25:21 Asia/Kolkata] [API_HIT] /khatalink/customer/Food_home.php?lat=20.070949707725322&lng=86.22102533283262 | Speed: 4ms | IP: ::1
[29-May-2026 20:55:21 Europe/Berlin] [API_HIT] /khatalink/customer/ajax_get_registry_location.php?lat=20.070949707725&lng=86.221025332833 | Speed: 4ms | IP: ::1
[29-May-2026 20:55:44 Europe/Berlin] [API_HIT] /khatalink/shop/restaurant_dashboard.php | Speed: 20ms | IP: ::1
[29-May-2026 20:55:47 Europe/Berlin] [API_HIT] /khatalink/shop/restaurant_dashboard.php | Speed: 46ms | IP: ::1
[29-May-2026 20:55:47 Europe/Berlin] [API_HIT] /khatalink/shop/restaurant_dashboard.php | Speed: 6ms | IP: ::1
[29-May-2026 20:55:49 Europe/Berlin] [API_HIT] /khatalink/shop/restaurant_dashboard.php | Speed: 6ms | IP: ::1
[29-May-2026 20:55:49 Europe/Berlin] [API_HIT] /khatalink/shop/restaurant_dashboard.php | Speed: 5ms | IP: ::1
[30-May-2026 00:25:53 Asia/Kolkata] [API_HIT] /khatalink/customer/Food_home.php?lat=20.070949707725322&lng=86.22102533283262 | Speed: 9ms | IP: ::1
[29-May-2026 20:55:53 Europe/Berlin] [API_HIT] /khatalink/customer/ajax_get_registry_location.php?lat=20.070949707725&lng=86.221025332833 | Speed: 3ms | IP: ::1
[30-May-2026 00:25:53 Asia/Kolkata] [API_HIT] /khatalink/customer/Food_home.php?lat=20.070949707725322&lng=86.22102533283262 | Speed: 3ms | IP: ::1
[29-May-2026 20:55:53 Europe/Berlin] [API_HIT] /khatalink/customer/ajax_get_registry_location.php?lat=20.070949707725&lng=86.221025332833 | Speed: 3ms | IP: ::1
[30-May-2026 00:27:28 Asia/Kolkata] [API_HIT] /khatalink/customer/Food_home.php?lat=20.070949707725322&lng=86.22102533283262 | Speed: 18ms | IP: ::1
[29-May-2026 20:57:28 Europe/Berlin] [API_HIT] /khatalink/customer/ajax_get_registry_location.php?lat=20.070949707725&lng=86.221025332833 | Speed: 2ms | IP: ::1
[30-May-2026 00:29:10 Asia/Kolkata] [API_HIT] /khatalink/customer/Food_home.php?category=Fast+Food&lat=20.070949707725&lng=86.221025332833 | Speed: 5ms | IP: ::1
[29-May-2026 20:59:11 Europe/Berlin] [API_HIT] /khatalink/customer/ajax_get_registry_location.php?lat=20.070949707725&lng=86.221025332833 | Speed: 4ms | IP: ::1
[30-May-2026 00:29:12 Asia/Kolkata] [API_HIT] /khatalink/customer/Food_home.php?category=South+Indian&lat=20.070949707725&lng=86.221025332833 | Speed: 5ms | IP: ::1
[29-May-2026 20:59:12 Europe/Berlin] [API_HIT] /khatalink/customer/ajax_get_registry_location.php?lat=20.070949707725&lng=86.221025332833 | Speed: 7ms | IP: ::1
[30-May-2026 00:29:14 Asia/Kolkata] [API_HIT] /khatalink/customer/Food_home.php?category=South+Indian&lat=20.070949707725&lng=86.221025332833 | Speed: 3ms | IP: ::1
[29-May-2026 20:59:14 Europe/Berlin] [API_HIT] /khatalink/customer/ajax_get_registry_location.php?lat=20.070949707725&lng=86.221025332833 | Speed: 3ms | IP: ::1
[30-May-2026 00:29:24 Asia/Kolkata] [API_HIT] /khatalink/customer/Food_home.php?category=Fast+Food&lat=20.070949707725&lng=86.221025332833 | Speed: 4ms | IP: ::1
[29-May-2026 20:59:24 Europe/Berlin] [API_HIT] /khatalink/customer/ajax_get_registry_location.php?lat=20.070949707725&lng=86.221025332833 | Speed: 4ms | IP: ::1
[30-May-2026 00:29:25 Asia/Kolkata] [API_HIT] /khatalink/customer/Food_home.php?lat=20.070949707725322&lng=86.22102533283262 | Speed: 3ms | IP: ::1
[29-May-2026 20:59:25 Europe/Berlin] [API_HIT] /khatalink/customer/ajax_get_registry_location.php?lat=20.070949707725&lng=86.221025332833 | Speed: 4ms | IP: ::1
[30-May-2026 00:29:25 Asia/Kolkata] [API_HIT] /khatalink/customer/Food_home.php | Speed: 3ms | IP: ::1
[29-May-2026 20:59:26 Europe/Berlin] [API_HIT] /khatalink/customer/dashboard.php | Speed: 24ms | IP: ::1
[30-May-2026 00:29:31 Asia/Kolkata] [API_HIT] /khatalink/customer/Food_home.php | Speed: 5ms | IP: ::1
[29-May-2026 20:59:31 Europe/Berlin] [API_HIT] /khatalink/customer/ajax_get_registry_location.php?lat=20.070913&lng=86.2210375 | Speed: 3ms | IP: ::1
[30-May-2026 00:29:31 Asia/Kolkata] [API_HIT] /khatalink/customer/Food_home.php?lat=20.070913&lng=86.2210375 | Speed: 4ms | IP: ::1
[29-May-2026 20:59:31 Europe/Berlin] [API_HIT] /khatalink/customer/ajax_get_registry_location.php?lat=20.070913&lng=86.2210375 | Speed: 2ms | IP: ::1
[29-May-2026 21:14:50 Europe/Berlin] [API_HIT] /khatalink/shop/restaurant_dashboard.php | Speed: 119ms | IP: ::1
[29-May-2026 21:15:50 Europe/Berlin] [API_HIT] /khatalink/shop/restaurant_dashboard.php | Speed: 7ms | IP: ::1
[29-May-2026 21:16:51 Europe/Berlin] [API_HIT] /khatalink/shop/restaurant_dashboard.php | Speed: 11ms | IP: ::1
[29-May-2026 21:17:51 Europe/Berlin] [API_HIT] /khatalink/shop/restaurant_dashboard.php | Speed: 6ms | IP: ::1
[29-May-2026 21:18:52 Europe/Berlin] [API_HIT] /khatalink/shop/restaurant_dashboard.php | Speed: 5ms | IP: ::1
[30-May-2026 00:49:41 Asia/Kolkata] PHP Warning:  Undefined variable $eta_label in D:\xampp\htdocs\khatalink\customer\Food_home.php on line 133
[30-May-2026 00:49:41 Asia/Kolkata] PHP Warning:  Undefined variable $eta_label in D:\xampp\htdocs\khatalink\customer\Food_home.php on line 169
[30-May-2026 00:49:41 Asia/Kolkata] PHP Warning:  Undefined variable $food_items in D:\xampp\htdocs\khatalink\customer\Food_home.php on line 234
[30-May-2026 00:49:41 Asia/Kolkata] PHP Warning:  foreach() argument must be of type array|object, null given in D:\xampp\htdocs\khatalink\customer\Food_home.php on line 234
[30-May-2026 00:49:41 Asia/Kolkata] [API_HIT] /khatalink/customer/Food_home.php?lat=20.070913&lng=86.2210375 | Speed: 392ms | IP: ::1
[29-May-2026 21:19:42 Europe/Berlin] [API_HIT] /khatalink/customer/ajax_get_registry_location.php?lat=20.070913&lng=86.2210375 | Speed: 106ms | IP: ::1
[29-May-2026 21:19:59 Europe/Berlin] [API_HIT] /khatalink/customer/ajax_get_registry_location.php?lat=20.070949707725322&lng=86.22102533283262 | Speed: 80ms | IP: ::1
[29-May-2026 21:19:59 Europe/Berlin] [API_HIT] /khatalink/customer/ajax_get_registry_location.php?lat=20.070949707725322&lng=86.22102533283262 | Speed: 3ms | IP: ::1
[30-May-2026 00:50:09 Asia/Kolkata] PHP Warning:  Undefined variable $eta_label in D:\xampp\htdocs\khatalink\customer\Food_home.php on line 133
[30-May-2026 00:50:09 Asia/Kolkata] PHP Warning:  Undefined variable $eta_label in D:\xampp\htdocs\khatalink\customer\Food_home.php on line 169
[30-May-2026 00:50:09 Asia/Kolkata] PHP Warning:  Undefined variable $food_items in D:\xampp\htdocs\khatalink\customer\Food_home.php on line 234
[30-May-2026 00:50:09 Asia/Kolkata] PHP Warning:  foreach() argument must be of type array|object, null given in D:\xampp\htdocs\khatalink\customer\Food_home.php on line 234
[30-May-2026 00:50:09 Asia/Kolkata] [API_HIT] /khatalink/customer/Food_home.php | Speed: 15ms | IP: ::1
[29-May-2026 21:20:09 Europe/Berlin] [API_HIT] /khatalink/customer/ajax_get_registry_location.php?lat=20.070949707725322&lng=86.22102533283262 | Speed: 3ms | IP: ::1
[30-May-2026 00:50:09 Asia/Kolkata] PHP Warning:  Undefined variable $eta_label in D:\xampp\htdocs\khatalink\customer\Food_home.php on line 133
[30-May-2026 00:50:09 Asia/Kolkata] PHP Warning:  Undefined variable $eta_label in D:\xampp\htdocs\khatalink\customer\Food_home.php on line 169
[30-May-2026 00:50:09 Asia/Kolkata] PHP Warning:  Undefined variable $food_items in D:\xampp\htdocs\khatalink\customer\Food_home.php on line 234
[30-May-2026 00:50:09 Asia/Kolkata] PHP Warning:  foreach() argument must be of type array|object, null given in D:\xampp\htdocs\khatalink\customer\Food_home.php on line 234
[30-May-2026 00:50:09 Asia/Kolkata] [API_HIT] /khatalink/customer/Food_home.php?lat=20.070949707725322&lng=86.22102533283262 | Speed: 23ms | IP: ::1
[29-May-2026 21:20:09 Europe/Berlin] [API_HIT] /khatalink/customer/ajax_get_registry_location.php?lat=20.070949707725&lng=86.221025332833 | Speed: 5ms | IP: ::1
[29-May-2026 21:20:10 Europe/Berlin] [API_HIT] /khatalink/customer/dashboard.php | Speed: 35ms | IP: ::1
[30-May-2026 00:50:12 Asia/Kolkata] PHP Warning:  Undefined variable $eta_label in D:\xampp\htdocs\khatalink\customer\Food_home.php on line 133
[30-May-2026 00:50:12 Asia/Kolkata] PHP Warning:  Undefined variable $eta_label in D:\xampp\htdocs\khatalink\customer\Food_home.php on line 169
[30-May-2026 00:50:12 Asia/Kolkata] PHP Warning:  Undefined variable $food_items in D:\xampp\htdocs\khatalink\customer\Food_home.php on line 234
[30-May-2026 00:50:12 Asia/Kolkata] PHP Warning:  foreach() argument must be of type array|object, null given in D:\xampp\htdocs\khatalink\customer\Food_home.php on line 234
[30-May-2026 00:50:12 Asia/Kolkata] [API_HIT] /khatalink/customer/Food_home.php | Speed: 3ms | IP: ::1
[29-May-2026 21:20:12 Europe/Berlin] [API_HIT] /khatalink/customer/ajax_get_registry_location.php?lat=20.070949707725322&lng=86.22102533283262 | Speed: 4ms | IP: ::1
[30-May-2026 00:50:12 Asia/Kolkata] PHP Warning:  Undefined variable $eta_label in D:\xampp\htdocs\khatalink\customer\Food_home.php on line 133
[30-May-2026 00:50:12 Asia/Kolkata] PHP Warning:  Undefined variable $eta_label in D:\xampp\htdocs\khatalink\customer\Food_home.php on line 169
[30-May-2026 00:50:12 Asia/Kolkata] PHP Warning:  Undefined variable $food_items in D:\xampp\htdocs\khatalink\customer\Food_home.php on line 234
[30-May-2026 00:50:12 Asia/Kolkata] PHP Warning:  foreach() argument must be of type array|object, null given in D:\xampp\htdocs\khatalink\customer\Food_home.php on line 234
[30-May-2026 00:50:12 Asia/Kolkata] [API_HIT] /khatalink/customer/Food_home.php?lat=20.070949707725322&lng=86.22102533283262 | Speed: 3ms | IP: ::1
[29-May-2026 21:20:12 Europe/Berlin] [API_HIT] /khatalink/customer/ajax_get_registry_location.php?lat=20.070949707725&lng=86.221025332833 | Speed: 3ms | IP: ::1
[30-May-2026 00:55:42 Asia/Kolkata] PHP Fatal error:  Uncaught PDOException: SQLSTATE[42S22]: Column not found: 1054 Unknown column 's.latitude' in 'where clause' in D:\xampp\htdocs\khatalink\customer\Food_home.php:80
Stack trace:
#0 D:\xampp\htdocs\khatalink\customer\Food_home.php(80): PDOStatement->execute(Array)
#1 {main}
  thrown in D:\xampp\htdocs\khatalink\customer\Food_home.php on line 80
[30-May-2026 00:55:42 Asia/Kolkata] [API_HIT] /khatalink/customer/Food_home.php?lat=20.070949707725322&lng=86.22102533283262 | Speed: 94ms | IP: ::1
[30-May-2026 01:00:38 Asia/Kolkata] PHP Fatal error:  Uncaught PDOException: SQLSTATE[42S22]: Column not found: 1054 Unknown column 's.latitude' in 'where clause' in D:\xampp\htdocs\khatalink\customer\Food_home.php:80
Stack trace:
#0 D:\xampp\htdocs\khatalink\customer\Food_home.php(80): PDOStatement->execute(Array)
#1 {main}
  thrown in D:\xampp\htdocs\khatalink\customer\Food_home.php on line 80
[30-May-2026 01:00:38 Asia/Kolkata] [API_HIT] /khatalink/customer/Food_home.php?lat=20.070949707725322&lng=86.22102533283262 | Speed: 109ms | IP: ::1
[30-May-2026 01:00:39 Asia/Kolkata] PHP Fatal error:  Uncaught PDOException: SQLSTATE[42S22]: Column not found: 1054 Unknown column 's.latitude' in 'where clause' in D:\xampp\htdocs\khatalink\customer\Food_home.php:80
Stack trace:
#0 D:\xampp\htdocs\khatalink\customer\Food_home.php(80): PDOStatement->execute(Array)
#1 {main}
  thrown in D:\xampp\htdocs\khatalink\customer\Food_home.php on line 80
[30-May-2026 01:00:39 Asia/Kolkata] [API_HIT] /khatalink/customer/Food_home.php?lat=20.070949707725322&lng=86.22102533283262 | Speed: 4ms | IP: ::1
[30-May-2026 01:00:41 Asia/Kolkata] PHP Fatal error:  Uncaught PDOException: SQLSTATE[42S22]: Column not found: 1054 Unknown column 's.latitude' in 'where clause' in D:\xampp\htdocs\khatalink\customer\Food_home.php:80
Stack trace:
#0 D:\xampp\htdocs\khatalink\customer\Food_home.php(80): PDOStatement->execute(Array)
#1 {main}
  thrown in D:\xampp\htdocs\khatalink\customer\Food_home.php on line 80
[30-May-2026 01:00:41 Asia/Kolkata] [API_HIT] /khatalink/customer/Food_home.php?lat=20.070949707725322&lng=86.22102533283262 | Speed: 4ms | IP: ::1
[30-May-2026 01:00:42 Asia/Kolkata] PHP Fatal error:  Uncaught PDOException: SQLSTATE[42S22]: Column not found: 1054 Unknown column 's.latitude' in 'where clause' in D:\xampp\htdocs\khatalink\customer\Food_home.php:80
Stack trace:
#0 D:\xampp\htdocs\khatalink\customer\Food_home.php(80): PDOStatement->execute(Array)
#1 {main}
  thrown in D:\xampp\htdocs\khatalink\customer\Food_home.php on line 80
[30-May-2026 01:00:42 Asia/Kolkata] [API_HIT] /khatalink/customer/Food_home.php?lat=20.070949707725322&lng=86.22102533283262 | Speed: 3ms | IP: ::1
[30-May-2026 01:00:42 Asia/Kolkata] PHP Fatal error:  Uncaught PDOException: SQLSTATE[42S22]: Column not found: 1054 Unknown column 's.latitude' in 'where clause' in D:\xampp\htdocs\khatalink\customer\Food_home.php:80
Stack trace:
#0 D:\xampp\htdocs\khatalink\customer\Food_home.php(80): PDOStatement->execute(Array)
#1 {main}
  thrown in D:\xampp\htdocs\khatalink\customer\Food_home.php on line 80
[30-May-2026 01:00:42 Asia/Kolkata] [API_HIT] /khatalink/customer/Food_home.php?lat=20.070949707725322&lng=86.22102533283262 | Speed: 4ms | IP: ::1
[30-May-2026 01:00:42 Asia/Kolkata] PHP Fatal error:  Uncaught PDOException: SQLSTATE[42S22]: Column not found: 1054 Unknown column 's.latitude' in 'where clause' in D:\xampp\htdocs\khatalink\customer\Food_home.php:80
Stack trace:
#0 D:\xampp\htdocs\khatalink\customer\Food_home.php(80): PDOStatement->execute(Array)
#1 {main}
  thrown in D:\xampp\htdocs\khatalink\customer\Food_home.php on line 80
[30-May-2026 01:00:42 Asia/Kolkata] [API_HIT] /khatalink/customer/Food_home.php?lat=20.070949707725322&lng=86.22102533283262 | Speed: 3ms | IP: ::1
[30-May-2026 01:00:42 Asia/Kolkata] PHP Fatal error:  Uncaught PDOException: SQLSTATE[42S22]: Column not found: 1054 Unknown column 's.latitude' in 'where clause' in D:\xampp\htdocs\khatalink\customer\Food_home.php:80
Stack trace:
#0 D:\xampp\htdocs\khatalink\customer\Food_home.php(80): PDOStatement->execute(Array)
#1 {main}
  thrown in D:\xampp\htdocs\khatalink\customer\Food_home.php on line 80
[30-May-2026 01:00:42 Asia/Kolkata] [API_HIT] /khatalink/customer/Food_home.php?lat=20.070949707725322&lng=86.22102533283262 | Speed: 3ms | IP: ::1
[30-May-2026 01:00:43 Asia/Kolkata] PHP Fatal error:  Uncaught PDOException: SQLSTATE[42S22]: Column not found: 1054 Unknown column 's.latitude' in 'where clause' in D:\xampp\htdocs\khatalink\customer\Food_home.php:80
Stack trace:
#0 D:\xampp\htdocs\khatalink\customer\Food_home.php(80): PDOStatement->execute(Array)
#1 {main}
  thrown in D:\xampp\htdocs\khatalink\customer\Food_home.php on line 80
[30-May-2026 01:00:43 Asia/Kolkata] [API_HIT] /khatalink/customer/Food_home.php?lat=20.070949707725322&lng=86.22102533283262 | Speed: 2ms | IP: ::1
[30-May-2026 01:00:43 Asia/Kolkata] PHP Fatal error:  Uncaught PDOException: SQLSTATE[42S22]: Column not found: 1054 Unknown column 's.latitude' in 'where clause' in D:\xampp\htdocs\khatalink\customer\Food_home.php:80
Stack trace:
#0 D:\xampp\htdocs\khatalink\customer\Food_home.php(80): PDOStatement->execute(Array)
#1 {main}
  thrown in D:\xampp\htdocs\khatalink\customer\Food_home.php on line 80
[30-May-2026 01:00:43 Asia/Kolkata] [API_HIT] /khatalink/customer/Food_home.php?lat=20.070949707725322&lng=86.22102533283262 | Speed: 2ms | IP: ::1
[30-May-2026 01:03:22 Asia/Kolkata] PHP Fatal error:  Uncaught PDOException: SQLSTATE[42S22]: Column not found: 1054 Unknown column 's.latitude' in 'where clause' in D:\xampp\htdocs\khatalink\customer\Food_home.php:80
Stack trace:
#0 D:\xampp\htdocs\khatalink\customer\Food_home.php(80): PDOStatement->execute(Array)
#1 {main}
  thrown in D:\xampp\htdocs\khatalink\customer\Food_home.php on line 80
[30-May-2026 01:03:22 Asia/Kolkata] [API_HIT] /khatalink/customer/Food_home.php?lat=20.070949707725322&lng=86.22102533283262 | Speed: 6ms | IP: ::1
[30-May-2026 01:03:23 Asia/Kolkata] PHP Fatal error:  Uncaught PDOException: SQLSTATE[42S22]: Column not found: 1054 Unknown column 's.latitude' in 'where clause' in D:\xampp\htdocs\khatalink\customer\Food_home.php:80
Stack trace:
#0 D:\xampp\htdocs\khatalink\customer\Food_home.php(80): PDOStatement->execute(Array)
#1 {main}
  thrown in D:\xampp\htdocs\khatalink\customer\Food_home.php on line 80
[30-May-2026 01:03:23 Asia/Kolkata] [API_HIT] /khatalink/customer/Food_home.php?lat=20.070949707725322&lng=86.22102533283262 | Speed: 6ms | IP: ::1
[30-May-2026 01:03:57 Asia/Kolkata] [API_HIT] /khatalink/customer/Food_home.php?lat=20.070949707725322&lng=86.22102533283262 | Speed: 23ms | IP: ::1
[29-May-2026 21:33:58 Europe/Berlin] [API_HIT] /khatalink/customer/ajax_get_registry_location.php?lat=20.070949707725&lng=86.221025332833 | Speed: 14ms | IP: ::1
[29-May-2026 21:34:05 Europe/Berlin] [API_HIT] /khatalink/customer/dashboard.php | Speed: 42ms | IP: ::1
[30-May-2026 01:04:06 Asia/Kolkata] [API_HIT] /khatalink/customer/Food_home.php | Speed: 3ms | IP: ::1
[29-May-2026 21:34:11 Europe/Berlin] [API_HIT] /khatalink/customer/ajax_get_registry_location.php?lat=20.070949707725322&lng=86.22102533283262 | Speed: 3ms | IP: ::1
[30-May-2026 01:04:11 Asia/Kolkata] [API_HIT] /khatalink/customer/Food_home.php?lat=20.070949707725322&lng=86.22102533283262 | Speed: 4ms | IP: ::1
[29-May-2026 21:34:11 Europe/Berlin] [API_HIT] /khatalink/customer/ajax_get_registry_location.php?lat=20.070949707725&lng=86.221025332833 | Speed: 16ms | IP: ::1
[29-May-2026 21:34:13 Europe/Berlin] [API_HIT] /khatalink/customer/ajax_get_registry_location.php?lat=20.070949707725322&lng=86.22102533283262 | Speed: 3ms | IP: ::1
[29-May-2026 21:34:19 Europe/Berlin] [API_HIT] /khatalink/shop/restaurant_dashboard.php | Speed: 17ms | IP: ::1
[29-May-2026 21:34:22 Europe/Berlin] [API_HIT] /khatalink/shop/restaurant_dashboard.php | Speed: 42ms | IP: ::1
[29-May-2026 21:34:22 Europe/Berlin] [API_HIT] /khatalink/shop/restaurant_dashboard.php | Speed: 6ms | IP: ::1
[29-May-2026 21:34:23 Europe/Berlin] [API_HIT] /khatalink/shop/restaurant_dashboard.php | Speed: 6ms | IP: ::1
[29-May-2026 21:34:23 Europe/Berlin] [API_HIT] /khatalink/shop/restaurant_dashboard.php | Speed: 4ms | IP: ::1
[29-May-2026 21:34:26 Europe/Berlin] [API_HIT] /khatalink/shop/restaurant_menu.php | Speed: 30ms | IP: ::1
[29-May-2026 21:34:33 Europe/Berlin] [API_HIT] /khatalink/shop/restaurant_menu.php | Speed: 8ms | IP: ::1
[30-May-2026 01:04:39 Asia/Kolkata] [API_HIT] /khatalink/customer/Food_home.php?lat=20.070949707725322&lng=86.22102533283262 | Speed: 3ms | IP: ::1
[29-May-2026 21:34:39 Europe/Berlin] [API_HIT] /khatalink/customer/ajax_get_registry_location.php?lat=20.070949707725&lng=86.221025332833 | Speed: 4ms | IP: ::1
[30-May-2026 01:04:40 Asia/Kolkata] [API_HIT] /khatalink/customer/Food_home.php?lat=20.070949707725322&lng=86.22102533283262 | Speed: 2ms | IP: ::1
[29-May-2026 21:34:40 Europe/Berlin] [API_HIT] /khatalink/customer/ajax_get_registry_location.php?lat=20.070949707725&lng=86.221025332833 | Speed: 3ms | IP: ::1
[30-May-2026 01:04:40 Asia/Kolkata] [API_HIT] /khatalink/customer/Food_home.php?lat=20.070949707725322&lng=86.22102533283262 | Speed: 3ms | IP: ::1
[29-May-2026 21:34:41 Europe/Berlin] [API_HIT] /khatalink/customer/ajax_get_registry_location.php?lat=20.070949707725&lng=86.221025332833 | Speed: 4ms | IP: ::1
[30-May-2026 01:04:41 Asia/Kolkata] [API_HIT] /khatalink/customer/Food_home.php?lat=20.070949707725322&lng=86.22102533283262 | Speed: 3ms | IP: ::1
[29-May-2026 21:34:41 Europe/Berlin] [API_HIT] /khatalink/customer/ajax_get_registry_location.php?lat=20.070949707725&lng=86.221025332833 | Speed: 3ms | IP: ::1
[30-May-2026 01:04:41 Asia/Kolkata] [API_HIT] /khatalink/customer/Food_home.php?lat=20.070949707725322&lng=86.22102533283262 | Speed: 3ms | IP: ::1
[29-May-2026 21:34:41 Europe/Berlin] [API_HIT] /khatalink/customer/ajax_get_registry_location.php?lat=20.070949707725&lng=86.221025332833 | Speed: 3ms | IP: ::1
[30-May-2026 01:04:41 Asia/Kolkata] [API_HIT] /khatalink/customer/Food_home.php?lat=20.070949707725322&lng=86.22102533283262 | Speed: 3ms | IP: ::1
[29-May-2026 21:34:41 Europe/Berlin] [API_HIT] /khatalink/customer/ajax_get_registry_location.php?lat=20.070949707725&lng=86.221025332833 | Speed: 4ms | IP: ::1
[30-May-2026 01:04:41 Asia/Kolkata] [API_HIT] /khatalink/customer/Food_home.php?lat=20.070949707725322&lng=86.22102533283262 | Speed: 3ms | IP: ::1
[29-May-2026 21:34:42 Europe/Berlin] [API_HIT] /khatalink/customer/ajax_get_registry_location.php?lat=20.070949707725&lng=86.221025332833 | Speed: 3ms | IP: ::1
[30-May-2026 01:04:42 Asia/Kolkata] [API_HIT] /khatalink/customer/Food_home.php?lat=20.070949707725322&lng=86.22102533283262 | Speed: 9ms | IP: ::1
[29-May-2026 21:34:42 Europe/Berlin] [API_HIT] /khatalink/customer/ajax_get_registry_location.php?lat=20.070949707725&lng=86.221025332833 | Speed: 3ms | IP: ::1
[30-May-2026 19:34:46 Europe/Berlin] [API_HIT] /khatalink/auth/login.php?type=customer | Speed: 158ms | IP: ::1
[30-May-2026 19:35:26 Europe/Berlin] [API_HIT] /khatalink/customer/dashboard.php | Speed: 47ms | IP: ::1
[30-May-2026 19:35:26 Europe/Berlin] [API_HIT] /khatalink/auth/login.php?type=customer | Speed: 4ms | IP: ::1
[30-May-2026 19:35:31 Europe/Berlin] LOGIN_SUCCESS: User ID: 10, Type: customer (Web), IP: ::1
[30-May-2026 19:35:32 Europe/Berlin] FCM HTTP 200 Response for customer (ID: 10): {
  "name": "projects/khatalink-63041/messages/2d308f98-b7a4-4f58-b5ad-68f61ce06aff"
}

[30-May-2026 19:35:33 Europe/Berlin] FCM HTTP 200 Response for customer (ID: 10): {
  "name": "projects/khatalink-63041/messages/0:1780162534122056%3a1eff913a1eff91"
}

[30-May-2026 19:35:33 Europe/Berlin] [API_HIT] /khatalink/auth/login.php?type=customer | Speed: 1999ms | IP: ::1
[30-May-2026 19:35:33 Europe/Berlin] [API_HIT] /khatalink/customer/dashboard.php | Speed: 34ms | IP: ::1
[30-May-2026 23:05:43 Asia/Kolkata] [API_HIT] /khatalink/customer/Food_home.php | Speed: 6ms | IP: ::1
[30-May-2026 23:05:45 Asia/Kolkata] [API_HIT] /khatalink/customer/Food_home.php?lat=20.070937552518103&lng=86.22101835456115 | Speed: 4ms | IP: ::1
[30-May-2026 19:35:45 Europe/Berlin] [API_HIT] /khatalink/customer/ajax_get_registry_location.php?lat=20.070937552518103&lng=86.22101835456115 | Speed: 7ms | IP: ::1
[30-May-2026 19:35:45 Europe/Berlin] [API_HIT] /khatalink/customer/ajax_get_registry_location.php?lat=20.070937552518&lng=86.221018354561 | Speed: 5ms | IP: ::1
[30-May-2026 19:35:56 Europe/Berlin] [API_HIT] /khatalink/customer/dashboard.php | Speed: 7ms | IP: ::1
[30-May-2026 19:35:56 Europe/Berlin] [API_HIT] /khatalink/auth/login.php?type=customer | Speed: 4ms | IP: ::1
[30-May-2026 19:36:08 Europe/Berlin] LOGIN_SUCCESS: User ID: 7, Type: shop (Web), IP: ::1
[30-May-2026 19:36:09 Europe/Berlin] FCM HTTP 200 Response for shop (ID: 7): {
  "name": "projects/khatalink-63041/messages/74a45699-782f-4a47-baff-4220f8a01202"
}

[30-May-2026 19:36:09 Europe/Berlin] [API_HIT] /khatalink/auth/login.php?type=customer | Speed: 963ms | IP: ::1
[30-May-2026 23:06:09 Asia/Kolkata] [API_HIT] /khatalink/shop/dashboard.php | Speed: 71ms | IP: ::1
[30-May-2026 19:36:10 Europe/Berlin] [API_HIT] /khatalink/shop/ajax_save_token.php | Speed: 7ms | IP: ::1
[30-May-2026 19:36:21 Europe/Berlin] [API_HIT] /khatalink/auth/login.php?type=customer | Speed: 3ms | IP: ::1
[30-May-2026 19:36:49 Europe/Berlin] [API_HIT] /khatalink/customer/dashboard.php | Speed: 5ms | IP: ::1
[30-May-2026 19:36:54 Europe/Berlin] [API_HIT] /khatalink/auth/login.php?type=customer | Speed: 5ms | IP: ::1
[30-May-2026 19:37:05 Europe/Berlin] LOGIN_SUCCESS: User ID: 9, Type: shop (Web), IP: ::1
[30-May-2026 19:37:05 Europe/Berlin] FCM HTTP 200 Response for shop (ID: 9): {
  "name": "projects/khatalink-63041/messages/94441a88-caf4-4c6d-8f8a-667ec850e110"
}

[30-May-2026 19:37:05 Europe/Berlin] [API_HIT] /khatalink/auth/login.php?type=customer | Speed: 806ms | IP: ::1
[30-May-2026 19:37:06 Europe/Berlin] [API_HIT] /khatalink/shop/restaurant_dashboard.php | Speed: 5ms | IP: ::1
[30-May-2026 19:37:10 Europe/Berlin] [API_HIT] /khatalink/shop/restaurant_menu.php | Speed: 2ms | IP: ::1
[30-May-2026 19:37:31 Europe/Berlin] [API_HIT] /khatalink/auth/login.php?type=customer | Speed: 3ms | IP: ::1
[30-May-2026 23:07:51 Asia/Kolkata] [API_HIT] /khatalink/shop/dashboard.php | Speed: 45ms | IP: ::1
[30-May-2026 19:37:51 Europe/Berlin] [API_HIT] /khatalink/shop/ajax_save_token.php | Speed: 4ms | IP: ::1
[30-May-2026 23:08:00 Asia/Kolkata] [API_HIT] /khatalink/shop/dashboard.php | Speed: 22ms | IP: ::1
[30-May-2026 19:38:00 Europe/Berlin] [API_HIT] /khatalink/shop/ajax_save_token.php | Speed: 3ms | IP: ::1
[30-May-2026 23:08:05 Asia/Kolkata] [API_HIT] /khatalink/shop/dashboard.php | Speed: 21ms | IP: ::1
[30-May-2026 19:38:05 Europe/Berlin] [API_HIT] /khatalink/shop/ajax_save_token.php | Speed: 5ms | IP: ::1
[30-May-2026 19:38:10 Europe/Berlin] [API_HIT] /khatalink/shop/restaurant_menu.php | Speed: 2ms | IP: ::1
[30-May-2026 19:38:10 Europe/Berlin] [API_HIT] /khatalink/auth/login.php?type=restaurant | Speed: 3ms | IP: ::1
[30-May-2026 19:38:14 Europe/Berlin] [API_HIT] /khatalink/auth/login.php?type=customer | Speed: 3ms | IP: ::1
[30-May-2026 19:38:17 Europe/Berlin] LOGIN_SUCCESS: User ID: 10, Type: customer (Web), IP: ::1
[30-May-2026 19:38:17 Europe/Berlin] FCM HTTP 200 Response for customer (ID: 10): {
  "name": "projects/khatalink-63041/messages/73e5498c-c78b-4829-94a6-8c1567683030"
}

[30-May-2026 19:38:18 Europe/Berlin] FCM HTTP 200 Response for customer (ID: 10): {
  "name": "projects/khatalink-63041/messages/0:1780162699221081%3a1eff913a1eff91"
}

[30-May-2026 19:38:18 Europe/Berlin] [API_HIT] /khatalink/auth/login.php?type=customer | Speed: 1052ms | IP: ::1
[30-May-2026 19:38:18 Europe/Berlin] [API_HIT] /khatalink/customer/dashboard.php | Speed: 8ms | IP: ::1
[30-May-2026 19:38:23 Europe/Berlin] LOGIN_SUCCESS: User ID: 9, Type: shop (Web), IP: ::1
[30-May-2026 19:38:24 Europe/Berlin] FCM HTTP 200 Response for shop (ID: 9): {
  "name": "projects/khatalink-63041/messages/cc79afb6-b53d-4f91-9760-0435014cb272"
}

[30-May-2026 19:38:24 Europe/Berlin] [API_HIT] /khatalink/auth/login.php?type=restaurant | Speed: 897ms | IP: ::1
[30-May-2026 19:38:24 Europe/Berlin] [API_HIT] /khatalink/shop/restaurant_dashboard.php | Speed: 5ms | IP: ::1
[30-May-2026 23:08:28 Asia/Kolkata] [API_HIT] /khatalink/customer/Food_home.php | Speed: 2ms | IP: ::1
[30-May-2026 23:08:29 Asia/Kolkata] [API_HIT] /khatalink/customer/Food_home.php?lat=20.070918870494804&lng=86.22102135613927 | Speed: 3ms | IP: ::1
[30-May-2026 19:38:29 Europe/Berlin] [API_HIT] /khatalink/customer/ajax_get_registry_location.php?lat=20.070918870494804&lng=86.22102135613927 | Speed: 5ms | IP: ::1
[30-May-2026 19:38:29 Europe/Berlin] [API_HIT] /khatalink/customer/ajax_get_registry_location.php?lat=20.070918870495&lng=86.221021356139 | Speed: 3ms | IP: ::1
[30-May-2026 23:13:41 Asia/Kolkata] [API_HIT] /khatalink/customer/Groceries_orders.php | Speed: 191ms | IP: ::1
[30-May-2026 23:14:14 Asia/Kolkata] [API_HIT] /khatalink/customer/Groceries_home.php | Speed: 470ms | IP: ::1
[30-May-2026 23:14:20 Asia/Kolkata] [API_HIT] /khatalink/customer/Groceries_orders.php | Speed: 13ms | IP: ::1
[30-May-2026 23:14:31 Asia/Kolkata] [API_HIT] /khatalink/customer/Groceries_home.php | Speed: 76ms | IP: ::1
[30-May-2026 19:44:36 Europe/Berlin] [API_HIT] /khatalink/customer/dashboard.php | Speed: 16ms | IP: ::1
[30-May-2026 19:44:37 Europe/Berlin] [API_HIT] /khatalink/customer/dashboard.php | Speed: 8ms | IP: ::1
[30-May-2026 23:14:42 Asia/Kolkata] [API_HIT] /khatalink/customer/Food_home.php | Speed: 3ms | IP: ::1
[30-May-2026 23:14:43 Asia/Kolkata] [API_HIT] /khatalink/customer/Food_home.php?lat=20.070937552518103&lng=86.22101835456115 | Speed: 6ms | IP: ::1
[30-May-2026 19:44:43 Europe/Berlin] [API_HIT] /khatalink/customer/ajax_get_registry_location.php?lat=20.070937552518103&lng=86.22101835456115 | Speed: 11ms | IP: ::1
[30-May-2026 19:44:43 Europe/Berlin] [API_HIT] /khatalink/customer/ajax_get_registry_location.php?lat=20.070937552518&lng=86.221018354561 | Speed: 5ms | IP: ::1
[30-May-2026 23:15:04 Asia/Kolkata] [API_HIT] /khatalink/customer/Food_home.php?lat=20.070937552518103&lng=86.22101835456115 | Speed: 3ms | IP: ::1
[30-May-2026 19:45:05 Europe/Berlin] [API_HIT] /khatalink/customer/ajax_get_registry_location.php?lat=20.070937552518&lng=86.221018354561 | Speed: 5ms | IP: ::1
[30-May-2026 19:46:35 Europe/Berlin] [API_HIT] /khatalink/shop/restaurant_dashboard.php | Speed: 9ms | IP: ::1
[30-May-2026 23:23:15 Asia/Kolkata] [API_HIT] /khatalink/customer/Food_home.php?lat=20.070937552518103&lng=86.22101835456115 | Speed: 108ms | IP: ::1
[30-May-2026 23:23:27 Asia/Kolkata] [API_HIT] /khatalink/customer/Food_home.php?lat=20.070937552518103&lng=86.22101835456115 | Speed: 5ms | IP: ::1
[30-May-2026 19:53:33 Europe/Berlin] [API_HIT] /khatalink/shop/restaurant_dashboard.php | Speed: 27ms | IP: ::1
[30-May-2026 19:53:37 Europe/Berlin] [API_HIT] /khatalink/shop/restaurant_dashboard.php | Speed: 52ms | IP: ::1
[30-May-2026 19:53:37 Europe/Berlin] [API_HIT] /khatalink/shop/restaurant_dashboard.php | Speed: 4ms | IP: ::1
[30-May-2026 19:53:38 Europe/Berlin] [API_HIT] /khatalink/shop/restaurant_dashboard.php | Speed: 4ms | IP: ::1
[30-May-2026 19:53:38 Europe/Berlin] [API_HIT] /khatalink/shop/restaurant_dashboard.php | Speed: 4ms | IP: ::1
[30-May-2026 19:53:41 Europe/Berlin] [API_HIT] /khatalink/shop/restaurant_dashboard.php | Speed: 4ms | IP: ::1
[30-May-2026 23:23:42 Asia/Kolkata] [API_HIT] /khatalink/customer/Food_home.php?lat=20.070937552518103&lng=86.22101835456115 | Speed: 3ms | IP: ::1
[30-May-2026 23:23:43 Asia/Kolkata] [API_HIT] /khatalink/customer/Food_home.php?lat=20.070937552518103&lng=86.22101835456115 | Speed: 3ms | IP: ::1
[30-May-2026 19:54:31 Europe/Berlin] [API_HIT] /khatalink/shop/restaurant_dashboard.php | Speed: 6ms | IP: ::1
[30-May-2026 19:54:33 Europe/Berlin] [API_HIT] /khatalink/shop/restaurant_dashboard.php | Speed: 4ms | IP: ::1
[30-May-2026 19:54:33 Europe/Berlin] [API_HIT] /khatalink/shop/restaurant_dashboard.php | Speed: 6ms | IP: ::1
[30-May-2026 23:24:37 Asia/Kolkata] [API_HIT] /khatalink/customer/Food_home.php?lat=20.070937552518103&lng=86.22101835456115 | Speed: 25ms | IP: ::1
[30-May-2026 19:54:38 Europe/Berlin] [API_HIT] /khatalink/customer/dashboard.php | Speed: 24ms | IP: ::1
[30-May-2026 23:24:39 Asia/Kolkata] [API_HIT] /khatalink/customer/Food_home.php | Speed: 3ms | IP: ::1
[30-May-2026 23:24:40 Asia/Kolkata] [API_HIT] /khatalink/customer/Food_home.php?lat=20.070937552518103&lng=86.22101835456115&radius=6 | Speed: 3ms | IP: ::1
[30-May-2026 19:54:40 Europe/Berlin] [API_HIT] /khatalink/customer/ajax_get_registry_location.php?lat=20.070937552518103&lng=86.22101835456115 | Speed: 9ms | IP: ::1
[30-May-2026 19:55:01 Europe/Berlin] [API_HIT] /khatalink/shop/restaurant_dashboard.php | Speed: 10ms | IP: ::1
[30-May-2026 19:55:02 Europe/Berlin] [API_HIT] /khatalink/shop/restaurant_dashboard.php | Speed: 5ms | IP: ::1
[30-May-2026 23:25:05 Asia/Kolkata] [API_HIT] /khatalink/customer/Food_home.php?lat=20.070937552518103&lng=86.22101835456115&radius=6 | Speed: 15ms | IP: ::1
[30-May-2026 19:55:06 Europe/Berlin] [API_HIT] /khatalink/customer/dashboard.php | Speed: 6ms | IP: ::1
[30-May-2026 23:25:08 Asia/Kolkata] [API_HIT] /khatalink/customer/Food_home.php | Speed: 4ms | IP: ::1
[30-May-2026 23:25:08 Asia/Kolkata] [API_HIT] /khatalink/customer/Food_home.php?lat=20.070937552518103&lng=86.22101835456115&radius=6 | Speed: 3ms | IP: ::1
[30-May-2026 19:55:08 Europe/Berlin] [API_HIT] /khatalink/customer/ajax_get_registry_location.php?lat=20.070937552518103&lng=86.22101835456115 | Speed: 4ms | IP: ::1
[30-May-2026 23:25:58 Asia/Kolkata] [API_HIT] /khatalink/customer/Food_home.php?search=vfgwdfwd&lat=20.070937552518&lng=86.221018354561 | Speed: 4ms | IP: ::1
[30-May-2026 23:26:38 Asia/Kolkata] [API_HIT] /khatalink/customer/Food_home.php?lat=20.070937552518103&lng=86.22101835456115&radius=6 | Speed: 3ms | IP: ::1
[30-May-2026 19:56:38 Europe/Berlin] [API_HIT] /khatalink/customer/ajax_get_registry_location.php?lat=20.070937552518&lng=86.221018354561 | Speed: 3ms | IP: ::1
[30-May-2026 23:26:45 Asia/Kolkata] [API_HIT] /khatalink/customer/Food_home.php?lat=20.070937552518103&lng=86.22101835456115&radius=6 | Speed: 6ms | IP: ::1
[30-May-2026 19:56:45 Europe/Berlin] [API_HIT] /khatalink/customer/ajax_get_registry_location.php?lat=20.070937552518&lng=86.221018354561 | Speed: 2ms | IP: ::1
[30-May-2026 23:26:50 Asia/Kolkata] [API_HIT] /khatalink/customer/Food_home.php?lat=20.070937552518103&lng=86.22101835456115&radius=6 | Speed: 5ms | IP: ::1
[30-May-2026 19:56:50 Europe/Berlin] [API_HIT] /khatalink/customer/ajax_get_registry_location.php?lat=20.070937552518&lng=86.221018354561 | Speed: 2ms | IP: ::1
[30-May-2026 19:56:53 Europe/Berlin] [API_HIT] /khatalink/customer/dashboard.php | Speed: 7ms | IP: ::1
[30-May-2026 19:56:55 Europe/Berlin] [API_HIT] /khatalink/shop/restaurant_dashboard.php | Speed: 5ms | IP: ::1
[30-May-2026 19:56:57 Europe/Berlin] [API_HIT] /khatalink/shop/restaurant_dashboard.php | Speed: 29ms | IP: ::1
[30-May-2026 19:56:57 Europe/Berlin] [API_HIT] /khatalink/shop/restaurant_dashboard.php | Speed: 5ms | IP: ::1
[30-May-2026 19:57:00 Europe/Berlin] [API_HIT] /khatalink/shop/restaurant_dashboard.php | Speed: 4ms | IP: ::1
[30-May-2026 19:57:02 Europe/Berlin] [API_HIT] /khatalink/shop/restaurant_dashboard.php | Speed: 4ms | IP: ::1
[30-May-2026 19:57:02 Europe/Berlin] [API_HIT] /khatalink/shop/restaurant_dashboard.php | Speed: 4ms | IP: ::1
[30-May-2026 23:27:06 Asia/Kolkata] [API_HIT] /khatalink/customer/Food_home.php | Speed: 3ms | IP: ::1
[30-May-2026 23:27:11 Asia/Kolkata] [API_HIT] /khatalink/customer/Food_home.php?lat=20.070937552518103&lng=86.22101835456115&radius=6 | Speed: 4ms | IP: ::1
[30-May-2026 19:57:12 Europe/Berlin] [API_HIT] /khatalink/customer/ajax_get_registry_location.php?lat=20.070937552518103&lng=86.22101835456115 | Speed: 7ms | IP: ::1
[30-May-2026 19:57:12 Europe/Berlin] [API_HIT] /khatalink/customer/ajax_get_registry_location.php?lat=20.070937552518&lng=86.221018354561 | Speed: 3ms | IP: ::1
[30-May-2026 23:30:57 Asia/Kolkata] [API_HIT] /khatalink/customer/Food_home.php?lat=20.070937552518103&lng=86.22101835456115&radius=6 | Speed: 25ms | IP: ::1
[30-May-2026 20:00:57 Europe/Berlin] [API_HIT] /khatalink/customer/ajax_get_registry_location.php?lat=20.070937552518&lng=86.221018354561 | Speed: 3ms | IP: ::1
[30-May-2026 23:32:33 Asia/Kolkata] [API_HIT] /khatalink/customer/Food_home.php?lat=20.070937552518103&lng=86.22101835456115&radius=6 | Speed: 6ms | IP: ::1
[30-May-2026 20:02:36 Europe/Berlin] [API_HIT] /khatalink/customer/ajax_get_registry_location.php?lat=20.070937552518&lng=86.221018354561 | Speed: 3ms | IP: ::1
[30-May-2026 23:33:07 Asia/Kolkata] [API_HIT] /khatalink/customer/Food_home.php?lat=20.070937552518103&lng=86.22101835456115&radius=6 | Speed: 3ms | IP: ::1
[30-May-2026 20:03:08 Europe/Berlin] [API_HIT] /khatalink/customer/ajax_get_registry_location.php?lat=20.070937552518&lng=86.221018354561 | Speed: 3ms | IP: ::1
[30-May-2026 23:34:36 Asia/Kolkata] [API_HIT] /khatalink/customer/Food_menu.php?shop_id=9&item_id=1 | Speed: 7ms | IP: ::1
[30-May-2026 23:34:59 Asia/Kolkata] [API_HIT] /khatalink/customer/Food_home.php | Speed: 6ms | IP: ::1
[30-May-2026 23:35:00 Asia/Kolkata] [API_HIT] /khatalink/customer/Food_home.php?lat=20.070937552518103&lng=86.22101835456115&radius=6 | Speed: 3ms | IP: ::1
[30-May-2026 20:05:00 Europe/Berlin] [API_HIT] /khatalink/customer/ajax_get_registry_location.php?lat=20.070937552518103&lng=86.22101835456115 | Speed: 5ms | IP: ::1
[30-May-2026 20:05:00 Europe/Berlin] [API_HIT] /khatalink/customer/ajax_get_registry_location.php?lat=20.070937552518&lng=86.221018354561 | Speed: 3ms | IP: ::1
[30-May-2026 23:35:05 Asia/Kolkata] [API_HIT] /khatalink/customer/Food_menu.php?shop_id=9&item_id=1 | Speed: 3ms | IP: ::1
[30-May-2026 20:08:01 Europe/Berlin] [API_HIT] /khatalink/shop/restaurant_menu.php | Speed: 5ms | IP: ::1
[30-May-2026 20:08:10 Europe/Berlin] [API_HIT] /khatalink/shop/restaurant_menu.php | Speed: 39ms | IP: ::1
[30-May-2026 23:38:15 Asia/Kolkata] [API_HIT] /khatalink/customer/Food_menu.php?shop_id=9&item_id=1 | Speed: 4ms | IP: ::1
[30-May-2026 20:13:54 Europe/Berlin] PHP Fatal error:  Uncaught PDOException: SQLSTATE[42S22]: Column not found: 1054 Unknown column 'customizable_options' in 'field list' in D:\xampp\htdocs\khatalink\shop\restaurant_menu.php:62
Stack trace:
#0 D:\xampp\htdocs\khatalink\shop\restaurant_menu.php(62): PDOStatement->execute(Array)
#1 {main}
  thrown in D:\xampp\htdocs\khatalink\shop\restaurant_menu.php on line 62
[30-May-2026 20:13:54 Europe/Berlin] [API_HIT] /khatalink/shop/restaurant_menu.php | Speed: 22ms | IP: ::1
[30-May-2026 20:14:40 Europe/Berlin] [API_HIT] /khatalink/shop/restaurant_menu.php | Speed: 6ms | IP: ::1
[30-May-2026 20:15:01 Europe/Berlin] [API_HIT] /khatalink/shop/restaurant_menu.php | Speed: 3ms | IP: ::1
[30-May-2026 23:45:08 Asia/Kolkata] [API_HIT] /khatalink/customer/Food_menu.php?shop_id=9&item_id=1 | Speed: 3ms | IP: ::1
[30-May-2026 20:17:47 Europe/Berlin] [API_HIT] /khatalink/shop/restaurant_menu.php | Speed: 52ms | IP: ::1
[30-May-2026 20:17:57 Europe/Berlin] [API_HIT] /khatalink/shop/restaurant_menu.php | Speed: 4ms | IP: ::1
[30-May-2026 20:20:33 Europe/Berlin] [API_HIT] /khatalink/shop/restaurant_menu.php | Speed: 6ms | IP: ::1
[30-May-2026 20:21:54 Europe/Berlin] [API_HIT] /khatalink/shop/restaurant_menu.php | Speed: 20ms | IP: ::1
[30-May-2026 23:51:57 Asia/Kolkata] [API_HIT] /khatalink/customer/Food_menu.php?shop_id=9&item_id=1 | Speed: 6ms | IP: ::1
[30-May-2026 23:52:05 Asia/Kolkata] [API_HIT] /khatalink/customer/Food_menu.php?shop_id=9&item_id=1 | Speed: 3ms | IP: ::1
[30-May-2026 20:22:23 Europe/Berlin] [API_HIT] /khatalink/shop/restaurant_menu.php | Speed: 10ms | IP: ::1
[30-May-2026 23:52:25 Asia/Kolkata] [API_HIT] /khatalink/customer/Food_menu.php?shop_id=9&item_id=1 | Speed: 3ms | IP: ::1
[30-May-2026 20:27:16 Europe/Berlin] [API_HIT] /khatalink/shop/restaurant_menu.php | Speed: 7ms | IP: ::1
[31-May-2026 00:01:53 Asia/Kolkata] [API_HIT] /khatalink/customer/Food_cart.php | Speed: 9ms | IP: ::1
[30-May-2026 20:31:54 Europe/Berlin] [API_HIT] /khatalink/customer/ajax_get_geo_hierarchy.php?type=districts | Speed: 19ms | IP: ::1
[30-May-2026 20:31:58 Europe/Berlin] [API_HIT] /khatalink/customer/ajax_get_registry_location.php?lat=20.070918870494804&lng=86.22102135613927 | Speed: 11ms | IP: ::1
[30-May-2026 20:31:58 Europe/Berlin] [API_HIT] /khatalink/customer/ajax_get_geo_hierarchy.php?type=blocks&district=Jagatsinghpur | Speed: 4ms | IP: ::1
[30-May-2026 20:31:58 Europe/Berlin] [API_HIT] /khatalink/customer/ajax_get_geo_hierarchy.php?type=villages&district=Jagatsinghpur&block= | Speed: 3ms | IP: ::1
[30-May-2026 20:32:01 Europe/Berlin] [API_HIT] /khatalink/customer/ajax_get_geo_hierarchy.php?type=villages&district=Jagatsinghpur&block=Naugaon | Speed: 15ms | IP: ::1
[30-May-2026 20:32:11 Europe/Berlin] [API_HIT] /khatalink/customer/ajax_get_registry_location.php?lat=20.070918870494804&lng=86.22102135613927 | Speed: 3ms | IP: ::1
[30-May-2026 20:32:12 Europe/Berlin] [API_HIT] /khatalink/customer/ajax_get_geo_hierarchy.php?type=blocks&district=Jagatsinghpur | Speed: 3ms | IP: ::1
[30-May-2026 20:32:12 Europe/Berlin] [API_HIT] /khatalink/customer/ajax_get_geo_hierarchy.php?type=villages&district=Jagatsinghpur&block=Naugaon | Speed: 4ms | IP: ::1
[30-May-2026 20:32:14 Europe/Berlin] [API_HIT] /khatalink/customer/ajax_get_registry_location.php?lat=20.070918870494804&lng=86.22102135613927 | Speed: 3ms | IP: ::1
[30-May-2026 20:32:14 Europe/Berlin] [API_HIT] /khatalink/customer/ajax_get_geo_hierarchy.php?type=blocks&district=Jagatsinghpur | Speed: 3ms | IP: ::1
[30-May-2026 20:32:14 Europe/Berlin] [API_HIT] /khatalink/customer/ajax_get_geo_hierarchy.php?type=villages&district=Jagatsinghpur&block=Naugaon | Speed: 3ms | IP: ::1
[31-May-2026 00:02:41 Asia/Kolkata] [API_HIT] /khatalink/customer/Food_home.php | Speed: 12ms | IP: ::1
[31-May-2026 00:02:47 Asia/Kolkata] [API_HIT] /khatalink/customer/Food_menu.php?shop_id=9&item_id=1 | Speed: 3ms | IP: ::1
[31-May-2026 00:03:10 Asia/Kolkata] [API_HIT] /khatalink/customer/Food_cart.php | Speed: 3ms | IP: ::1
[30-May-2026 20:33:11 Europe/Berlin] [API_HIT] /khatalink/customer/ajax_get_geo_hierarchy.php?type=districts | Speed: 4ms | IP: ::1
[30-May-2026 20:33:13 Europe/Berlin] [API_HIT] /khatalink/customer/ajax_get_geo_hierarchy.php?type=blocks&district=Jagatsinghpur | Speed: 5ms | IP: ::1
[30-May-2026 20:33:14 Europe/Berlin] [API_HIT] /khatalink/customer/ajax_get_geo_hierarchy.php?type=villages&district=Jagatsinghpur&block=Naugaon | Speed: 4ms | IP: ::1
[31-May-2026 00:04:38 Asia/Kolkata] [API_HIT] /khatalink/customer/Food_home.php | Speed: 4ms | IP: ::1
[31-May-2026 00:04:39 Asia/Kolkata] [API_HIT] /khatalink/customer/Food_home.php?lat=20.070918870494804&lng=86.22102135613927&radius=6 | Speed: 11ms | IP: ::1
[30-May-2026 20:34:39 Europe/Berlin] [API_HIT] /khatalink/customer/ajax_get_registry_location.php?lat=20.070918870494804&lng=86.22102135613927 | Speed: 2ms | IP: ::1
[30-May-2026 20:34:40 Europe/Berlin] [API_HIT] /khatalink/customer/ajax_get_registry_location.php?lat=20.070918870495&lng=86.221021356139 | Speed: 4ms | IP: ::1
[31-May-2026 00:04:41 Asia/Kolkata] [API_HIT] /khatalink/customer/Food_menu.php?shop_id=9&item_id=1 | Speed: 3ms | IP: ::1
[31-May-2026 00:04:48 Asia/Kolkata] [API_HIT] /khatalink/customer/Food_cart.php | Speed: 3ms | IP: ::1
[30-May-2026 20:34:48 Europe/Berlin] [API_HIT] /khatalink/customer/ajax_get_geo_hierarchy.php?type=districts | Speed: 3ms | IP: ::1
[31-May-2026 00:09:27 Asia/Kolkata] [API_HIT] /khatalink/customer/Food_cart.php | Speed: 3ms | IP: ::1
[30-May-2026 20:39:28 Europe/Berlin] [API_HIT] /khatalink/customer/ajax_get_geo_hierarchy.php?type=districts | Speed: 3ms | IP: ::1
[30-May-2026 20:39:34 Europe/Berlin] [API_HIT] /khatalink/customer/ajax_get_registry_location.php?lat=20.070937552518103&lng=86.22101835456115 | Speed: 3ms | IP: ::1
[30-May-2026 20:39:34 Europe/Berlin] [API_HIT] /khatalink/customer/ajax_get_geo_hierarchy.php?type=blocks&district=Jagatsinghpur | Speed: 4ms | IP: ::1
[30-May-2026 20:39:35 Europe/Berlin] [API_HIT] /khatalink/customer/ajax_get_geo_hierarchy.php?type=villages&district=Jagatsinghpur&block=Naugaon | Speed: 4ms | IP: ::1
[31-May-2026 00:09:38 Asia/Kolkata] [API_HIT] /khatalink/customer/Food_checkout.php?shop_id=9&name=Gyana+Ranjan+jena&phone=08456913850&addr=Bank+of+india&landmark=sai+temple&village=Gangada&pincode=754113&block=Naugaon&dist=Jagatsinghpur&lat=0&lng=0 | Speed: 4ms | IP: ::1
[31-May-2026 00:10:07 Asia/Kolkata] [API_HIT] /khatalink/customer/Food_cart.php | Speed: 2ms | IP: ::1
[30-May-2026 20:40:10 Europe/Berlin] [API_HIT] /khatalink/customer/ajax_get_geo_hierarchy.php?type=districts | Speed: 3ms | IP: ::1
[30-May-2026 20:40:21 Europe/Berlin] [API_HIT] /khatalink/customer/ajax_get_geo_hierarchy.php?type=blocks&district=Jagatsinghpur | Speed: 3ms | IP: ::1
[30-May-2026 20:40:22 Europe/Berlin] [API_HIT] /khatalink/customer/ajax_get_geo_hierarchy.php?type=villages&district=Jagatsinghpur&block=Naugaon | Speed: 3ms | IP: ::1
[31-May-2026 00:10:32 Asia/Kolkata] [API_HIT] /khatalink/customer/Food_checkout.php?shop_id=9&name=Gyana+Ranjan+jena&phone=08456913850&addr=xgbdfgbdf&landmark=cbdfh&village=Ganei&pincode=754113&block=Naugaon&dist=Jagatsinghpur&lat=0&lng=0 | Speed: 3ms | IP: ::1
[31-May-2026 00:10:46 Asia/Kolkata] [API_HIT] /khatalink/customer/Food_cart.php | Speed: 3ms | IP: ::1
[30-May-2026 20:40:46 Europe/Berlin] [API_HIT] /khatalink/customer/ajax_get_geo_hierarchy.php?type=districts | Speed: 3ms | IP: ::1
[31-May-2026 00:11:46 Asia/Kolkata] [API_HIT] /khatalink/customer/Food_home.php | Speed: 4ms | IP: ::1
[31-May-2026 00:11:47 Asia/Kolkata] [API_HIT] /khatalink/customer/Food_home.php?lat=20.070937552518103&lng=86.22101835456115&radius=6 | Speed: 4ms | IP: ::1
[30-May-2026 20:41:47 Europe/Berlin] [API_HIT] /khatalink/customer/ajax_get_registry_location.php?lat=20.070937552518103&lng=86.22101835456115 | Speed: 2ms | IP: ::1
[30-May-2026 20:41:47 Europe/Berlin] [API_HIT] /khatalink/customer/ajax_get_registry_location.php?lat=20.070937552518&lng=86.221018354561 | Speed: 4ms | IP: ::1
[31-May-2026 00:11:49 Asia/Kolkata] [API_HIT] /khatalink/customer/Food_cart.php | Speed: 3ms | IP: ::1
[30-May-2026 20:41:49 Europe/Berlin] [API_HIT] /khatalink/customer/ajax_get_geo_hierarchy.php?type=districts | Speed: 3ms | IP: ::1
[31-May-2026 00:11:52 Asia/Kolkata] [API_HIT] /khatalink/customer/Food_home.php | Speed: 5ms | IP: ::1
[31-May-2026 00:11:53 Asia/Kolkata] [API_HIT] /khatalink/customer/Food_home.php?lat=20.070937552518103&lng=86.22101835456115&radius=6 | Speed: 3ms | IP: ::1
[30-May-2026 20:41:53 Europe/Berlin] [API_HIT] /khatalink/customer/ajax_get_registry_location.php?lat=20.070937552518103&lng=86.22101835456115 | Speed: 2ms | IP: ::1
[30-May-2026 20:41:53 Europe/Berlin] [API_HIT] /khatalink/customer/ajax_get_registry_location.php?lat=20.070937552518&lng=86.221018354561 | Speed: 3ms | IP: ::1
[31-May-2026 00:11:56 Asia/Kolkata] [API_HIT] /khatalink/customer/Food_cart.php | Speed: 4ms | IP: ::1
[30-May-2026 20:41:56 Europe/Berlin] [API_HIT] /khatalink/customer/ajax_get_geo_hierarchy.php?type=districts | Speed: 3ms | IP: ::1
[30-May-2026 20:42:35 Europe/Berlin] [API_HIT] /khatalink/customer/ajax_get_registry_location.php?lat=20.070937552518103&lng=86.22101835456115 | Speed: 6ms | IP: ::1
[30-May-2026 20:42:35 Europe/Berlin] [API_HIT] /khatalink/customer/ajax_get_geo_hierarchy.php?type=blocks&district=Jagatsinghpur | Speed: 23ms | IP: ::1
[30-May-2026 20:42:36 Europe/Berlin] [API_HIT] /khatalink/customer/ajax_get_geo_hierarchy.php?type=villages&district=Jagatsinghpur&block=Naugaon | Speed: 5ms | IP: ::1
[31-May-2026 00:12:40 Asia/Kolkata] [API_HIT] /khatalink/customer/Food_checkout.php?shop_id=9&name=Gyana+Ranjan+jena&phone=08456913850&addr=Bank+of+india&landmark=sai+temple&village=Gangada&pincode=754113&block=Naugaon&dist=Jagatsinghpur&lat=0&lng=0 | Speed: 3ms | IP: ::1
[31-May-2026 00:15:58 Asia/Kolkata] [API_HIT] /khatalink/customer/Food_checkout.php?shop_id=9&name=Gyana+Ranjan+jena&phone=08456913850&addr=Bank+of+india&landmark=sai+temple&village=Gangada&pincode=754113&block=Naugaon&dist=Jagatsinghpur&lat=0&lng=0 | Speed: 8ms | IP: ::1
[31-May-2026 00:16:04 Asia/Kolkata] [API_HIT] /khatalink/customer/Food_cart.php | Speed: 2ms | IP: ::1
[30-May-2026 20:46:05 Europe/Berlin] [API_HIT] /khatalink/customer/ajax_get_geo_hierarchy.php?type=districts | Speed: 3ms | IP: ::1
[30-May-2026 20:46:18 Europe/Berlin] [API_HIT] /khatalink/customer/ajax_get_geo_hierarchy.php?type=blocks&district=Jagatsinghpur | Speed: 2ms | IP: ::1
[30-May-2026 20:46:19 Europe/Berlin] [API_HIT] /khatalink/customer/ajax_get_geo_hierarchy.php?type=villages&district=Jagatsinghpur&block=Naugaon | Speed: 3ms | IP: ::1
[31-May-2026 00:16:40 Asia/Kolkata] [API_HIT] /khatalink/customer/Food_checkout.php?shop_id=9&name=Gyana+Ranjan+jena&phone=08456913850&addr=fghgh&landmark=ghjjhaty&village=Korua&pincode=754113&block=Naugaon&dist=Jagatsinghpur&lat=0&lng=0 | Speed: 3ms | IP: ::1
[31-May-2026 00:16:45 Asia/Kolkata] [API_HIT] /khatalink/customer/Food_cart.php | Speed: 2ms | IP: ::1
[30-May-2026 20:46:45 Europe/Berlin] [API_HIT] /khatalink/customer/ajax_get_geo_hierarchy.php?type=districts | Speed: 3ms | IP: ::1
[30-May-2026 20:46:48 Europe/Berlin] [API_HIT] /khatalink/customer/ajax_get_geo_hierarchy.php?type=blocks&district=Jagatsinghpur | Speed: 4ms | IP: ::1
[30-May-2026 20:46:49 Europe/Berlin] [API_HIT] /khatalink/customer/ajax_get_geo_hierarchy.php?type=villages&district=Jagatsinghpur&block=Naugaon | Speed: 3ms | IP: ::1
[31-May-2026 00:17:07 Asia/Kolkata] [API_HIT] /khatalink/customer/Food_cart.php | Speed: 2ms | IP: ::1
[30-May-2026 20:47:07 Europe/Berlin] [API_HIT] /khatalink/customer/ajax_get_geo_hierarchy.php?type=districts | Speed: 3ms | IP: ::1
[30-May-2026 20:51:29 Europe/Berlin] [API_HIT] /khatalink/customer/ajax_get_geo_hierarchy.php?type=blocks&district=Jagatsinghpur | Speed: 17ms | IP: ::1
[31-May-2026 00:21:34 Asia/Kolkata] [API_HIT] /khatalink/customer/Food_cart.php | Speed: 2ms | IP: ::1
[30-May-2026 20:51:34 Europe/Berlin] [API_HIT] /khatalink/customer/ajax_get_geo_hierarchy.php?type=districts | Speed: 3ms | IP: ::1
[30-May-2026 20:51:36 Europe/Berlin] [API_HIT] /khatalink/customer/ajax_get_geo_hierarchy.php?type=blocks&district=Jagatsinghpur | Speed: 3ms | IP: ::1
[30-May-2026 20:51:38 Europe/Berlin] [API_HIT] /khatalink/customer/ajax_get_geo_hierarchy.php?type=villages&district=Jagatsinghpur&block=Naugaon | Speed: 3ms | IP: ::1
[31-May-2026 00:21:46 Asia/Kolkata] [API_HIT] /khatalink/customer/Food_checkout.php?shop_id=9&name=Gyana+Ranjan+jena&phone=08456913850&addr=nghghj&landmark=jhfgjs&village=Angeswarpada&pincode=754113&block=Naugaon&dist=Jagatsinghpur&lat=20.064765307055580&lng=86.192200148468490 | Speed: 3ms | IP: ::1
[31-May-2026 00:21:56 Asia/Kolkata] [API_HIT] /khatalink/customer/Food_cart.php | Speed: 2ms | IP: ::1
[30-May-2026 20:51:56 Europe/Berlin] [API_HIT] /khatalink/customer/ajax_get_geo_hierarchy.php?type=districts | Speed: 3ms | IP: ::1
[30-May-2026 20:52:01 Europe/Berlin] [API_HIT] /khatalink/customer/ajax_get_geo_hierarchy.php?type=blocks&district=Jagatsinghpur | Speed: 5ms | IP: ::1
[30-May-2026 20:52:02 Europe/Berlin] [API_HIT] /khatalink/customer/ajax_get_geo_hierarchy.php?type=villages&district=Jagatsinghpur&block=Naugaon | Speed: 3ms | IP: ::1
[31-May-2026 00:22:27 Asia/Kolkata] [API_HIT] /khatalink/customer/Food_checkout.php?shop_id=9&name=Gyana+Ranjan+jena&phone=08456913850&addr=errt&landmark=yfhrth&village=Ura&pincode=754119&block=Naugaon&dist=Jagatsinghpur&lat=20.083506909872582&lng=86.223408596192100 | Speed: 3ms | IP: ::1
[31-May-2026 00:25:02 Asia/Kolkata] [API_HIT] /khatalink/customer/Food_cart.php | Speed: 3ms | IP: ::1
[30-May-2026 20:55:03 Europe/Berlin] [API_HIT] /khatalink/customer/ajax_get_geo_hierarchy.php?type=districts | Speed: 4ms | IP: ::1
[30-May-2026 20:55:05 Europe/Berlin] [API_HIT] /khatalink/customer/ajax_get_registry_location.php?lat=20.070937552518103&lng=86.22101835456115 | Speed: 6ms | IP: ::1
[30-May-2026 20:55:05 Europe/Berlin] [API_HIT] /khatalink/customer/ajax_get_geo_hierarchy.php?type=blocks&district=Jagatsinghpur | Speed: 2ms | IP: ::1
[30-May-2026 20:55:05 Europe/Berlin] [API_HIT] /khatalink/customer/ajax_get_geo_hierarchy.php?type=villages&district=Jagatsinghpur&block=Naugaon | Speed: 5ms | IP: ::1
[31-May-2026 00:25:10 Asia/Kolkata] [API_HIT] /khatalink/customer/Food_checkout.php?shop_id=9&name=Gyana+Ranjan+jena&phone=08456913850&addr=Bank+of+india&landmark=sai+temple&village=Gangada&pincode=754113&block=Naugaon&dist=Jagatsinghpur&lat=0&lng=0 | Speed: 3ms | IP: ::1
[30-May-2026 20:56:14 Europe/Berlin] CREATE_ORDER_DEBUG: Order created ID=34
[30-May-2026 20:56:14 Europe/Berlin] CREATE_ORDER_DEBUG: Item added: Biriyani (extra cheese, curd), Qty=1, Unit=PCS, Price=160
[30-May-2026 20:56:15 Europe/Berlin] FCM HTTP 200 Response for shop (ID: 9): {
  "name": "projects/khatalink-63041/messages/f715eb77-6bc9-4c7b-b01c-653e424c95aa"
}

[30-May-2026 20:56:15 Europe/Berlin] [API_HIT] /khatalink/customer/create_order.php?shop_id=9&ajax=1 | Speed: 1582ms | IP: ::1
[31-May-2026 00:26:18 Asia/Kolkata] [API_HIT] /khatalink/customer/Groceries_order_tracking.php?order_id=34 | Speed: 6ms | IP: ::1
[30-May-2026 20:56:34 Europe/Berlin] [API_HIT] /khatalink/shop/restaurant_menu.php | Speed: 5ms | IP: ::1
[30-May-2026 20:56:34 Europe/Berlin] [API_HIT] /khatalink/customer/ajax_get_order_status.php?order_id=34&customer_id=10 | Speed: 7ms | IP: ::1
[31-May-2026 00:26:35 Asia/Kolkata] [API_HIT] /khatalink/customer/Groceries_order_tracking.php?order_id=34 | Speed: 4ms | IP: ::1
[30-May-2026 20:56:38 Europe/Berlin] [API_HIT] /khatalink/shop/restaurant_dashboard.php | Speed: 11ms | IP: ::1
[30-May-2026 20:56:43 Europe/Berlin] FCM HTTP 200 Response for customer (ID: 10): {
  "name": "projects/khatalink-63041/messages/08825b28-9a2b-4a7d-886a-38e2e015d56c"
}

[30-May-2026 20:56:43 Europe/Berlin] FCM HTTP 200 Response for customer (ID: 10): {
  "name": "projects/khatalink-63041/messages/0:1780167404244254%3a1eff913a1eff91"
}

[30-May-2026 20:56:43 Europe/Berlin] [API_HIT] /khatalink/shop/restaurant_dashboard.php | Speed: 986ms | IP: ::1
[30-May-2026 20:56:43 Europe/Berlin] [API_HIT] /khatalink/shop/restaurant_dashboard.php?msg=Status+Updated | Speed: 5ms | IP: ::1
[31-May-2026 00:26:48 Asia/Kolkata] [API_HIT] /khatalink/customer/Groceries_order_tracking.php?order_id=34 | Speed: 3ms | IP: ::1
[30-May-2026 20:56:52 Europe/Berlin] FCM HTTP 200 Response for customer (ID: 10): {
  "name": "projects/khatalink-63041/messages/1b296804-5bb3-40a6-be9d-87853062066c"
}

[30-May-2026 20:56:52 Europe/Berlin] FCM HTTP 200 Response for customer (ID: 10): {
  "name": "projects/khatalink-63041/messages/0:1780167413504186%3a1eff913a1eff91"
}

[30-May-2026 20:56:52 Europe/Berlin] [API_HIT] /khatalink/shop/restaurant_dashboard.php?msg=Status+Updated | Speed: 900ms | IP: ::1
[30-May-2026 20:56:52 Europe/Berlin] [API_HIT] /khatalink/shop/restaurant_dashboard.php?msg=Status+Updated | Speed: 6ms | IP: ::1
[31-May-2026 00:26:55 Asia/Kolkata] [API_HIT] /khatalink/customer/Groceries_order_tracking.php?order_id=34 | Speed: 3ms | IP: ::1
[30-May-2026 20:56:59 Europe/Berlin] FCM HTTP 200 Response for customer (ID: 10): {
  "name": "projects/khatalink-63041/messages/05efce70-c24c-4414-b001-e5bc7a5daacd"
}

[30-May-2026 20:56:59 Europe/Berlin] FCM HTTP 200 Response for customer (ID: 10): {
  "name": "projects/khatalink-63041/messages/0:1780167420378453%3a1eff913a1eff91"
}

[30-May-2026 20:56:59 Europe/Berlin] [API_HIT] /khatalink/shop/restaurant_dashboard.php?msg=Status+Updated | Speed: 896ms | IP: ::1
[30-May-2026 20:56:59 Europe/Berlin] [API_HIT] /khatalink/shop/restaurant_dashboard.php?msg=Status+Updated | Speed: 5ms | IP: ::1
[31-May-2026 00:27:03 Asia/Kolkata] [API_HIT] /khatalink/customer/Groceries_order_tracking.php?order_id=34 | Speed: 3ms | IP: ::1
[30-May-2026 20:57:18 Europe/Berlin] [API_HIT] /khatalink/customer/ajax_get_order_status.php?order_id=34&customer_id=10 | Speed: 3ms | IP: ::1
[31-May-2026 00:27:19 Asia/Kolkata] [API_HIT] /khatalink/customer/Groceries_order_tracking.php?order_id=34 | Speed: 2ms | IP: ::1
[30-May-2026 20:57:26 Europe/Berlin] [API_HIT] /khatalink/customer/ajax_cancel_order.php | Speed: 6ms | IP: ::1
[30-May-2026 20:57:34 Europe/Berlin] [API_HIT] /khatalink/customer/ajax_get_order_status.php?order_id=34&customer_id=10 | Speed: 3ms | IP: ::1
[31-May-2026 00:27:35 Asia/Kolkata] [API_HIT] /khatalink/customer/Groceries_order_tracking.php?order_id=34 | Speed: 4ms | IP: ::1
[30-May-2026 20:57:51 Europe/Berlin] [API_HIT] /khatalink/customer/ajax_get_order_status.php?order_id=34&customer_id=10 | Speed: 3ms | IP: ::1
[31-May-2026 00:27:53 Asia/Kolkata] [API_HIT] /khatalink/customer/Groceries_order_tracking.php?order_id=34 | Speed: 5ms | IP: ::1
[30-May-2026 20:58:10 Europe/Berlin] [API_HIT] /khatalink/customer/ajax_get_order_status.php?order_id=34&customer_id=10 | Speed: 4ms | IP: ::1
[31-May-2026 00:28:10 Asia/Kolkata] [API_HIT] /khatalink/customer/Groceries_order_tracking.php?order_id=34 | Speed: 4ms | IP: ::1
[30-May-2026 20:58:25 Europe/Berlin] [API_HIT] /khatalink/customer/ajax_get_order_status.php?order_id=34&customer_id=10 | Speed: 3ms | IP: ::1
[31-May-2026 00:28:26 Asia/Kolkata] [API_HIT] /khatalink/customer/Groceries_order_tracking.php?order_id=34 | Speed: 4ms | IP: ::1
[30-May-2026 20:58:41 Europe/Berlin] [API_HIT] /khatalink/customer/ajax_get_order_status.php?order_id=34&customer_id=10 | Speed: 3ms | IP: ::1
[31-May-2026 00:28:41 Asia/Kolkata] [API_HIT] /khatalink/customer/Groceries_order_tracking.php?order_id=34 | Speed: 3ms | IP: ::1
[30-May-2026 20:58:57 Europe/Berlin] [API_HIT] /khatalink/customer/ajax_get_order_status.php?order_id=34&customer_id=10 | Speed: 3ms | IP: ::1
[31-May-2026 00:28:57 Asia/Kolkata] [API_HIT] /khatalink/customer/Groceries_order_tracking.php?order_id=34 | Speed: 3ms | IP: ::1
[30-May-2026 20:59:12 Europe/Berlin] [API_HIT] /khatalink/customer/ajax_get_order_status.php?order_id=34&customer_id=10 | Speed: 2ms | IP: ::1
[31-May-2026 00:29:12 Asia/Kolkata] [API_HIT] /khatalink/customer/Groceries_order_tracking.php?order_id=34 | Speed: 3ms | IP: ::1
[30-May-2026 20:59:29 Europe/Berlin] [API_HIT] /khatalink/customer/ajax_get_order_status.php?order_id=34&customer_id=10 | Speed: 27ms | IP: ::1
[31-May-2026 00:29:29 Asia/Kolkata] [API_HIT] /khatalink/customer/Groceries_order_tracking.php?order_id=34 | Speed: 10ms | IP: ::1
[30-May-2026 20:59:44 Europe/Berlin] [API_HIT] /khatalink/customer/ajax_get_order_status.php?order_id=34&customer_id=10 | Speed: 3ms | IP: ::1
[31-May-2026 00:29:45 Asia/Kolkata] [API_HIT] /khatalink/customer/Groceries_order_tracking.php?order_id=34 | Speed: 9ms | IP: ::1
[30-May-2026 20:59:59 Europe/Berlin] [API_HIT] /khatalink/shop/restaurant_dashboard.php?msg=Status+Updated | Speed: 4ms | IP: ::1
[30-May-2026 21:00:00 Europe/Berlin] [API_HIT] /khatalink/customer/ajax_get_order_status.php?order_id=34&customer_id=10 | Speed: 3ms | IP: ::1
[31-May-2026 00:30:01 Asia/Kolkata] [API_HIT] /khatalink/customer/Groceries_order_tracking.php?order_id=34 | Speed: 3ms | IP: ::1
[30-May-2026 21:00:26 Europe/Berlin] [API_HIT] /khatalink/customer/ajax_get_order_status.php?order_id=34&customer_id=10 | Speed: 4ms | IP: ::1
[31-May-2026 00:30:27 Asia/Kolkata] [API_HIT] /khatalink/customer/Groceries_order_tracking.php?order_id=34 | Speed: 3ms | IP: ::1
[30-May-2026 21:00:43 Europe/Berlin] [API_HIT] /khatalink/customer/ajax_get_order_status.php?order_id=34&customer_id=10 | Speed: 4ms | IP: ::1
[31-May-2026 00:30:44 Asia/Kolkata] [API_HIT] /khatalink/customer/Groceries_order_tracking.php?order_id=34 | Speed: 3ms | IP: ::1
[31-May-2026 00:30:56 Asia/Kolkata] [API_HIT] /khatalink/customer/Groceries_order_tracking.php?order_id=34 | Speed: 3ms | IP: ::1
[31-May-2026 00:31:02 Asia/Kolkata] [API_HIT] /khatalink/customer/Groceries_orders.php | Speed: 12ms | IP: ::1
[31-May-2026 00:31:05 Asia/Kolkata] [API_HIT] /khatalink/customer/Groceries_home.php | Speed: 42ms | IP: ::1
[30-May-2026 21:01:06 Europe/Berlin] [API_HIT] /khatalink/customer/ajax_sync_cart.php | Speed: 4ms | IP: ::1
[30-May-2026 21:01:07 Europe/Berlin] [API_HIT] /khatalink/customer/dashboard.php | Speed: 36ms | IP: ::1
[30-May-2026 21:01:10 Europe/Berlin] [API_HIT] /khatalink/customer/ajax_get_registry_location.php?lat=20.070937552518103&lng=86.22101835456115 | Speed: 4ms | IP: ::1
[31-May-2026 00:31:10 Asia/Kolkata] [API_HIT] /khatalink/customer/Groceries_home.php?lat=20.0709&lng=86.2210&radius=6 | Speed: 22ms | IP: ::1
[30-May-2026 21:01:11 Europe/Berlin] [API_HIT] /khatalink/customer/dashboard.php | Speed: 6ms | IP: ::1
[31-May-2026 00:31:13 Asia/Kolkata] [API_HIT] /khatalink/customer/Groceries_home.php | Speed: 22ms | IP: ::1
[30-May-2026 21:01:14 Europe/Berlin] [API_HIT] /khatalink/customer/ajax_sync_cart.php | Speed: 3ms | IP: ::1
[31-May-2026 00:31:14 Asia/Kolkata] [API_HIT] /khatalink/customer/Groceries_home.php?lat=20.0709&lng=86.2210&radius=6 | Speed: 21ms | IP: ::1
[30-May-2026 21:01:14 Europe/Berlin] [API_HIT] /khatalink/customer/ajax_get_registry_location.php?lat=20.070937552518103&lng=86.22101835456115 | Speed: 9ms | IP: ::1
[30-May-2026 21:01:16 Europe/Berlin] [API_HIT] /khatalink/customer/dashboard.php | Speed: 6ms | IP: ::1
[31-May-2026 00:31:18 Asia/Kolkata] [API_HIT] /khatalink/customer/Food_home.php | Speed: 3ms | IP: ::1
[31-May-2026 00:31:18 Asia/Kolkata] [API_HIT] /khatalink/customer/Food_home.php?lat=20.070937552518103&lng=86.22101835456115&radius=6 | Speed: 4ms | IP: ::1
[30-May-2026 21:01:18 Europe/Berlin] [API_HIT] /khatalink/customer/ajax_get_registry_location.php?lat=20.070937552518103&lng=86.22101835456115 | Speed: 2ms | IP: ::1
[30-May-2026 21:01:19 Europe/Berlin] [API_HIT] /khatalink/customer/ajax_get_registry_location.php?lat=20.070937552518&lng=86.221018354561 | Speed: 3ms | IP: ::1
[31-May-2026 00:31:21 Asia/Kolkata] [API_HIT] /khatalink/customer/Groceries_orders.php | Speed: 3ms | IP: ::1
[31-May-2026 00:31:25 Asia/Kolkata] [API_HIT] /khatalink/customer/Groceries_home.php | Speed: 25ms | IP: ::1
[30-May-2026 21:01:25 Europe/Berlin] [API_HIT] /khatalink/customer/ajax_sync_cart.php | Speed: 3ms | IP: ::1
[31-May-2026 00:31:25 Asia/Kolkata] [API_HIT] /khatalink/customer/Groceries_home.php?lat=20.0709&lng=86.2210&radius=6 | Speed: 20ms | IP: ::1
[30-May-2026 21:01:25 Europe/Berlin] [API_HIT] /khatalink/customer/ajax_get_registry_location.php?lat=20.070937552518103&lng=86.22101835456115 | Speed: 2ms | IP: ::1
[30-May-2026 21:01:28 Europe/Berlin] [API_HIT] /khatalink/customer/ajax_sync_cart.php | Speed: 3ms | IP: ::1
[30-May-2026 21:01:28 Europe/Berlin] [API_HIT] /khatalink/customer/ajax_get_registry_location.php?lat=20.0709&lng=86.221 | Speed: 3ms | IP: ::1
[30-May-2026 21:01:29 Europe/Berlin] [API_HIT] /khatalink/customer/dashboard.php | Speed: 23ms | IP: ::1
[31-May-2026 00:31:34 Asia/Kolkata] [API_HIT] /khatalink/customer/Food_home.php | Speed: 3ms | IP: ::1
[31-May-2026 00:31:34 Asia/Kolkata] [API_HIT] /khatalink/customer/Food_home.php?lat=20.070937552518103&lng=86.22101835456115&radius=6 | Speed: 3ms | IP: ::1
[30-May-2026 21:01:34 Europe/Berlin] [API_HIT] /khatalink/customer/ajax_get_registry_location.php?lat=20.070937552518103&lng=86.22101835456115 | Speed: 3ms | IP: ::1
[30-May-2026 21:01:34 Europe/Berlin] [API_HIT] /khatalink/customer/ajax_get_registry_location.php?lat=20.070937552518&lng=86.221018354561 | Speed: 3ms | IP: ::1
[31-May-2026 00:32:21 Asia/Kolkata] [API_HIT] /khatalink/customer/Food_orders.php | Speed: 3ms | IP: ::1
[30-May-2026 21:02:25 Europe/Berlin] [API_HIT] /khatalink/customer/Food_order_tracking.php?order_id=34 | Speed: 3ms | IP: ::1
[30-May-2026 21:02:39 Europe/Berlin] [API_HIT] /khatalink/customer/Food_order_tracking.php?order_id=34 | Speed: 4ms | IP: ::1
[30-May-2026 21:02:54 Europe/Berlin] [API_HIT] /khatalink/customer/ajax_get_order_status.php?order_id=34&customer_id=10 | Speed: 3ms | IP: ::1
[30-May-2026 21:02:54 Europe/Berlin] [API_HIT] /khatalink/customer/Food_order_tracking.php?order_id=34 | Speed: 3ms | IP: ::1
[30-May-2026 21:03:10 Europe/Berlin] [API_HIT] /khatalink/customer/ajax_get_order_status.php?order_id=34&customer_id=10 | Speed: 3ms | IP: ::1
[30-May-2026 21:03:10 Europe/Berlin] [API_HIT] /khatalink/customer/Food_order_tracking.php?order_id=34 | Speed: 3ms | IP: ::1
[31-May-2026 00:33:23 Asia/Kolkata] [API_HIT] /khatalink/customer/Food_orders.php | Speed: 3ms | IP: ::1
[31-May-2026 00:33:25 Asia/Kolkata] [API_HIT] /khatalink/customer/Food_home.php | Speed: 3ms | IP: ::1
[31-May-2026 00:33:30 Asia/Kolkata] [API_HIT] /khatalink/customer/Food_home.php?lat=20.070937552518103&lng=86.22101835456115&radius=6 | Speed: 4ms | IP: ::1
[30-May-2026 21:03:30 Europe/Berlin] [API_HIT] /khatalink/customer/ajax_get_registry_location.php?lat=20.070937552518103&lng=86.22101835456115 | Speed: 3ms | IP: ::1
[30-May-2026 21:03:30 Europe/Berlin] [API_HIT] /khatalink/customer/ajax_get_registry_location.php?lat=20.070937552518&lng=86.221018354561 | Speed: 28ms | IP: ::1
[31-May-2026 00:33:32 Asia/Kolkata] [API_HIT] /khatalink/customer/Food_orders.php | Speed: 3ms | IP: ::1
[30-May-2026 21:03:40 Europe/Berlin] [API_HIT] /khatalink/customer/Food_order_tracking.php?order_id=34 | Speed: 4ms | IP: ::1
[31-May-2026 00:33:55 Asia/Kolkata] [API_HIT] /khatalink/customer/Food_orders.php | Speed: 24ms | IP: ::1
[31-May-2026 00:33:56 Asia/Kolkata] [API_HIT] /khatalink/customer/Food_home.php | Speed: 3ms | IP: ::1
[31-May-2026 00:33:58 Asia/Kolkata] [API_HIT] /khatalink/customer/Food_home.php?lat=20.070937552518103&lng=86.22101835456115&radius=6 | Speed: 4ms | IP: ::1
[30-May-2026 21:03:58 Europe/Berlin] [API_HIT] /khatalink/customer/ajax_get_registry_location.php?lat=20.070937552518103&lng=86.22101835456115 | Speed: 3ms | IP: ::1
[30-May-2026 21:03:59 Europe/Berlin] [API_HIT] /khatalink/customer/ajax_get_registry_location.php?lat=20.070937552518&lng=86.221018354561 | Speed: 3ms | IP: ::1
[30-May-2026 21:08:27 Europe/Berlin] [API_HIT] /khatalink/shop/restaurant_menu.php | Speed: 21ms | IP: ::1
[31-May-2026 00:38:44 Asia/Kolkata] [API_HIT] /khatalink/customer/Food_orders.php | Speed: 5ms | IP: ::1
[30-May-2026 21:08:46 Europe/Berlin] [API_HIT] /khatalink/customer/Food_order_tracking.php?order_id=34 | Speed: 4ms | IP: ::1
[30-May-2026 21:08:53 Europe/Berlin] [API_HIT] /khatalink/shop/restaurant_dashboard.php | Speed: 18ms | IP: ::1
[30-May-2026 21:09:02 Europe/Berlin] [API_HIT] /khatalink/customer/ajax_get_order_status.php?order_id=34&customer_id=10 | Speed: 4ms | IP: ::1
[30-May-2026 21:09:02 Europe/Berlin] [API_HIT] /khatalink/customer/Food_order_tracking.php?order_id=34 | Speed: 3ms | IP: ::1
[30-May-2026 21:09:18 Europe/Berlin] [API_HIT] /khatalink/auth/login.php?type=shop | Speed: 5ms | IP: ::1
[30-May-2026 21:09:19 Europe/Berlin] [API_HIT] /khatalink/customer/ajax_get_order_status.php?order_id=34&customer_id=10 | Speed: 3ms | IP: ::1
[30-May-2026 21:09:19 Europe/Berlin] [API_HIT] /khatalink/customer/Food_order_tracking.php?order_id=34 | Speed: 4ms | IP: ::1
[30-May-2026 21:09:25 Europe/Berlin] [API_HIT] /khatalink/auth/login.php?type=shop | Speed: 17ms | IP: ::1
[30-May-2026 21:09:36 Europe/Berlin] [API_HIT] /khatalink/customer/ajax_get_order_status.php?order_id=34&customer_id=10 | Speed: 4ms | IP: ::1
[30-May-2026 21:09:37 Europe/Berlin] [API_HIT] /khatalink/customer/Food_order_tracking.php?order_id=34 | Speed: 3ms | IP: ::1
[30-May-2026 21:09:41 Europe/Berlin] [API_HIT] /khatalink/admin/login.php | Speed: 3ms | IP: ::1
[30-May-2026 21:09:44 Europe/Berlin] [API_HIT] /khatalink/admin/login.php | Speed: 93ms | IP: ::1
[30-May-2026 21:09:53 Europe/Berlin] [API_HIT] /khatalink/customer/ajax_get_order_status.php?order_id=34&customer_id=10 | Speed: 3ms | IP: ::1
[30-May-2026 21:09:53 Europe/Berlin] [API_HIT] /khatalink/customer/Food_order_tracking.php?order_id=34 | Speed: 5ms | IP: ::1
[30-May-2026 21:09:55 Europe/Berlin] LOGIN_SUCCESS: User ID: 5, Type: admin, IP: ::1
[30-May-2026 21:09:55 Europe/Berlin] [API_HIT] /khatalink/admin/login.php | Speed: 109ms | IP: ::1
[30-May-2026 21:09:55 Europe/Berlin] [API_HIT] /khatalink/admin/dashboard.php | Speed: 35ms | IP: ::1
[30-May-2026 21:10:01 Europe/Berlin] [API_HIT] /khatalink/admin/delivery_partners.php | Speed: 32ms | IP: ::1
[30-May-2026 21:10:10 Europe/Berlin] [API_HIT] /khatalink/admin/dashboard.php | Speed: 8ms | IP: ::1
[30-May-2026 21:10:11 Europe/Berlin] [API_HIT] /khatalink/customer/ajax_get_order_status.php?order_id=34&customer_id=10 | Speed: 2ms | IP: ::1
[30-May-2026 21:10:12 Europe/Berlin] [API_HIT] /khatalink/customer/Food_order_tracking.php?order_id=34 | Speed: 3ms | IP: ::1
[30-May-2026 21:10:19 Europe/Berlin] [API_HIT] /khatalink/admin/dashboard.php | Speed: 7ms | IP: ::1
[30-May-2026 21:10:30 Europe/Berlin] [API_HIT] /khatalink/shop/restaurant_dashboard.php | Speed: 5ms | IP: ::1
[30-May-2026 21:10:30 Europe/Berlin] [API_HIT] /khatalink/auth/login.php?type=restaurant | Speed: 4ms | IP: ::1
[30-May-2026 21:10:34 Europe/Berlin] [API_HIT] /khatalink/auth/register.php?type=restaurant | Speed: 4ms | IP: ::1
[30-May-2026 21:10:37 Europe/Berlin] [API_HIT] /khatalink/customer/ajax_get_order_status.php?order_id=34&customer_id=10 | Speed: 3ms | IP: ::1
[30-May-2026 21:10:38 Europe/Berlin] [API_HIT] /khatalink/customer/Food_order_tracking.php?order_id=34 | Speed: 3ms | IP: ::1
[30-May-2026 21:10:41 Europe/Berlin] [API_HIT] /khatalink/auth/register.php?type=restaurant | Speed: 3ms | IP: ::1
[30-May-2026 21:10:50 Europe/Berlin] [API_HIT] /khatalink/admin/login.php | Speed: 3ms | IP: ::1
[30-May-2026 21:10:54 Europe/Berlin] [API_HIT] /khatalink/auth/login.php?type=shop | Speed: 6ms | IP: ::1
[30-May-2026 21:10:55 Europe/Berlin] [API_HIT] /khatalink/auth/register.php?type=shop | Speed: 4ms | IP: ::1
[30-May-2026 21:10:56 Europe/Berlin] [API_HIT] /khatalink/customer/ajax_get_order_status.php?order_id=34&customer_id=10 | Speed: 2ms | IP: ::1
[30-May-2026 21:10:56 Europe/Berlin] [API_HIT] /khatalink/customer/Food_order_tracking.php?order_id=34 | Speed: 3ms | IP: ::1
[30-May-2026 21:11:12 Europe/Berlin] [API_HIT] /khatalink/customer/ajax_get_order_status.php?order_id=34&customer_id=10 | Speed: 3ms | IP: ::1
[30-May-2026 21:11:13 Europe/Berlin] [API_HIT] /khatalink/customer/Food_order_tracking.php?order_id=34 | Speed: 2ms | IP: ::1
[30-May-2026 21:11:13 Europe/Berlin] [API_HIT] /khatalink/auth/login.php?type=customer | Speed: 6ms | IP: ::1
[30-May-2026 21:11:14 Europe/Berlin] [API_HIT] /khatalink/auth/login.php?type=shop | Speed: 3ms | IP: ::1
[30-May-2026 21:11:16 Europe/Berlin] [API_HIT] /khatalink/auth/register.php?type=shop | Speed: 3ms | IP: ::1
[30-May-2026 21:11:22 Europe/Berlin] [API_HIT] /khatalink/auth/register.php?type=shop | Speed: 5ms | IP: ::1
[30-May-2026 21:12:19 Europe/Berlin] [API_HIT] /khatalink/auth/register.php?type=shop | Speed: 7ms | IP: ::1
[30-May-2026 21:12:35 Europe/Berlin] [API_HIT] /khatalink/auth/login.php?type=shop | Speed: 3ms | IP: ::1
[30-May-2026 21:12:38 Europe/Berlin] [API_HIT] /khatalink/auth/login.php?type=shop | Speed: 3ms | IP: ::1
[30-May-2026 21:12:47 Europe/Berlin] LOGIN_SUCCESS: User ID: 10, Type: customer (Web), IP: ::1
[30-May-2026 21:12:48 Europe/Berlin] FCM HTTP 200 Response for customer (ID: 10): {
  "name": "projects/khatalink-63041/messages/38ef08e4-a457-436c-9e0d-34a1ba3c4913"
}

[30-May-2026 21:12:48 Europe/Berlin] FCM HTTP 200 Response for customer (ID: 10): {
  "name": "projects/khatalink-63041/messages/0:1780168369250579%3a1eff913a1eff91"
}

[30-May-2026 21:12:48 Europe/Berlin] [API_HIT] /khatalink/auth/login.php?type=shop | Speed: 1666ms | IP: ::1
[30-May-2026 21:12:48 Europe/Berlin] [API_HIT] /khatalink/customer/dashboard.php | Speed: 86ms | IP: ::1
[30-May-2026 21:13:03 Europe/Berlin] LOGIN_SUCCESS: User ID: 9, Type: shop (Web), IP: ::1
[30-May-2026 21:13:04 Europe/Berlin] FCM HTTP 200 Response for shop (ID: 9): {
  "name": "projects/khatalink-63041/messages/459a4764-9ff3-44f0-98de-1a7408cdd2d0"
}

[30-May-2026 21:13:04 Europe/Berlin] [API_HIT] /khatalink/auth/login.php?type=customer | Speed: 798ms | IP: ::1
[30-May-2026 21:13:04 Europe/Berlin] [API_HIT] /khatalink/shop/restaurant_dashboard.php | Speed: 4ms | IP: ::1
[30-May-2026 21:13:15 Europe/Berlin] [API_HIT] /khatalink/auth/login.php?type=shop | Speed: 4ms | IP: ::1
[30-May-2026 21:13:19 Europe/Berlin] [API_HIT] /khatalink/auth/register.php?type=shop | Speed: 2ms | IP: ::1
[30-May-2026 21:13:46 Europe/Berlin] [API_HIT] /khatalink/auth/register.php?type=restaurant | Speed: 3ms | IP: ::1
[30-May-2026 21:14:33 Europe/Berlin] [API_HIT] /khatalink/auth/register.php?type=restaurant | Speed: 93ms | IP: ::1
[30-May-2026 21:14:43 Europe/Berlin] [API_HIT] /khatalink/auth/login.php?type=delivery | Speed: 4ms | IP: ::1
[30-May-2026 21:14:46 Europe/Berlin] LOGIN_SUCCESS: User ID: 7, Type: delivery (Web), IP: ::1
[30-May-2026 21:14:47 Europe/Berlin] FCM HTTP 200 Response for delivery (ID: 7): {
  "name": "projects/khatalink-63041/messages/7d8490b0-f65d-4461-b8aa-88f1c27ed795"
}

[30-May-2026 21:14:47 Europe/Berlin] [API_HIT] /khatalink/auth/login.php?type=delivery | Speed: 886ms | IP: ::1
[30-May-2026 21:14:47 Europe/Berlin] [API_HIT] /khatalink/delivery/dashboard.php | Speed: 27ms | IP: ::1
[30-May-2026 21:14:56 Europe/Berlin] [API_HIT] /khatalink/delivery/dashboard.php | Speed: 5ms | IP: ::1
[30-May-2026 21:14:56 Europe/Berlin] [API_HIT] /khatalink/delivery/dashboard.php | Speed: 19ms | IP: ::1
[30-May-2026 21:14:56 Europe/Berlin] [API_HIT] /khatalink/delivery/ajax_update_location.php | Speed: 19ms | IP: ::1
[30-May-2026 21:15:05 Europe/Berlin] [API_HIT] /khatalink/shop/restaurant_dashboard.php | Speed: 7ms | IP: ::1
[30-May-2026 21:15:31 Europe/Berlin] [API_HIT] /khatalink/delivery/ajax_update_location.php | Speed: 5ms | IP: ::1
[30-May-2026 21:16:01 Europe/Berlin] [API_HIT] /khatalink/delivery/ajax_update_location.php | Speed: 8ms | IP: ::1
[30-May-2026 21:16:06 Europe/Berlin] [API_HIT] /khatalink/shop/restaurant_dashboard.php | Speed: 5ms | IP: ::1
[30-May-2026 21:16:31 Europe/Berlin] [API_HIT] /khatalink/delivery/ajax_update_location.php | Speed: 5ms | IP: ::1
[30-May-2026 21:17:01 Europe/Berlin] [API_HIT] /khatalink/delivery/ajax_update_location.php | Speed: 5ms | IP: ::1
[30-May-2026 21:17:07 Europe/Berlin] [API_HIT] /khatalink/shop/restaurant_dashboard.php | Speed: 6ms | IP: ::1
[30-May-2026 21:17:31 Europe/Berlin] [API_HIT] /khatalink/delivery/ajax_update_location.php | Speed: 17ms | IP: ::1
[30-May-2026 21:18:01 Europe/Berlin] [API_HIT] /khatalink/delivery/ajax_update_location.php | Speed: 5ms | IP: ::1
[30-May-2026 21:18:08 Europe/Berlin] [API_HIT] /khatalink/shop/restaurant_dashboard.php | Speed: 9ms | IP: ::1
[30-May-2026 21:18:13 Europe/Berlin] [API_HIT] /khatalink/shop/restaurant_dashboard.php | Speed: 6ms | IP: ::1
[30-May-2026 21:18:32 Europe/Berlin] [API_HIT] /khatalink/delivery/ajax_update_location.php | Speed: 6ms | IP: ::1
[30-May-2026 21:18:32 Europe/Berlin] [API_HIT] /khatalink/delivery/dashboard.php | Speed: 35ms | IP: ::1
[30-May-2026 21:18:33 Europe/Berlin] [API_HIT] /khatalink/delivery/ajax_update_location.php | Speed: 7ms | IP: ::1
[30-May-2026 21:19:08 Europe/Berlin] [API_HIT] /khatalink/delivery/ajax_update_location.php | Speed: 5ms | IP: ::1
[30-May-2026 21:19:14 Europe/Berlin] [API_HIT] /khatalink/shop/restaurant_dashboard.php | Speed: 7ms | IP: ::1
[30-May-2026 21:19:38 Europe/Berlin] [API_HIT] /khatalink/shop/restaurant_dashboard.php | Speed: 7ms | IP: ::1
[30-May-2026 21:19:39 Europe/Berlin] [API_HIT] /khatalink/delivery/ajax_update_location.php | Speed: 5ms | IP: ::1
[30-May-2026 21:19:50 Europe/Berlin] [API_HIT] /khatalink/delivery/dashboard.php | Speed: 67ms | IP: ::1
[30-May-2026 21:19:50 Europe/Berlin] [API_HIT] /khatalink/delivery/ajax_update_location.php | Speed: 12ms | IP: ::1
[30-May-2026 21:20:25 Europe/Berlin] [API_HIT] /khatalink/delivery/ajax_update_location.php | Speed: 6ms | IP: ::1
[30-May-2026 21:20:35 Europe/Berlin] [API_HIT] /khatalink/delivery/dashboard.php | Speed: 21ms | IP: ::1
[30-May-2026 21:20:40 Europe/Berlin] [API_HIT] /khatalink/delivery/ajax_update_location.php | Speed: 8ms | IP: ::1
[30-May-2026 21:21:10 Europe/Berlin] [API_HIT] /khatalink/delivery/ajax_update_location.php | Speed: 7ms | IP: ::1
[30-May-2026 21:21:22 Europe/Berlin] [API_HIT] /khatalink/delivery/dashboard.php | Speed: 22ms | IP: ::1
[30-May-2026 21:21:25 Europe/Berlin] [API_HIT] /khatalink/delivery/ajax_update_location.php | Speed: 4ms | IP: ::1
[30-May-2026 21:21:59 Europe/Berlin] [API_HIT] /khatalink/delivery/ajax_update_location.php | Speed: 7ms | IP: ::1
[30-May-2026 21:22:10 Europe/Berlin] [API_HIT] /khatalink/delivery/dashboard.php | Speed: 19ms | IP: ::1
[30-May-2026 21:22:15 Europe/Berlin] [API_HIT] /khatalink/delivery/ajax_update_location.php | Speed: 7ms | IP: ::1
[30-May-2026 21:22:45 Europe/Berlin] [API_HIT] /khatalink/delivery/ajax_update_location.php | Speed: 4ms | IP: ::1
[30-May-2026 21:22:56 Europe/Berlin] [API_HIT] /khatalink/delivery/dashboard.php | Speed: 45ms | IP: ::1
[30-May-2026 21:22:58 Europe/Berlin] [API_HIT] /khatalink/delivery/ajax_update_location.php | Speed: 4ms | IP: ::1
[30-May-2026 21:23:32 Europe/Berlin] [API_HIT] /khatalink/delivery/ajax_update_location.php | Speed: 4ms | IP: ::1
[30-May-2026 21:23:43 Europe/Berlin] [API_HIT] /khatalink/delivery/dashboard.php | Speed: 85ms | IP: ::1
[30-May-2026 21:23:49 Europe/Berlin] [API_HIT] /khatalink/delivery/ajax_update_location.php | Speed: 6ms | IP: ::1
[30-May-2026 21:24:14 Europe/Berlin] [API_HIT] /khatalink/delivery/ajax_update_location.php | Speed: 5ms | IP: ::1
[30-May-2026 21:24:29 Europe/Berlin] [API_HIT] /khatalink/delivery/dashboard.php | Speed: 20ms | IP: ::1
[30-May-2026 21:24:35 Europe/Berlin] [API_HIT] /khatalink/delivery/ajax_update_location.php | Speed: 3ms | IP: ::1
[30-May-2026 21:24:57 Europe/Berlin] [API_HIT] /khatalink/shop/restaurant_dashboard.php | Speed: 21ms | IP: ::1
[30-May-2026 21:25:01 Europe/Berlin] [API_HIT] /khatalink/delivery/ajax_update_location.php | Speed: 4ms | IP: ::1
[30-May-2026 21:25:09 Europe/Berlin] [API_HIT] /khatalink/delivery/Groceries_tasks.php | Speed: 27ms | IP: ::1
[30-May-2026 21:25:10 Europe/Berlin] [API_HIT] /khatalink/delivery/ajax_update_location.php | Speed: 4ms | IP: ::1
[30-May-2026 21:25:11 Europe/Berlin] [API_HIT] /khatalink/delivery/dashboard.php | Speed: 20ms | IP: ::1
[30-May-2026 21:25:40 Europe/Berlin] [API_HIT] /khatalink/shop/restaurant_dashboard.php | Speed: 11ms | IP: ::1
[30-May-2026 21:25:42 Europe/Berlin] [API_HIT] /khatalink/shop/restaurant_dashboard.php | Speed: 8ms | IP: ::1
[30-May-2026 21:25:46 Europe/Berlin] [API_HIT] /khatalink/delivery/ajax_update_location.php | Speed: 5ms | IP: ::1
[30-May-2026 21:25:46 Europe/Berlin] [API_HIT] /khatalink/delivery/ajax_update_location.php | Speed: 3ms | IP: ::1
[30-May-2026 21:25:50 Europe/Berlin] [API_HIT] /khatalink/customer/dashboard.php | Speed: 14ms | IP: ::1
[31-May-2026 00:55:53 Asia/Kolkata] [API_HIT] /khatalink/customer/Food_home.php | Speed: 4ms | IP: ::1
[31-May-2026 00:55:54 Asia/Kolkata] [API_HIT] /khatalink/customer/Food_home.php?lat=20.070937552518103&lng=86.22101835456115&radius=6 | Speed: 3ms | IP: ::1
[30-May-2026 21:25:54 Europe/Berlin] [API_HIT] /khatalink/customer/ajax_get_registry_location.php?lat=20.070937552518103&lng=86.22101835456115 | Speed: 4ms | IP: ::1
[30-May-2026 21:25:54 Europe/Berlin] [API_HIT] /khatalink/customer/ajax_get_registry_location.php?lat=20.070937552518&lng=86.221018354561 | Speed: 3ms | IP: ::1
[31-May-2026 00:55:55 Asia/Kolkata] [API_HIT] /khatalink/customer/Food_menu.php?shop_id=9&item_id=1 | Speed: 9ms | IP: ::1
[31-May-2026 00:55:59 Asia/Kolkata] [API_HIT] /khatalink/customer/Food_cart.php | Speed: 3ms | IP: ::1
[30-May-2026 21:26:00 Europe/Berlin] [API_HIT] /khatalink/customer/ajax_get_geo_hierarchy.php?type=districts | Speed: 5ms | IP: ::1
[30-May-2026 21:26:02 Europe/Berlin] [API_HIT] /khatalink/customer/ajax_get_registry_location.php?lat=20.070937552518103&lng=86.22101835456115 | Speed: 25ms | IP: ::1
[30-May-2026 21:26:02 Europe/Berlin] [API_HIT] /khatalink/customer/ajax_get_geo_hierarchy.php?type=blocks&district=Jagatsinghpur | Speed: 3ms | IP: ::1
[30-May-2026 21:26:02 Europe/Berlin] [API_HIT] /khatalink/customer/ajax_get_geo_hierarchy.php?type=villages&district=Jagatsinghpur&block=Naugaon | Speed: 4ms | IP: ::1
[31-May-2026 00:56:06 Asia/Kolkata] [API_HIT] /khatalink/customer/Food_checkout.php?shop_id=9&name=Gyana+Ranjan+jena&phone=08456913850&addr=fw&landmark=dffrf&village=Gangada&pincode=754113&block=Naugaon&dist=Jagatsinghpur&lat=0&lng=0 | Speed: 3ms | IP: ::1
[30-May-2026 21:26:10 Europe/Berlin] CREATE_ORDER_DEBUG: Order created ID=35
[30-May-2026 21:26:10 Europe/Berlin] CREATE_ORDER_DEBUG: Item added: Biriyani, Qty=1, Unit=PCS, Price=130
[30-May-2026 21:26:11 Europe/Berlin] FCM HTTP 200 Response for shop (ID: 9): {
  "name": "projects/khatalink-63041/messages/4bebb9f3-8541-4752-bc56-df19d4a5c91c"
}

[30-May-2026 21:26:11 Europe/Berlin] [API_HIT] /khatalink/customer/create_order.php?shop_id=9&ajax=1 | Speed: 1139ms | IP: ::1
[30-May-2026 21:26:13 Europe/Berlin] [API_HIT] /khatalink/customer/Food_order_tracking.php?order_id=35 | Speed: 4ms | IP: ::1
[30-May-2026 21:26:16 Europe/Berlin] [API_HIT] /khatalink/delivery/ajax_update_location.php | Speed: 4ms | IP: ::1
[30-May-2026 21:26:17 Europe/Berlin] [API_HIT] /khatalink/shop/restaurant_dashboard.php | Speed: 6ms | IP: ::1
[30-May-2026 21:26:21 Europe/Berlin] FCM HTTP 200 Response for customer (ID: 10): {
  "name": "projects/khatalink-63041/messages/271942a3-a01d-46f9-979c-cd705ad182c5"
}

[30-May-2026 21:26:21 Europe/Berlin] FCM HTTP 200 Response for customer (ID: 10): {
  "name": "projects/khatalink-63041/messages/0:1780169182457288%3a1eff913a1eff91"
}

[30-May-2026 21:26:21 Europe/Berlin] [API_HIT] /khatalink/shop/restaurant_dashboard.php | Speed: 1027ms | IP: ::1
[30-May-2026 21:26:21 Europe/Berlin] [API_HIT] /khatalink/shop/restaurant_dashboard.php?msg=Status+Updated | Speed: 6ms | IP: ::1
[30-May-2026 21:26:23 Europe/Berlin] FCM HTTP 200 Response for customer (ID: 10): {
  "name": "projects/khatalink-63041/messages/a412a38e-5c3c-42b2-a325-7109162c4838"
}

[30-May-2026 21:26:24 Europe/Berlin] FCM HTTP 200 Response for customer (ID: 10): {
  "name": "projects/khatalink-63041/messages/0:1780169184964401%3a1eff913a1eff91"
}

[30-May-2026 21:26:24 Europe/Berlin] [API_HIT] /khatalink/shop/restaurant_dashboard.php?msg=Status+Updated | Speed: 952ms | IP: ::1
[30-May-2026 21:26:24 Europe/Berlin] [API_HIT] /khatalink/shop/restaurant_dashboard.php?msg=Status+Updated | Speed: 6ms | IP: ::1
[30-May-2026 21:26:27 Europe/Berlin] FCM HTTP 200 Response for delivery (ID: 7): {
  "name": "projects/khatalink-63041/messages/1b448535-1527-48f8-850e-c1afd3c5bd97"
}

[30-May-2026 21:26:27 Europe/Berlin] FCM HTTP 200 Response for customer (ID: 10): {
  "name": "projects/khatalink-63041/messages/f4380d31-dce5-4919-bb12-83ae32817b75"
}

[30-May-2026 21:26:27 Europe/Berlin] FCM HTTP 200 Response for customer (ID: 10): {
  "name": "projects/khatalink-63041/messages/0:1780169188814971%3a1eff913a1eff91"
}

[30-May-2026 21:26:27 Europe/Berlin] [API_HIT] /khatalink/shop/restaurant_dashboard.php?msg=Status+Updated | Speed: 1856ms | IP: ::1
[30-May-2026 21:26:28 Europe/Berlin] [API_HIT] /khatalink/shop/restaurant_dashboard.php?msg=Status+Updated | Speed: 10ms | IP: ::1
[30-May-2026 21:26:29 Europe/Berlin] [API_HIT] /khatalink/customer/ajax_get_order_status.php?order_id=35&customer_id=10 | Speed: 4ms | IP: ::1
[30-May-2026 21:26:30 Europe/Berlin] [API_HIT] /khatalink/customer/Food_order_tracking.php?order_id=35 | Speed: 3ms | IP: ::1
[30-May-2026 21:26:34 Europe/Berlin] [API_HIT] /khatalink/delivery/dashboard.php | Speed: 44ms | IP: ::1
[30-May-2026 21:26:35 Europe/Berlin] [API_HIT] /khatalink/delivery/ajax_update_location.php | Speed: 4ms | IP: ::1
[30-May-2026 21:26:37 Europe/Berlin] [API_HIT] /khatalink/delivery/Groceries_tasks.php | Speed: 21ms | IP: ::1
[30-May-2026 21:26:37 Europe/Berlin] [API_HIT] /khatalink/delivery/ajax_update_location.php | Speed: 5ms | IP: ::1
[30-May-2026 21:26:46 Europe/Berlin] [API_HIT] /khatalink/customer/ajax_get_order_status.php?order_id=35&customer_id=10 | Speed: 3ms | IP: ::1
[30-May-2026 21:26:46 Europe/Berlin] [API_HIT] /khatalink/customer/Food_order_tracking.php?order_id=35 | Speed: 3ms | IP: ::1
[30-May-2026 21:26:52 Europe/Berlin] [API_HIT] /khatalink/delivery/Groceries_tasks.php | Speed: 6ms | IP: ::1
[30-May-2026 21:26:52 Europe/Berlin] [API_HIT] /khatalink/delivery/Groceries_tasks.php?success=Task+accepted%21+Head+to+the+shop+for+pickup. | Speed: 38ms | IP: ::1
[30-May-2026 21:26:59 Europe/Berlin] FCM HTTP 200 Response for shop (ID: 9): {
  "name": "projects/khatalink-63041/messages/a5f6ae1e-d9b2-42a3-a092-eb39275f20a1"
}

[30-May-2026 21:26:59 Europe/Berlin] [API_HIT] /khatalink/delivery/Groceries_tasks.php?success=Task+accepted%21+Head+to+the+shop+for+pickup. | Speed: 606ms | IP: ::1
[30-May-2026 21:26:59 Europe/Berlin] [API_HIT] /khatalink/delivery/Groceries_tasks.php?success=Pickup+code+generated+and+sent+to+shop+dashboard%21 | Speed: 21ms | IP: ::1
[30-May-2026 21:27:01 Europe/Berlin] [API_HIT] /khatalink/customer/ajax_get_order_status.php?order_id=35&customer_id=10 | Speed: 3ms | IP: ::1
[30-May-2026 21:27:02 Europe/Berlin] [API_HIT] /khatalink/customer/Food_order_tracking.php?order_id=35 | Speed: 3ms | IP: ::1
[30-May-2026 21:27:07 Europe/Berlin] [API_HIT] /khatalink/shop/restaurant_dashboard.php?msg=Status+Updated | Speed: 7ms | IP: ::1
[30-May-2026 21:27:18 Europe/Berlin] [API_HIT] /khatalink/customer/ajax_get_order_status.php?order_id=35&customer_id=10 | Speed: 2ms | IP: ::1
[30-May-2026 21:27:18 Europe/Berlin] [API_HIT] /khatalink/customer/Food_order_tracking.php?order_id=35 | Speed: 4ms | IP: ::1
[30-May-2026 21:27:25 Europe/Berlin] FCM HTTP 200 Response for customer (ID: 10): {
  "name": "projects/khatalink-63041/messages/6f5c3000-672a-4d2f-a048-10198759e1bb"
}

[30-May-2026 21:27:25 Europe/Berlin] FCM HTTP 200 Response for customer (ID: 10): {
  "name": "projects/khatalink-63041/messages/0:1780169246615667%3a1eff913a1eff91"
}

[30-May-2026 21:27:25 Europe/Berlin] [API_HIT] /khatalink/delivery/Groceries_tasks.php?success=Pickup+code+generated+and+sent+to+shop+dashboard%21 | Speed: 983ms | IP: ::1
[30-May-2026 21:27:25 Europe/Berlin] [API_HIT] /khatalink/delivery/Groceries_tasks.php?success=Pickup+successful%21+Start+delivery. | Speed: 22ms | IP: ::1
[30-May-2026 21:27:34 Europe/Berlin] [API_HIT] /khatalink/customer/ajax_get_order_status.php?order_id=35&customer_id=10 | Speed: 3ms | IP: ::1
[30-May-2026 21:27:34 Europe/Berlin] [API_HIT] /khatalink/customer/Food_order_tracking.php?order_id=35 | Speed: 3ms | IP: ::1
[30-May-2026 21:27:50 Europe/Berlin] [API_HIT] /khatalink/customer/ajax_get_order_status.php?order_id=35&customer_id=10 | Speed: 3ms | IP: ::1
[30-May-2026 21:27:50 Europe/Berlin] [API_HIT] /khatalink/customer/Food_order_tracking.php?order_id=35 | Speed: 3ms | IP: ::1
[30-May-2026 21:28:05 Europe/Berlin] [API_HIT] /khatalink/customer/ajax_get_order_status.php?order_id=35&customer_id=10 | Speed: 3ms | IP: ::1
[30-May-2026 21:28:06 Europe/Berlin] [API_HIT] /khatalink/customer/Food_order_tracking.php?order_id=35 | Speed: 3ms | IP: ::1
[30-May-2026 21:28:07 Europe/Berlin] [API_HIT] /khatalink/shop/restaurant_dashboard.php?msg=Status+Updated | Speed: 9ms | IP: ::1
[30-May-2026 21:28:10 Europe/Berlin] [API_HIT] /khatalink/customer/Food_order_tracking.php?order_id=35 | Speed: 14ms | IP: ::1
[30-May-2026 21:28:12 Europe/Berlin] [API_HIT] /khatalink/delivery/Groceries_tasks.php?success=Pickup+successful%21+Start+delivery. | Speed: 36ms | IP: ::1
[30-May-2026 21:28:25 Europe/Berlin] [API_HIT] /khatalink/customer/ajax_get_order_status.php?order_id=35&customer_id=10 | Speed: 4ms | IP: ::1
[30-May-2026 21:28:25 Europe/Berlin] [API_HIT] /khatalink/customer/Food_order_tracking.php?order_id=35 | Speed: 4ms | IP: ::1
[30-May-2026 21:28:43 Europe/Berlin] [API_HIT] /khatalink/customer/ajax_get_order_status.php?order_id=35&customer_id=10 | Speed: 2ms | IP: ::1
[30-May-2026 21:28:43 Europe/Berlin] [API_HIT] /khatalink/customer/Food_order_tracking.php?order_id=35 | Speed: 4ms | IP: ::1
[30-May-2026 21:28:49 Europe/Berlin] FCM HTTP 200 Response for customer (ID: 10): {
  "name": "projects/khatalink-63041/messages/a47c31c0-de26-4079-9a9d-ddbd7724428b"
}

[30-May-2026 21:28:50 Europe/Berlin] FCM HTTP 200 Response for customer (ID: 10): {
  "name": "projects/khatalink-63041/messages/0:1780169331057564%3a1eff913a1eff91"
}

[30-May-2026 21:28:50 Europe/Berlin] [API_HIT] /khatalink/delivery/Groceries_tasks.php?success=Pickup+successful%21+Start+delivery. | Speed: 947ms | IP: ::1
[30-May-2026 21:28:50 Europe/Berlin] [API_HIT] /khatalink/delivery/Groceries_tasks.php?success=Delivery+code+%28DCC%29+sent+to+customer%21 | Speed: 14ms | IP: ::1
[30-May-2026 21:28:57 Europe/Berlin] [API_HIT] /khatalink/customer/Food_order_tracking.php?order_id=35 | Speed: 3ms | IP: ::1
[30-May-2026 21:29:12 Europe/Berlin] [API_HIT] /khatalink/customer/ajax_get_order_status.php?order_id=35&customer_id=10 | Speed: 8ms | IP: ::1
[30-May-2026 21:29:13 Europe/Berlin] [API_HIT] /khatalink/customer/Food_order_tracking.php?order_id=35 | Speed: 3ms | IP: ::1
[30-May-2026 21:29:13 Europe/Berlin] FCM HTTP 200 Response for customer (ID: 10): {
  "name": "projects/khatalink-63041/messages/57fd2241-5c40-482e-8bf4-87e6844f6d12"
}

[30-May-2026 21:29:13 Europe/Berlin] FCM HTTP 200 Response for customer (ID: 10): {
  "name": "projects/khatalink-63041/messages/0:1780169354296671%3a1eff913a1eff91"
}

[30-May-2026 21:29:14 Europe/Berlin] FCM HTTP 200 Response for shop (ID: 9): {
  "name": "projects/khatalink-63041/messages/e550f79d-8c93-4b2b-ae1c-5d73089accbf"
}

[30-May-2026 21:29:14 Europe/Berlin] [API_HIT] /khatalink/delivery/Groceries_tasks.php?success=Delivery+code+%28DCC%29+sent+to+customer%21 | Speed: 1536ms | IP: ::1
[30-May-2026 21:29:14 Europe/Berlin] [API_HIT] /khatalink/delivery/Groceries_tasks.php?success=Delivered%21+Collect+Cash%3A+%E2%82%B9155.20 | Speed: 18ms | IP: ::1
[30-May-2026 21:29:18 Europe/Berlin] [API_HIT] /khatalink/delivery/ajax_update_location.php | Speed: 4ms | IP: ::1
[30-May-2026 21:29:22 Europe/Berlin] [API_HIT] /khatalink/delivery/dashboard.php | Speed: 16ms | IP: ::1
[30-May-2026 21:29:22 Europe/Berlin] [API_HIT] /khatalink/delivery/ajax_update_location.php | Speed: 17ms | IP: ::1
[30-May-2026 21:29:29 Europe/Berlin] [API_HIT] /khatalink/customer/ajax_get_order_status.php?order_id=35&customer_id=10 | Speed: 6ms | IP: ::1
[30-May-2026 21:29:29 Europe/Berlin] [API_HIT] /khatalink/customer/Food_order_tracking.php?order_id=35 | Speed: 4ms | IP: ::1
[30-May-2026 21:29:45 Europe/Berlin] [API_HIT] /khatalink/customer/ajax_get_order_status.php?order_id=35&customer_id=10 | Speed: 3ms | IP: ::1
[30-May-2026 21:29:46 Europe/Berlin] [API_HIT] /khatalink/customer/Food_order_tracking.php?order_id=35 | Speed: 3ms | IP: ::1
[30-May-2026 21:29:56 Europe/Berlin] [API_HIT] /khatalink/shop/restaurant_dashboard.php?msg=Status+Updated | Speed: 28ms | IP: ::1
[30-May-2026 21:29:57 Europe/Berlin] [API_HIT] /khatalink/delivery/ajax_update_location.php | Speed: 9ms | IP: ::1
[30-May-2026 21:29:59 Europe/Berlin] [API_HIT] /khatalink/shop/restaurant_dashboard.php?msg=Status+Updated | Speed: 7ms | IP: ::1
[30-May-2026 21:30:02 Europe/Berlin] [API_HIT] /khatalink/customer/ajax_get_order_status.php?order_id=35&customer_id=10 | Speed: 3ms | IP: ::1
[30-May-2026 21:30:02 Europe/Berlin] [API_HIT] /khatalink/customer/Food_order_tracking.php?order_id=35 | Speed: 4ms | IP: ::1
[30-May-2026 21:30:21 Europe/Berlin] [API_HIT] /khatalink/customer/ajax_get_order_status.php?order_id=35&customer_id=10 | Speed: 2ms | IP: ::1
[30-May-2026 21:30:21 Europe/Berlin] [API_HIT] /khatalink/customer/Food_order_tracking.php?order_id=35 | Speed: 3ms | IP: ::1
[30-May-2026 21:30:27 Europe/Berlin] [API_HIT] /khatalink/delivery/ajax_update_location.php | Speed: 5ms | IP: ::1
[30-May-2026 21:30:36 Europe/Berlin] [API_HIT] /khatalink/customer/ajax_get_order_status.php?order_id=35&customer_id=10 | Speed: 3ms | IP: ::1
[30-May-2026 21:30:37 Europe/Berlin] [API_HIT] /khatalink/customer/Food_order_tracking.php?order_id=35 | Speed: 3ms | IP: ::1
[30-May-2026 21:30:52 Europe/Berlin] [API_HIT] /khatalink/customer/ajax_get_order_status.php?order_id=35&customer_id=10 | Speed: 3ms | IP: ::1
[30-May-2026 21:30:53 Europe/Berlin] [API_HIT] /khatalink/customer/Food_order_tracking.php?order_id=35 | Speed: 3ms | IP: ::1
[30-May-2026 21:30:57 Europe/Berlin] [API_HIT] /khatalink/delivery/ajax_update_location.php | Speed: 6ms | IP: ::1
[30-May-2026 21:31:02 Europe/Berlin] [API_HIT] /khatalink/shop/restaurant_dashboard.php?msg=Status+Updated | Speed: 7ms | IP: ::1
[30-May-2026 21:31:11 Europe/Berlin] [API_HIT] /khatalink/customer/ajax_get_order_status.php?order_id=35&customer_id=10 | Speed: 3ms | IP: ::1
[30-May-2026 21:31:11 Europe/Berlin] [API_HIT] /khatalink/customer/Food_order_tracking.php?order_id=35 | Speed: 4ms | IP: ::1
[30-May-2026 21:31:27 Europe/Berlin] [API_HIT] /khatalink/customer/ajax_get_order_status.php?order_id=35&customer_id=10 | Speed: 3ms | IP: ::1
[30-May-2026 21:31:28 Europe/Berlin] [API_HIT] /khatalink/delivery/ajax_update_location.php | Speed: 5ms | IP: ::1
[30-May-2026 21:31:34 Europe/Berlin] [API_HIT] /khatalink/customer/Food_order_tracking.php?order_id=35 | Speed: 3ms | IP: ::1
[30-May-2026 21:31:51 Europe/Berlin] [API_HIT] /khatalink/customer/ajax_get_order_status.php?order_id=35&customer_id=10 | Speed: 3ms | IP: ::1
[30-May-2026 21:31:51 Europe/Berlin] [API_HIT] /khatalink/customer/Food_order_tracking.php?order_id=35 | Speed: 3ms | IP: ::1
[30-May-2026 21:31:57 Europe/Berlin] [API_HIT] /khatalink/delivery/ajax_update_location.php | Speed: 4ms | IP: ::1
[30-May-2026 21:32:03 Europe/Berlin] [API_HIT] /khatalink/shop/restaurant_dashboard.php?msg=Status+Updated | Speed: 7ms | IP: ::1
[30-May-2026 21:32:09 Europe/Berlin] [API_HIT] /khatalink/customer/ajax_get_order_status.php?order_id=35&customer_id=10 | Speed: 4ms | IP: ::1
[30-May-2026 21:32:10 Europe/Berlin] [API_HIT] /khatalink/customer/Food_order_tracking.php?order_id=35 | Speed: 4ms | IP: ::1
[30-May-2026 21:32:26 Europe/Berlin] [API_HIT] /khatalink/customer/ajax_get_order_status.php?order_id=35&customer_id=10 | Speed: 3ms | IP: ::1
[30-May-2026 21:32:26 Europe/Berlin] [API_HIT] /khatalink/customer/Food_order_tracking.php?order_id=35 | Speed: 3ms | IP: ::1
[30-May-2026 21:32:27 Europe/Berlin] [API_HIT] /khatalink/delivery/ajax_update_location.php | Speed: 4ms | IP: ::1
[30-May-2026 21:32:42 Europe/Berlin] [API_HIT] /khatalink/customer/ajax_get_order_status.php?order_id=35&customer_id=10 | Speed: 3ms | IP: ::1
[30-May-2026 21:32:43 Europe/Berlin] [API_HIT] /khatalink/customer/Food_order_tracking.php?order_id=35 | Speed: 15ms | IP: ::1
[30-May-2026 21:32:53 Europe/Berlin] [API_HIT] /khatalink/delivery/ajax_update_location.php | Speed: 6ms | IP: ::1
[30-May-2026 21:32:59 Europe/Berlin] [API_HIT] /khatalink/customer/ajax_get_order_status.php?order_id=35&customer_id=10 | Speed: 3ms | IP: ::1
[30-May-2026 21:32:59 Europe/Berlin] [API_HIT] /khatalink/customer/Food_order_tracking.php?order_id=35 | Speed: 6ms | IP: ::1
[30-May-2026 21:33:07 Europe/Berlin] [API_HIT] /khatalink/delivery/dashboard.php | Speed: 56ms | IP: ::1
[30-May-2026 21:33:12 Europe/Berlin] [API_HIT] /khatalink/delivery/ajax_update_location.php | Speed: 14ms | IP: ::1
[30-May-2026 21:33:15 Europe/Berlin] [API_HIT] /khatalink/customer/ajax_get_order_status.php?order_id=35&customer_id=10 | Speed: 5ms | IP: ::1
[30-May-2026 21:33:15 Europe/Berlin] [API_HIT] /khatalink/customer/Food_order_tracking.php?order_id=35 | Speed: 3ms | IP: ::1
[30-May-2026 21:33:31 Europe/Berlin] [API_HIT] /khatalink/customer/ajax_get_order_status.php?order_id=35&customer_id=10 | Speed: 4ms | IP: ::1
[30-May-2026 21:33:31 Europe/Berlin] [API_HIT] /khatalink/customer/Food_order_tracking.php?order_id=35 | Speed: 3ms | IP: ::1
[30-May-2026 21:33:43 Europe/Berlin] [API_HIT] /khatalink/delivery/ajax_update_location.php | Speed: 6ms | IP: ::1
[30-May-2026 21:33:47 Europe/Berlin] [API_HIT] /khatalink/customer/ajax_get_order_status.php?order_id=35&customer_id=10 | Speed: 3ms | IP: ::1
[30-May-2026 21:33:48 Europe/Berlin] [API_HIT] /khatalink/customer/Food_order_tracking.php?order_id=35 | Speed: 3ms | IP: ::1
[30-May-2026 21:33:53 Europe/Berlin] [API_HIT] /khatalink/delivery/dashboard.php | Speed: 30ms | IP: ::1
[30-May-2026 21:33:53 Europe/Berlin] [API_HIT] /khatalink/delivery/ajax_update_location.php | Speed: 101ms | IP: ::1
[30-May-2026 21:34:03 Europe/Berlin] [API_HIT] /khatalink/customer/ajax_get_order_status.php?order_id=35&customer_id=10 | Speed: 3ms | IP: ::1
[30-May-2026 21:34:04 Europe/Berlin] [API_HIT] /khatalink/customer/Food_order_tracking.php?order_id=35 | Speed: 14ms | IP: ::1
[30-May-2026 21:34:20 Europe/Berlin] [API_HIT] /khatalink/customer/ajax_get_order_status.php?order_id=35&customer_id=10 | Speed: 3ms | IP: ::1
[30-May-2026 21:34:20 Europe/Berlin] [API_HIT] /khatalink/customer/Food_order_tracking.php?order_id=35 | Speed: 4ms | IP: ::1
[30-May-2026 21:34:28 Europe/Berlin] [API_HIT] /khatalink/delivery/ajax_update_location.php | Speed: 4ms | IP: ::1
[30-May-2026 21:34:36 Europe/Berlin] [API_HIT] /khatalink/customer/ajax_get_order_status.php?order_id=35&customer_id=10 | Speed: 4ms | IP: ::1
[30-May-2026 21:34:36 Europe/Berlin] [API_HIT] /khatalink/customer/Food_order_tracking.php?order_id=35 | Speed: 3ms | IP: ::1
[30-May-2026 21:34:38 Europe/Berlin] [API_HIT] /khatalink/delivery/dashboard.php | Speed: 29ms | IP: ::1
[30-May-2026 21:34:43 Europe/Berlin] [API_HIT] /khatalink/delivery/ajax_update_location.php | Speed: 4ms | IP: ::1
[30-May-2026 21:34:55 Europe/Berlin] [API_HIT] /khatalink/customer/ajax_get_order_status.php?order_id=35&customer_id=10 | Speed: 5ms | IP: ::1
[30-May-2026 21:34:55 Europe/Berlin] [API_HIT] /khatalink/customer/Food_order_tracking.php?order_id=35 | Speed: 3ms | IP: ::1
[30-May-2026 21:35:08 Europe/Berlin] [API_HIT] /khatalink/shop/restaurant_order_details.php?id=34 | Speed: 3ms | IP: ::1
[30-May-2026 21:35:09 Europe/Berlin] [API_HIT] /khatalink/delivery/ajax_update_location.php | Speed: 5ms | IP: ::1
[30-May-2026 21:35:10 Europe/Berlin] [API_HIT] /khatalink/customer/ajax_get_order_status.php?order_id=35&customer_id=10 | Speed: 3ms | IP: ::1
[30-May-2026 21:35:11 Europe/Berlin] [API_HIT] /khatalink/customer/Food_order_tracking.php?order_id=35 | Speed: 4ms | IP: ::1
[30-May-2026 21:35:12 Europe/Berlin] [API_HIT] /khatalink/shop/restaurant_dashboard.php?msg=Status+Updated | Speed: 18ms | IP: ::1
[30-May-2026 21:35:14 Europe/Berlin] [API_HIT] /khatalink/shop/restaurant_order_details.php?id=34 | Speed: 3ms | IP: ::1
[30-May-2026 21:35:28 Europe/Berlin] [API_HIT] /khatalink/customer/ajax_get_order_status.php?order_id=35&customer_id=10 | Speed: 3ms | IP: ::1
[30-May-2026 21:35:28 Europe/Berlin] [API_HIT] /khatalink/customer/Food_order_tracking.php?order_id=35 | Speed: 7ms | IP: ::1
[30-May-2026 21:35:33 Europe/Berlin] [API_HIT] /khatalink/shop/restaurant_dashboard.php?msg=Status+Updated | Speed: 9ms | IP: ::1
[30-May-2026 21:35:35 Europe/Berlin] [API_HIT] /khatalink/shop/restaurant_dashboard.php?msg=Status+Updated | Speed: 7ms | IP: ::1
[30-May-2026 21:35:43 Europe/Berlin] [API_HIT] /khatalink/delivery/ajax_update_location.php | Speed: 3ms | IP: ::1
[30-May-2026 21:35:43 Europe/Berlin] [API_HIT] /khatalink/customer/ajax_get_order_status.php?order_id=35&customer_id=10 | Speed: 3ms | IP: ::1
[30-May-2026 21:35:44 Europe/Berlin] [API_HIT] /khatalink/customer/Food_order_tracking.php?order_id=35 | Speed: 3ms | IP: ::1
[30-May-2026 21:36:01 Europe/Berlin] [API_HIT] /khatalink/customer/ajax_get_order_status.php?order_id=35&customer_id=10 | Speed: 3ms | IP: ::1
[30-May-2026 21:36:01 Europe/Berlin] [API_HIT] /khatalink/customer/Food_order_tracking.php?order_id=35 | Speed: 3ms | IP: ::1
[30-May-2026 21:36:05 Europe/Berlin] [API_HIT] /khatalink/customer/Food_order_tracking.php?order_id=35 | Speed: 3ms | IP: ::1
[30-May-2026 21:36:13 Europe/Berlin] [API_HIT] /khatalink/customer/Food_order_tracking.php?order_id=35 | Speed: 4ms | IP: ::1
[30-May-2026 21:36:14 Europe/Berlin] [API_HIT] /khatalink/delivery/ajax_update_location.php | Speed: 6ms | IP: ::1
[31-May-2026 01:06:15 Asia/Kolkata] [API_HIT] /khatalink/customer/Food_orders.php | Speed: 5ms | IP: ::1
[30-May-2026 21:36:36 Europe/Berlin] [API_HIT] /khatalink/shop/restaurant_dashboard.php?msg=Status+Updated | Speed: 15ms | IP: ::1
[30-May-2026 21:36:39 Europe/Berlin] [API_HIT] /khatalink/delivery/ajax_update_location.php | Speed: 5ms | IP: ::1
[30-May-2026 21:37:11 Europe/Berlin] [API_HIT] /khatalink/shop/restaurant_dashboard.php?msg=Status+Updated | Speed: 10ms | IP: ::1
[30-May-2026 21:37:13 Europe/Berlin] [API_HIT] /khatalink/delivery/ajax_update_location.php | Speed: 5ms | IP: ::1
[30-May-2026 21:37:25 Europe/Berlin] [API_HIT] /khatalink/delivery/dashboard.php | Speed: 27ms | IP: ::1
[30-May-2026 21:37:29 Europe/Berlin] [API_HIT] /khatalink/delivery/ajax_update_location.php | Speed: 3ms | IP: ::1
[30-May-2026 21:37:31 Europe/Berlin] [API_HIT] /khatalink/delivery/Groceries_tasks.php | Speed: 24ms | IP: ::1
[30-May-2026 21:37:31 Europe/Berlin] [API_HIT] /khatalink/delivery/ajax_update_location.php | Speed: 4ms | IP: ::1
[30-May-2026 21:37:33 Europe/Berlin] [API_HIT] /khatalink/delivery/dashboard.php | Speed: 17ms | IP: ::1
[30-May-2026 21:37:33 Europe/Berlin] [API_HIT] /khatalink/delivery/ajax_update_location.php | Speed: 4ms | IP: ::1
[30-May-2026 21:37:50 Europe/Berlin] [API_HIT] /khatalink/shop/restaurant_order_details.php?order_id=35 | Speed: 406ms | IP: ::1
[30-May-2026 21:38:04 Europe/Berlin] [API_HIT] /khatalink/delivery/ajax_update_location.php | Speed: 4ms | IP: ::1
[30-May-2026 21:38:20 Europe/Berlin] [API_HIT] /khatalink/shop/restaurant_dashboard.php | Speed: 31ms | IP: ::1
[30-May-2026 21:38:29 Europe/Berlin] [API_HIT] /khatalink/shop/restaurant_order_details.php?order_id=34 | Speed: 2ms | IP: ::1
[30-May-2026 21:38:33 Europe/Berlin] [API_HIT] /khatalink/shop/restaurant_dashboard.php | Speed: 8ms | IP: ::1
[30-May-2026 21:38:39 Europe/Berlin] [API_HIT] /khatalink/delivery/ajax_update_location.php | Speed: 7ms | IP: ::1
[30-May-2026 21:39:08 Europe/Berlin] [API_HIT] /khatalink/delivery/ajax_update_location.php | Speed: 3ms | IP: ::1
[30-May-2026 21:39:34 Europe/Berlin] [API_HIT] /khatalink/shop/restaurant_dashboard.php | Speed: 37ms | IP: ::1
[30-May-2026 21:39:38 Europe/Berlin] [API_HIT] /khatalink/delivery/ajax_update_location.php | Speed: 5ms | IP: ::1
[30-May-2026 21:40:08 Europe/Berlin] [API_HIT] /khatalink/delivery/ajax_update_location.php | Speed: 4ms | IP: ::1
[30-May-2026 21:40:37 Europe/Berlin] [API_HIT] /khatalink/shop/restaurant_dashboard.php | Speed: 13ms | IP: ::1
[30-May-2026 21:40:41 Europe/Berlin] [API_HIT] /khatalink/delivery/ajax_update_location.php | Speed: 4ms | IP: ::1
[30-May-2026 21:41:08 Europe/Berlin] [API_HIT] /khatalink/delivery/ajax_update_location.php | Speed: 4ms | IP: ::1
[30-May-2026 21:41:18 Europe/Berlin] [API_HIT] /khatalink/delivery/dashboard.php | Speed: 46ms | IP: ::1
[30-May-2026 21:41:19 Europe/Berlin] [API_HIT] /khatalink/delivery/ajax_update_location.php | Speed: 4ms | IP: ::1
[30-May-2026 21:41:42 Europe/Berlin] [API_HIT] /khatalink/shop/restaurant_dashboard.php | Speed: 8ms | IP: ::1
[30-May-2026 21:41:54 Europe/Berlin] [API_HIT] /khatalink/delivery/ajax_update_location.php | Speed: 7ms | IP: ::1
[30-May-2026 21:42:24 Europe/Berlin] [API_HIT] /khatalink/delivery/ajax_update_location.php | Speed: 4ms | IP: ::1
[30-May-2026 21:42:42 Europe/Berlin] [API_HIT] /khatalink/shop/restaurant_dashboard.php | Speed: 6ms | IP: ::1
[30-May-2026 21:42:54 Europe/Berlin] [API_HIT] /khatalink/delivery/ajax_update_location.php | Speed: 6ms | IP: ::1
[30-May-2026 21:43:24 Europe/Berlin] [API_HIT] /khatalink/delivery/ajax_update_location.php | Speed: 7ms | IP: ::1
[30-May-2026 21:43:43 Europe/Berlin] [API_HIT] /khatalink/shop/restaurant_dashboard.php | Speed: 28ms | IP: ::1
[30-May-2026 21:43:54 Europe/Berlin] [API_HIT] /khatalink/delivery/ajax_update_location.php | Speed: 6ms | IP: ::1
[30-May-2026 21:44:19 Europe/Berlin] [API_HIT] /khatalink/delivery/dashboard.php | Speed: 23ms | IP: ::1
[30-May-2026 21:44:23 Europe/Berlin] [API_HIT] /khatalink/delivery/ajax_update_location.php | Speed: 4ms | IP: ::1
[30-May-2026 21:44:44 Europe/Berlin] [API_HIT] /khatalink/shop/restaurant_dashboard.php | Speed: 7ms | IP: ::1
[30-May-2026 21:44:52 Europe/Berlin] [API_HIT] /khatalink/delivery/ajax_update_location.php | Speed: 6ms | IP: ::1
[30-May-2026 21:45:24 Europe/Berlin] [API_HIT] /khatalink/delivery/ajax_update_location.php | Speed: 5ms | IP: ::1
[30-May-2026 21:45:44 Europe/Berlin] [API_HIT] /khatalink/shop/restaurant_dashboard.php | Speed: 13ms | IP: ::1
[30-May-2026 21:45:55 Europe/Berlin] [API_HIT] /khatalink/delivery/ajax_update_location.php | Speed: 6ms | IP: ::1
[30-May-2026 21:46:23 Europe/Berlin] [API_HIT] /khatalink/delivery/ajax_update_location.php | Speed: 5ms | IP: ::1
[30-May-2026 21:46:45 Europe/Berlin] [API_HIT] /khatalink/shop/restaurant_dashboard.php | Speed: 8ms | IP: ::1
[30-May-2026 21:46:52 Europe/Berlin] [API_HIT] /khatalink/delivery/ajax_update_location.php | Speed: 4ms | IP: ::1
[30-May-2026 21:47:26 Europe/Berlin] [API_HIT] /khatalink/delivery/ajax_update_location.php | Speed: 4ms | IP: ::1
[30-May-2026 21:47:46 Europe/Berlin] [API_HIT] /khatalink/shop/restaurant_dashboard.php | Speed: 102ms | IP: ::1
[30-May-2026 21:47:52 Europe/Berlin] [API_HIT] /khatalink/delivery/ajax_update_location.php | Speed: 4ms | IP: ::1
[30-May-2026 21:48:39 Europe/Berlin] [API_HIT] /khatalink/delivery/ajax_update_location.php | Speed: 5ms | IP: ::1
[30-May-2026 21:48:47 Europe/Berlin] [API_HIT] /khatalink/shop/restaurant_dashboard.php | Speed: 17ms | IP: ::1
[30-May-2026 21:49:41 Europe/Berlin] [API_HIT] /khatalink/delivery/ajax_update_location.php | Speed: 8ms | IP: ::1
[30-May-2026 21:49:48 Europe/Berlin] [API_HIT] /khatalink/shop/restaurant_dashboard.php | Speed: 9ms | IP: ::1
[30-May-2026 21:50:44 Europe/Berlin] [API_HIT] /khatalink/delivery/ajax_update_location.php | Speed: 14ms | IP: ::1
[30-May-2026 21:50:49 Europe/Berlin] [API_HIT] /khatalink/shop/restaurant_dashboard.php | Speed: 11ms | IP: ::1
[30-May-2026 21:51:03 Europe/Berlin] [API_HIT] /khatalink/shop/restaurant_dashboard.php | Speed: 11ms | IP: ::1
[30-May-2026 21:51:08 Europe/Berlin] [API_HIT] /khatalink/delivery/dashboard.php | Speed: 53ms | IP: ::1
[30-May-2026 21:51:12 Europe/Berlin] [API_HIT] /khatalink/delivery/ajax_update_location.php | Speed: 4ms | IP: ::1
[30-May-2026 21:51:19 Europe/Berlin] [API_HIT] /khatalink/delivery/dashboard.php | Speed: 39ms | IP: ::1
[30-May-2026 21:51:23 Europe/Berlin] [API_HIT] /khatalink/delivery/ajax_update_location.php | Speed: 5ms | IP: ::1
[30-May-2026 21:51:25 Europe/Berlin] [API_HIT] /khatalink/delivery/dashboard.php | Speed: 82ms | IP: ::1
[30-May-2026 21:51:25 Europe/Berlin] [API_HIT] /khatalink/delivery/ajax_update_location.php | Speed: 5ms | IP: ::1
[30-May-2026 21:51:59 Europe/Berlin] [API_HIT] /khatalink/delivery/ajax_update_location.php | Speed: 6ms | IP: ::1
[30-May-2026 21:52:11 Europe/Berlin] [API_HIT] /khatalink/delivery/dashboard.php | Speed: 18ms | IP: ::1
[30-May-2026 21:52:47 Europe/Berlin] [API_HIT] /khatalink/delivery/ajax_update_location.php | Speed: 4ms | IP: ::1
[30-May-2026 21:52:47 Europe/Berlin] [API_HIT] /khatalink/delivery/ajax_update_location.php | Speed: 2ms | IP: ::1
[30-May-2026 21:53:04 Europe/Berlin] [API_HIT] /khatalink/shop/restaurant_dashboard.php | Speed: 9ms | IP: ::1
[30-May-2026 21:53:13 Europe/Berlin] [API_HIT] /khatalink/delivery/ajax_update_location.php | Speed: 3ms | IP: ::1
[30-May-2026 21:53:49 Europe/Berlin] [API_HIT] /khatalink/delivery/ajax_update_location.php | Speed: 8ms | IP: ::1
[30-May-2026 21:54:06 Europe/Berlin] [API_HIT] /khatalink/shop/restaurant_dashboard.php | Speed: 10ms | IP: ::1
[30-May-2026 21:54:13 Europe/Berlin] [API_HIT] /khatalink/delivery/ajax_update_location.php | Speed: 5ms | IP: ::1
[30-May-2026 21:54:46 Europe/Berlin] [API_HIT] /khatalink/delivery/ajax_update_location.php | Speed: 4ms | IP: ::1
[30-May-2026 21:55:07 Europe/Berlin] [API_HIT] /khatalink/shop/restaurant_dashboard.php | Speed: 12ms | IP: ::1
[30-May-2026 21:55:19 Europe/Berlin] [API_HIT] /khatalink/delivery/ajax_update_location.php | Speed: 4ms | IP: ::1
[30-May-2026 21:55:47 Europe/Berlin] [API_HIT] /khatalink/delivery/ajax_update_location.php | Speed: 4ms | IP: ::1
[30-May-2026 21:56:09 Europe/Berlin] [API_HIT] /khatalink/shop/restaurant_dashboard.php | Speed: 12ms | IP: ::1
[30-May-2026 21:56:44 Europe/Berlin] [API_HIT] /khatalink/delivery/ajax_update_location.php | Speed: 4ms | IP: ::1
[30-May-2026 21:57:10 Europe/Berlin] [API_HIT] /khatalink/shop/restaurant_dashboard.php | Speed: 8ms | IP: ::1
[30-May-2026 21:57:43 Europe/Berlin] [API_HIT] /khatalink/delivery/ajax_update_location.php | Speed: 5ms | IP: ::1
[30-May-2026 21:58:11 Europe/Berlin] [API_HIT] /khatalink/shop/restaurant_dashboard.php | Speed: 8ms | IP: ::1
[30-May-2026 21:58:43 Europe/Berlin] [API_HIT] /khatalink/delivery/ajax_update_location.php | Speed: 5ms | IP: ::1
[30-May-2026 21:59:01 Europe/Berlin] [API_HIT] /khatalink/shop/restaurant_dashboard.php | Speed: 13ms | IP: ::1
[30-May-2026 21:59:05 Europe/Berlin] [API_HIT] /khatalink/delivery/dashboard.php | Speed: 61ms | IP: ::1
[30-May-2026 21:59:08 Europe/Berlin] [API_HIT] /khatalink/delivery/ajax_update_location.php | Speed: 5ms | IP: ::1
[30-May-2026 21:59:26 Europe/Berlin] [API_HIT] /khatalink/delivery/dashboard.php | Speed: 27ms | IP: ::1
[31-May-2026 01:29:33 Asia/Kolkata] [API_HIT] /khatalink/customer/Food_orders.php | Speed: 5ms | IP: ::1
[30-May-2026 21:59:33 Europe/Berlin] [API_HIT] /khatalink/shop/ajax_check_pickup_code.php?order_id=34 | Speed: 4ms | IP: ::1
[31-May-2026 01:29:36 Asia/Kolkata] [API_HIT] /khatalink/customer/Food_home.php | Speed: 28ms | IP: ::1
[31-May-2026 01:29:37 Asia/Kolkata] [API_HIT] /khatalink/customer/Food_home.php?lat=20.071002&lng=86.221008&radius=6 | Speed: 6ms | IP: ::1
[30-May-2026 21:59:37 Europe/Berlin] [API_HIT] /khatalink/customer/ajax_get_registry_location.php?lat=20.071002&lng=86.221008 | Speed: 9ms | IP: ::1
[30-May-2026 21:59:37 Europe/Berlin] [API_HIT] /khatalink/customer/ajax_get_registry_location.php?lat=20.071002&lng=86.221008 | Speed: 3ms | IP: ::1
[31-May-2026 01:29:39 Asia/Kolkata] [API_HIT] /khatalink/customer/Food_menu.php?shop_id=9&item_id=1 | Speed: 5ms | IP: ::1
[31-May-2026 01:29:47 Asia/Kolkata] [API_HIT] /khatalink/customer/Food_cart.php | Speed: 4ms | IP: ::1
[30-May-2026 21:59:48 Europe/Berlin] [API_HIT] /khatalink/customer/ajax_get_geo_hierarchy.php?type=districts | Speed: 17ms | IP: ::1
[30-May-2026 21:59:51 Europe/Berlin] [API_HIT] /khatalink/customer/ajax_get_registry_location.php?lat=20.071002&lng=86.221008 | Speed: 4ms | IP: ::1
[30-May-2026 21:59:51 Europe/Berlin] [API_HIT] /khatalink/customer/ajax_get_geo_hierarchy.php?type=blocks&district=Jagatsinghpur | Speed: 5ms | IP: ::1
[30-May-2026 21:59:51 Europe/Berlin] [API_HIT] /khatalink/customer/ajax_get_geo_hierarchy.php?type=villages&district=Jagatsinghpur&block=Naugaon | Speed: 5ms | IP: ::1
[30-May-2026 22:00:04 Europe/Berlin] [API_HIT] /khatalink/delivery/ajax_update_location.php | Speed: 18ms | IP: ::1
[30-May-2026 22:00:04 Europe/Berlin] [API_HIT] /khatalink/delivery/ajax_update_location.php | Speed: 3ms | IP: ::1
[31-May-2026 01:30:07 Asia/Kolkata] [API_HIT] /khatalink/customer/Food_checkout.php?shop_id=9&name=Gyana+Ranjan+jena&phone=08456913850&addr=Bank+of+india&landmark=sai+temple&village=Debidol&pincode=754109&block=Naugaon&dist=Jagatsinghpur&lat=20.158754301546000&lng=86.173552506940000 | Speed: 3ms | IP: ::1
[30-May-2026 22:00:15 Europe/Berlin] CREATE_ORDER_DEBUG: Order created ID=36
[30-May-2026 22:00:15 Europe/Berlin] CREATE_ORDER_DEBUG: Item added: Biriyani (extra cheese, curd), Qty=1, Unit=PCS, Price=160
[30-May-2026 22:00:17 Europe/Berlin] FCM HTTP 200 Response for shop (ID: 9): {
  "name": "projects/khatalink-63041/messages/cc758306-ef79-4cbc-a520-ecdd4aa238fa"
}

[30-May-2026 22:00:17 Europe/Berlin] [API_HIT] /khatalink/customer/create_order.php?shop_id=9&ajax=1 | Speed: 2233ms | IP: ::1
[30-May-2026 22:00:19 Europe/Berlin] [API_HIT] /khatalink/customer/Food_order_tracking.php?order_id=36 | Speed: 4ms | IP: ::1
[30-May-2026 22:00:27 Europe/Berlin] [API_HIT] /khatalink/shop/ajax_check_pickup_code.php?order_id=34 | Speed: 3ms | IP: ::1
[30-May-2026 22:00:28 Europe/Berlin] [API_HIT] /khatalink/shop/restaurant_dashboard.php | Speed: 35ms | IP: ::1
[30-May-2026 22:00:31 Europe/Berlin] [API_HIT] /khatalink/delivery/ajax_update_location.php | Speed: 4ms | IP: ::1
[30-May-2026 22:00:32 Europe/Berlin] FCM HTTP 200 Response for customer (ID: 10): {
  "name": "projects/khatalink-63041/messages/d5c41cde-7250-404c-b63c-12b352780341"
}

[30-May-2026 22:00:33 Europe/Berlin] FCM HTTP 200 Response for customer (ID: 10): {
  "name": "projects/khatalink-63041/messages/0:1780171234297716%3a1eff913a1eff91"
}

[30-May-2026 22:00:33 Europe/Berlin] [API_HIT] /khatalink/shop/restaurant_dashboard.php | Speed: 1920ms | IP: ::1
[30-May-2026 22:00:33 Europe/Berlin] [API_HIT] /khatalink/shop/restaurant_dashboard.php?msg=Status+Updated | Speed: 8ms | IP: ::1
[30-May-2026 22:00:35 Europe/Berlin] [API_HIT] /khatalink/customer/ajax_get_order_status.php?order_id=36&customer_id=10 | Speed: 4ms | IP: ::1
[30-May-2026 22:00:35 Europe/Berlin] [API_HIT] /khatalink/customer/Food_order_tracking.php?order_id=36 | Speed: 3ms | IP: ::1
[30-May-2026 22:00:38 Europe/Berlin] FCM HTTP 200 Response for customer (ID: 10): {
  "name": "projects/khatalink-63041/messages/8937a658-dc96-421d-9cf6-d99586f2510a"
}

[30-May-2026 22:00:39 Europe/Berlin] FCM HTTP 200 Response for customer (ID: 10): {
  "name": "projects/khatalink-63041/messages/0:1780171239899718%3a1eff913a1eff91"
}

[30-May-2026 22:00:39 Europe/Berlin] [API_HIT] /khatalink/shop/restaurant_dashboard.php?msg=Status+Updated | Speed: 1770ms | IP: ::1
[30-May-2026 22:00:39 Europe/Berlin] [API_HIT] /khatalink/shop/ajax_check_pickup_code.php?order_id=36 | Speed: 6ms | IP: ::1
[30-May-2026 22:00:39 Europe/Berlin] [API_HIT] /khatalink/shop/restaurant_dashboard.php?msg=Status+Updated | Speed: 9ms | IP: ::1
[30-May-2026 22:00:39 Europe/Berlin] [API_HIT] /khatalink/shop/ajax_check_pickup_code.php?order_id=34 | Speed: 3ms | IP: ::1
[30-May-2026 22:00:42 Europe/Berlin] FCM HTTP 200 Response for shop (ID: 9): {
  "name": "projects/khatalink-63041/messages/2c2d9072-d0b7-4916-bca0-0d0866fe13b0"
}

[30-May-2026 22:00:43 Europe/Berlin] FCM HTTP 200 Response for customer (ID: 10): {
  "name": "projects/khatalink-63041/messages/2fc76109-4d3b-46c2-8999-e2cf1461ac84"
}

[30-May-2026 22:00:44 Europe/Berlin] FCM HTTP 200 Response for customer (ID: 10): {
  "name": "projects/khatalink-63041/messages/0:1780171245016159%3a1eff913a1eff91"
}

[30-May-2026 22:00:44 Europe/Berlin] [API_HIT] /khatalink/shop/restaurant_dashboard.php?msg=Status+Updated | Speed: 2350ms | IP: ::1
[30-May-2026 22:00:44 Europe/Berlin] [API_HIT] /khatalink/shop/restaurant_dashboard.php?msg=Status+Updated | Speed: 8ms | IP: ::1
[30-May-2026 22:00:50 Europe/Berlin] [API_HIT] /khatalink/delivery/dashboard.php | Speed: 45ms | IP: ::1
[30-May-2026 22:00:51 Europe/Berlin] [API_HIT] /khatalink/customer/ajax_get_order_status.php?order_id=36&customer_id=10 | Speed: 3ms | IP: ::1
[30-May-2026 22:00:51 Europe/Berlin] [API_HIT] /khatalink/customer/Food_order_tracking.php?order_id=36 | Speed: 2ms | IP: ::1
[30-May-2026 22:00:56 Europe/Berlin] FCM HTTP 200 Response for shop (ID: 9): {
  "name": "projects/khatalink-63041/messages/2171f455-8c39-4969-8c03-46d124400274"
}

[30-May-2026 22:00:57 Europe/Berlin] FCM HTTP 200 Response for customer (ID: 10): {
  "name": "projects/khatalink-63041/messages/246bd189-7245-4fd3-b066-577ddeaa2014"
}

[30-May-2026 22:00:58 Europe/Berlin] FCM HTTP 200 Response for customer (ID: 10): {
  "name": "projects/khatalink-63041/messages/0:1780171259050131%3a1eff913a1eff91"
}

[30-May-2026 22:00:58 Europe/Berlin] [API_HIT] /khatalink/shop/restaurant_dashboard.php?msg=Status+Updated | Speed: 3667ms | IP: ::1
[30-May-2026 22:00:58 Europe/Berlin] [API_HIT] /khatalink/shop/ajax_check_pickup_code.php?order_id=36 | Speed: 4ms | IP: ::1
[30-May-2026 22:00:58 Europe/Berlin] [API_HIT] /khatalink/shop/restaurant_dashboard.php?msg=Status+Updated | Speed: 7ms | IP: ::1
[30-May-2026 22:00:58 Europe/Berlin] [API_HIT] /khatalink/shop/ajax_check_pickup_code.php?order_id=34 | Speed: 23ms | IP: ::1
[30-May-2026 22:01:01 Europe/Berlin] FCM HTTP 200 Response for shop (ID: 9): {
  "name": "projects/khatalink-63041/messages/7a9f2f6a-1f4b-461e-b0b1-05e6362eb920"
}

[30-May-2026 22:01:03 Europe/Berlin] FCM HTTP 200 Response for customer (ID: 10): {
  "name": "projects/khatalink-63041/messages/f9c554cb-4a40-445e-a7b6-9cd5e4fc6fb8"
}

[30-May-2026 22:01:03 Europe/Berlin] FCM HTTP 200 Response for customer (ID: 10): {
  "name": "projects/khatalink-63041/messages/0:1780171264456770%3a1eff913a1eff91"
}

[30-May-2026 22:01:03 Europe/Berlin] [API_HIT] /khatalink/shop/restaurant_dashboard.php?msg=Status+Updated | Speed: 2629ms | IP: ::1
[30-May-2026 22:01:03 Europe/Berlin] [API_HIT] /khatalink/shop/restaurant_dashboard.php?msg=Status+Updated | Speed: 7ms | IP: ::1
[30-May-2026 22:01:03 Europe/Berlin] [API_HIT] /khatalink/shop/ajax_check_pickup_code.php?order_id=36 | Speed: 2ms | IP: ::1
[30-May-2026 22:01:07 Europe/Berlin] [API_HIT] /khatalink/customer/ajax_get_order_status.php?order_id=36&customer_id=10 | Speed: 5ms | IP: ::1
[30-May-2026 22:01:07 Europe/Berlin] [API_HIT] /khatalink/customer/Food_order_tracking.php?order_id=36 | Speed: 3ms | IP: ::1
[30-May-2026 22:01:11 Europe/Berlin] PHP Warning:  Undefined variable $t in D:\xampp\htdocs\khatalink\delivery\Groceries_tasks.php on line 481
[30-May-2026 22:01:11 Europe/Berlin] PHP Warning:  Trying to access array offset on value of type null in D:\xampp\htdocs\khatalink\delivery\Groceries_tasks.php on line 481
[30-May-2026 22:01:11 Europe/Berlin] [API_HIT] /khatalink/delivery/Groceries_tasks.php | Speed: 18ms | IP: ::1
[30-May-2026 22:01:12 Europe/Berlin] [API_HIT] /khatalink/delivery/ajax_update_location.php | Speed: 7ms | IP: ::1
[30-May-2026 22:01:23 Europe/Berlin] [API_HIT] /khatalink/customer/ajax_get_order_status.php?order_id=36&customer_id=10 | Speed: 4ms | IP: ::1
[30-May-2026 22:01:23 Europe/Berlin] [API_HIT] /khatalink/customer/Food_order_tracking.php?order_id=36 | Speed: 4ms | IP: ::1
[30-May-2026 22:01:39 Europe/Berlin] [API_HIT] /khatalink/customer/ajax_get_order_status.php?order_id=36&customer_id=10 | Speed: 3ms | IP: ::1
[30-May-2026 22:01:40 Europe/Berlin] [API_HIT] /khatalink/customer/Food_order_tracking.php?order_id=36 | Speed: 14ms | IP: ::1
[30-May-2026 22:01:41 Europe/Berlin] [API_HIT] /khatalink/delivery/ajax_update_location.php | Speed: 6ms | IP: ::1
[30-May-2026 22:01:56 Europe/Berlin] [API_HIT] /khatalink/customer/ajax_get_order_status.php?order_id=36&customer_id=10 | Speed: 3ms | IP: ::1
[30-May-2026 22:01:56 Europe/Berlin] [API_HIT] /khatalink/customer/Food_order_tracking.php?order_id=36 | Speed: 4ms | IP: ::1
[30-May-2026 22:01:56 Europe/Berlin] PHP Warning:  Undefined variable $t in D:\xampp\htdocs\khatalink\delivery\Groceries_tasks.php on line 481
[30-May-2026 22:01:56 Europe/Berlin] PHP Warning:  Trying to access array offset on value of type null in D:\xampp\htdocs\khatalink\delivery\Groceries_tasks.php on line 481
[30-May-2026 22:01:56 Europe/Berlin] [API_HIT] /khatalink/delivery/Groceries_tasks.php | Speed: 19ms | IP: ::1
[30-May-2026 22:02:01 Europe/Berlin] [API_HIT] /khatalink/delivery/ajax_update_location.php | Speed: 5ms | IP: ::1
[30-May-2026 22:02:12 Europe/Berlin] [API_HIT] /khatalink/customer/ajax_get_order_status.php?order_id=36&customer_id=10 | Speed: 3ms | IP: ::1
[30-May-2026 22:02:13 Europe/Berlin] [API_HIT] /khatalink/customer/Food_order_tracking.php?order_id=36 | Speed: 4ms | IP: ::1
[30-May-2026 22:02:30 Europe/Berlin] [API_HIT] /khatalink/customer/ajax_get_order_status.php?order_id=36&customer_id=10 | Speed: 3ms | IP: ::1
[30-May-2026 22:02:31 Europe/Berlin] [API_HIT] /khatalink/delivery/ajax_update_location.php | Speed: 3ms | IP: ::1
[30-May-2026 22:02:31 Europe/Berlin] [API_HIT] /khatalink/customer/Food_order_tracking.php?order_id=36 | Speed: 3ms | IP: ::1
[30-May-2026 22:02:42 Europe/Berlin] PHP Warning:  Undefined variable $t in D:\xampp\htdocs\khatalink\delivery\Groceries_tasks.php on line 481
[30-May-2026 22:02:42 Europe/Berlin] PHP Warning:  Trying to access array offset on value of type null in D:\xampp\htdocs\khatalink\delivery\Groceries_tasks.php on line 481
[30-May-2026 22:02:42 Europe/Berlin] [API_HIT] /khatalink/delivery/Groceries_tasks.php | Speed: 36ms | IP: ::1
[30-May-2026 22:02:44 Europe/Berlin] [API_HIT] /khatalink/delivery/ajax_update_location.php | Speed: 4ms | IP: ::1
[30-May-2026 22:02:48 Europe/Berlin] [API_HIT] /khatalink/customer/ajax_get_order_status.php?order_id=36&customer_id=10 | Speed: 3ms | IP: ::1
[30-May-2026 22:02:48 Europe/Berlin] [API_HIT] /khatalink/customer/Food_order_tracking.php?order_id=36 | Speed: 3ms | IP: ::1
[30-May-2026 22:02:50 Europe/Berlin] [API_HIT] /khatalink/shop/ajax_check_pickup_code.php?order_id=36 | Speed: 2ms | IP: ::1
[30-May-2026 22:02:51 Europe/Berlin] [API_HIT] /khatalink/shop/ajax_check_pickup_code.php?order_id=34 | Speed: 5ms | IP: ::1
[30-May-2026 22:02:53 Europe/Berlin] FCM HTTP 200 Response for shop (ID: 9): {
  "name": "projects/khatalink-63041/messages/d267dff9-0f52-4e5f-b97e-a0e9c0f8f4d5"
}

[30-May-2026 22:02:55 Europe/Berlin] FCM HTTP 200 Response for customer (ID: 10): {
  "name": "projects/khatalink-63041/messages/83923979-13e2-4a8a-81d7-bc398e3a0c5a"
}

[30-May-2026 22:02:56 Europe/Berlin] FCM HTTP 200 Response for customer (ID: 10): {
  "name": "projects/khatalink-63041/messages/0:1780171376969843%3a1eff913a1eff91"
}

[30-May-2026 22:02:56 Europe/Berlin] [API_HIT] /khatalink/shop/restaurant_dashboard.php?msg=Status+Updated | Speed: 4655ms | IP: ::1
[30-May-2026 22:02:56 Europe/Berlin] [API_HIT] /khatalink/shop/ajax_check_pickup_code.php?order_id=36 | Speed: 2ms | IP: ::1
[30-May-2026 22:02:56 Europe/Berlin] [API_HIT] /khatalink/shop/restaurant_dashboard.php?msg=Status+Updated | Speed: 7ms | IP: ::1
[30-May-2026 22:02:56 Europe/Berlin] [API_HIT] /khatalink/shop/ajax_check_pickup_code.php?order_id=34 | Speed: 2ms | IP: ::1
[30-May-2026 22:03:01 Europe/Berlin] [API_HIT] /khatalink/shop/ajax_check_pickup_code.php?order_id=36 | Speed: 3ms | IP: ::1
[30-May-2026 22:03:02 Europe/Berlin] [API_HIT] /khatalink/shop/ajax_check_pickup_code.php?order_id=34 | Speed: 2ms | IP: ::1
[30-May-2026 22:03:04 Europe/Berlin] [API_HIT] /khatalink/customer/ajax_get_order_status.php?order_id=36&customer_id=10 | Speed: 4ms | IP: ::1
[30-May-2026 22:03:04 Europe/Berlin] [API_HIT] /khatalink/customer/Food_order_tracking.php?order_id=36 | Speed: 3ms | IP: ::1
[30-May-2026 22:03:06 Europe/Berlin] [API_HIT] /khatalink/shop/ajax_check_pickup_code.php?order_id=36 | Speed: 2ms | IP: ::1
[30-May-2026 22:03:07 Europe/Berlin] [API_HIT] /khatalink/shop/ajax_check_pickup_code.php?order_id=34 | Speed: 3ms | IP: ::1
[30-May-2026 22:03:12 Europe/Berlin] [API_HIT] /khatalink/shop/ajax_check_pickup_code.php?order_id=36 | Speed: 3ms | IP: ::1
[30-May-2026 22:03:12 Europe/Berlin] [API_HIT] /khatalink/shop/ajax_check_pickup_code.php?order_id=34 | Speed: 2ms | IP: ::1
[30-May-2026 22:03:17 Europe/Berlin] [API_HIT] /khatalink/shop/ajax_check_pickup_code.php?order_id=36 | Speed: 3ms | IP: ::1
[30-May-2026 22:03:18 Europe/Berlin] [API_HIT] /khatalink/shop/ajax_check_pickup_code.php?order_id=34 | Speed: 2ms | IP: ::1
[30-May-2026 22:03:22 Europe/Berlin] [API_HIT] /khatalink/shop/ajax_check_pickup_code.php?order_id=36 | Speed: 2ms | IP: ::1
[30-May-2026 22:03:22 Europe/Berlin] [API_HIT] /khatalink/shop/ajax_check_pickup_code.php?order_id=34 | Speed: 27ms | IP: ::1
[30-May-2026 22:03:26 Europe/Berlin] [API_HIT] /khatalink/shop/ajax_check_pickup_code.php?order_id=36 | Speed: 26ms | IP: ::1
[30-May-2026 22:03:27 Europe/Berlin] [API_HIT] /khatalink/shop/ajax_check_pickup_code.php?order_id=34 | Speed: 2ms | IP: ::1
[30-May-2026 22:03:28 Europe/Berlin] [API_HIT] /khatalink/customer/ajax_get_order_status.php?order_id=36&customer_id=10 | Speed: 3ms | IP: ::1
[30-May-2026 22:03:29 Europe/Berlin] [API_HIT] /khatalink/delivery/ajax_update_location.php | Speed: 5ms | IP: ::1
[30-May-2026 22:03:29 Europe/Berlin] PHP Warning:  Undefined variable $t in D:\xampp\htdocs\khatalink\delivery\Groceries_tasks.php on line 481
[30-May-2026 22:03:29 Europe/Berlin] PHP Warning:  Trying to access array offset on value of type null in D:\xampp\htdocs\khatalink\delivery\Groceries_tasks.php on line 481
[30-May-2026 22:03:29 Europe/Berlin] [API_HIT] /khatalink/delivery/Groceries_tasks.php | Speed: 26ms | IP: ::1
[30-May-2026 22:03:31 Europe/Berlin] [API_HIT] /khatalink/shop/ajax_check_pickup_code.php?order_id=36 | Speed: 9ms | IP: ::1
[30-May-2026 22:03:32 Europe/Berlin] [API_HIT] /khatalink/shop/ajax_check_pickup_code.php?order_id=34 | Speed: 6ms | IP: ::1
[30-May-2026 22:03:33 Europe/Berlin] [API_HIT] /khatalink/delivery/ajax_update_location.php | Speed: 3ms | IP: ::1
[30-May-2026 22:03:33 Europe/Berlin] [API_HIT] /khatalink/customer/Food_order_tracking.php?order_id=36 | Speed: 133ms | IP: ::1
[30-May-2026 22:03:36 Europe/Berlin] [API_HIT] /khatalink/shop/ajax_check_pickup_code.php?order_id=36 | Speed: 3ms | IP: ::1
[30-May-2026 22:03:37 Europe/Berlin] [API_HIT] /khatalink/shop/ajax_check_pickup_code.php?order_id=34 | Speed: 2ms | IP: ::1
[30-May-2026 22:03:42 Europe/Berlin] [API_HIT] /khatalink/shop/ajax_check_pickup_code.php?order_id=36 | Speed: 9ms | IP: ::1
[30-May-2026 22:03:42 Europe/Berlin] [API_HIT] /khatalink/shop/ajax_check_pickup_code.php?order_id=34 | Speed: 3ms | IP: ::1
[30-May-2026 22:03:46 Europe/Berlin] [API_HIT] /khatalink/shop/ajax_check_pickup_code.php?order_id=36 | Speed: 2ms | IP: ::1
[30-May-2026 22:03:47 Europe/Berlin] [API_HIT] /khatalink/shop/ajax_check_pickup_code.php?order_id=34 | Speed: 2ms | IP: ::1
[30-May-2026 22:03:50 Europe/Berlin] [API_HIT] /khatalink/customer/ajax_get_order_status.php?order_id=36&customer_id=10 | Speed: 3ms | IP: ::1
[30-May-2026 22:03:50 Europe/Berlin] [API_HIT] /khatalink/customer/Food_order_tracking.php?order_id=36 | Speed: 3ms | IP: ::1
[30-May-2026 22:03:51 Europe/Berlin] [API_HIT] /khatalink/shop/ajax_check_pickup_code.php?order_id=36 | Speed: 3ms | IP: ::1
[30-May-2026 22:03:52 Europe/Berlin] [API_HIT] /khatalink/shop/ajax_check_pickup_code.php?order_id=34 | Speed: 3ms | IP: ::1
[30-May-2026 22:03:57 Europe/Berlin] [API_HIT] /khatalink/shop/ajax_check_pickup_code.php?order_id=36 | Speed: 3ms | IP: ::1
[30-May-2026 22:03:57 Europe/Berlin] [API_HIT] /khatalink/shop/ajax_check_pickup_code.php?order_id=34 | Speed: 3ms | IP: ::1
[30-May-2026 22:04:02 Europe/Berlin] [API_HIT] /khatalink/shop/ajax_check_pickup_code.php?order_id=36 | Speed: 62ms | IP: ::1
[30-May-2026 22:04:02 Europe/Berlin] [API_HIT] /khatalink/shop/ajax_check_pickup_code.php?order_id=34 | Speed: 3ms | IP: ::1
[30-May-2026 22:04:04 Europe/Berlin] [API_HIT] /khatalink/delivery/ajax_update_location.php | Speed: 5ms | IP: ::1
[30-May-2026 22:04:06 Europe/Berlin] [API_HIT] /khatalink/customer/ajax_get_order_status.php?order_id=36&customer_id=10 | Speed: 3ms | IP: ::1
[30-May-2026 22:04:06 Europe/Berlin] [API_HIT] /khatalink/customer/Food_order_tracking.php?order_id=36 | Speed: 5ms | IP: ::1
[30-May-2026 22:04:06 Europe/Berlin] [API_HIT] /khatalink/shop/ajax_check_pickup_code.php?order_id=36 | Speed: 3ms | IP: ::1
[30-May-2026 22:04:07 Europe/Berlin] [API_HIT] /khatalink/shop/ajax_check_pickup_code.php?order_id=34 | Speed: 2ms | IP: ::1
[30-May-2026 22:04:11 Europe/Berlin] [API_HIT] /khatalink/shop/ajax_check_pickup_code.php?order_id=36 | Speed: 2ms | IP: ::1
[30-May-2026 22:04:12 Europe/Berlin] [API_HIT] /khatalink/shop/ajax_check_pickup_code.php?order_id=34 | Speed: 2ms | IP: ::1
[30-May-2026 22:04:16 Europe/Berlin] PHP Warning:  Undefined variable $t in D:\xampp\htdocs\khatalink\delivery\Groceries_tasks.php on line 481
[30-May-2026 22:04:16 Europe/Berlin] PHP Warning:  Trying to access array offset on value of type null in D:\xampp\htdocs\khatalink\delivery\Groceries_tasks.php on line 481
[30-May-2026 22:04:16 Europe/Berlin] [API_HIT] /khatalink/delivery/Groceries_tasks.php | Speed: 28ms | IP: ::1
[30-May-2026 22:04:17 Europe/Berlin] [API_HIT] /khatalink/shop/ajax_check_pickup_code.php?order_id=36 | Speed: 2ms | IP: ::1
[30-May-2026 22:04:17 Europe/Berlin] [API_HIT] /khatalink/shop/ajax_check_pickup_code.php?order_id=34 | Speed: 3ms | IP: ::1
[30-May-2026 22:04:21 Europe/Berlin] [API_HIT] /khatalink/shop/ajax_check_pickup_code.php?order_id=36 | Speed: 3ms | IP: ::1
[30-May-2026 22:04:21 Europe/Berlin] [API_HIT] /khatalink/delivery/ajax_update_location.php | Speed: 6ms | IP: ::1
[30-May-2026 22:04:22 Europe/Berlin] [API_HIT] /khatalink/customer/ajax_get_order_status.php?order_id=36&customer_id=10 | Speed: 3ms | IP: ::1
[30-May-2026 22:04:22 Europe/Berlin] [API_HIT] /khatalink/shop/ajax_check_pickup_code.php?order_id=34 | Speed: 3ms | IP: ::1
[30-May-2026 22:04:22 Europe/Berlin] [API_HIT] /khatalink/customer/Food_order_tracking.php?order_id=36 | Speed: 3ms | IP: ::1
[30-May-2026 22:04:26 Europe/Berlin] [API_HIT] /khatalink/shop/ajax_check_pickup_code.php?order_id=36 | Speed: 2ms | IP: ::1
[30-May-2026 22:04:27 Europe/Berlin] [API_HIT] /khatalink/shop/ajax_check_pickup_code.php?order_id=34 | Speed: 2ms | IP: ::1
[30-May-2026 22:04:31 Europe/Berlin] [API_HIT] /khatalink/shop/ajax_check_pickup_code.php?order_id=36 | Speed: 3ms | IP: ::1
[30-May-2026 22:04:32 Europe/Berlin] [API_HIT] /khatalink/shop/ajax_check_pickup_code.php?order_id=34 | Speed: 3ms | IP: ::1
[30-May-2026 22:04:36 Europe/Berlin] [API_HIT] /khatalink/shop/ajax_check_pickup_code.php?order_id=36 | Speed: 3ms | IP: ::1
[30-May-2026 22:04:37 Europe/Berlin] [API_HIT] /khatalink/shop/ajax_check_pickup_code.php?order_id=34 | Speed: 3ms | IP: ::1
[30-May-2026 22:04:39 Europe/Berlin] [API_HIT] /khatalink/customer/ajax_get_order_status.php?order_id=36&customer_id=10 | Speed: 3ms | IP: ::1
[30-May-2026 22:04:39 Europe/Berlin] [API_HIT] /khatalink/customer/Food_order_tracking.php?order_id=36 | Speed: 2ms | IP: ::1
[30-May-2026 22:04:41 Europe/Berlin] [API_HIT] /khatalink/shop/ajax_check_pickup_code.php?order_id=36 | Speed: 2ms | IP: ::1
[30-May-2026 22:04:42 Europe/Berlin] [API_HIT] /khatalink/shop/ajax_check_pickup_code.php?order_id=34 | Speed: 2ms | IP: ::1
[30-May-2026 22:04:47 Europe/Berlin] [API_HIT] /khatalink/shop/ajax_check_pickup_code.php?order_id=36 | Speed: 3ms | IP: ::1
[30-May-2026 22:04:47 Europe/Berlin] [API_HIT] /khatalink/shop/ajax_check_pickup_code.php?order_id=34 | Speed: 2ms | IP: ::1
[30-May-2026 22:04:52 Europe/Berlin] [API_HIT] /khatalink/shop/ajax_check_pickup_code.php?order_id=36 | Speed: 2ms | IP: ::1
[30-May-2026 22:04:52 Europe/Berlin] [API_HIT] /khatalink/shop/ajax_check_pickup_code.php?order_id=34 | Speed: 4ms | IP: ::1
[30-May-2026 22:04:52 Europe/Berlin] [API_HIT] /khatalink/delivery/ajax_update_location.php | Speed: 5ms | IP: ::1
[30-May-2026 22:04:54 Europe/Berlin] [API_HIT] /khatalink/customer/ajax_get_order_status.php?order_id=36&customer_id=10 | Speed: 3ms | IP: ::1
[30-May-2026 22:04:55 Europe/Berlin] [API_HIT] /khatalink/customer/Food_order_tracking.php?order_id=36 | Speed: 3ms | IP: ::1
[30-May-2026 22:04:56 Europe/Berlin] [API_HIT] /khatalink/shop/ajax_check_pickup_code.php?order_id=36 | Speed: 3ms | IP: ::1
[30-May-2026 22:04:57 Europe/Berlin] [API_HIT] /khatalink/shop/ajax_check_pickup_code.php?order_id=34 | Speed: 2ms | IP: ::1
[30-May-2026 22:05:01 Europe/Berlin] [API_HIT] /khatalink/shop/ajax_check_pickup_code.php?order_id=36 | Speed: 3ms | IP: ::1
[30-May-2026 22:05:02 Europe/Berlin] [API_HIT] /khatalink/shop/ajax_check_pickup_code.php?order_id=34 | Speed: 3ms | IP: ::1
[30-May-2026 22:05:05 Europe/Berlin] PHP Warning:  Undefined variable $t in D:\xampp\htdocs\khatalink\delivery\Groceries_tasks.php on line 481
[30-May-2026 22:05:05 Europe/Berlin] PHP Warning:  Trying to access array offset on value of type null in D:\xampp\htdocs\khatalink\delivery\Groceries_tasks.php on line 481
[30-May-2026 22:05:05 Europe/Berlin] [API_HIT] /khatalink/delivery/Groceries_tasks.php | Speed: 28ms | IP: ::1
[30-May-2026 22:05:07 Europe/Berlin] [API_HIT] /khatalink/shop/ajax_check_pickup_code.php?order_id=36 | Speed: 5ms | IP: ::1
[30-May-2026 22:05:07 Europe/Berlin] [API_HIT] /khatalink/shop/ajax_check_pickup_code.php?order_id=34 | Speed: 3ms | IP: ::1
[30-May-2026 22:05:08 Europe/Berlin] [API_HIT] /khatalink/delivery/ajax_update_location.php | Speed: 29ms | IP: ::1
[30-May-2026 22:05:11 Europe/Berlin] [API_HIT] /khatalink/customer/ajax_get_order_status.php?order_id=36&customer_id=10 | Speed: 15ms | IP: ::1
[30-May-2026 22:05:11 Europe/Berlin] [API_HIT] /khatalink/customer/Food_order_tracking.php?order_id=36 | Speed: 3ms | IP: ::1
[30-May-2026 22:05:11 Europe/Berlin] [API_HIT] /khatalink/shop/ajax_check_pickup_code.php?order_id=36 | Speed: 13ms | IP: ::1
[30-May-2026 22:05:12 Europe/Berlin] [API_HIT] /khatalink/shop/ajax_check_pickup_code.php?order_id=34 | Speed: 2ms | IP: ::1
[30-May-2026 22:05:16 Europe/Berlin] [API_HIT] /khatalink/shop/ajax_check_pickup_code.php?order_id=36 | Speed: 2ms | IP: ::1
[30-May-2026 22:05:17 Europe/Berlin] [API_HIT] /khatalink/shop/ajax_check_pickup_code.php?order_id=34 | Speed: 3ms | IP: ::1
[30-May-2026 22:05:21 Europe/Berlin] [API_HIT] /khatalink/shop/ajax_check_pickup_code.php?order_id=36 | Speed: 2ms | IP: ::1
[30-May-2026 22:05:22 Europe/Berlin] [API_HIT] /khatalink/shop/ajax_check_pickup_code.php?order_id=34 | Speed: 3ms | IP: ::1
[30-May-2026 22:05:26 Europe/Berlin] [API_HIT] /khatalink/shop/ajax_check_pickup_code.php?order_id=36 | Speed: 3ms | IP: ::1
[30-May-2026 22:05:27 Europe/Berlin] [API_HIT] /khatalink/customer/ajax_get_order_status.php?order_id=36&customer_id=10 | Speed: 3ms | IP: ::1
[30-May-2026 22:05:27 Europe/Berlin] [API_HIT] /khatalink/shop/ajax_check_pickup_code.php?order_id=34 | Speed: 3ms | IP: ::1
[30-May-2026 22:05:27 Europe/Berlin] [API_HIT] /khatalink/customer/Food_order_tracking.php?order_id=36 | Speed: 3ms | IP: ::1
[30-May-2026 22:05:32 Europe/Berlin] [API_HIT] /khatalink/shop/ajax_check_pickup_code.php?order_id=36 | Speed: 3ms | IP: ::1
[30-May-2026 22:05:32 Europe/Berlin] [API_HIT] /khatalink/shop/ajax_check_pickup_code.php?order_id=34 | Speed: 3ms | IP: ::1
[30-May-2026 22:05:35 Europe/Berlin] FCM HTTP 200 Response for shop (ID: 9): {
  "name": "projects/khatalink-63041/messages/5081fd3d-23e4-466f-a433-521755c42b5d"
}

[30-May-2026 22:05:37 Europe/Berlin] FCM HTTP 200 Response for customer (ID: 10): {
  "name": "projects/khatalink-63041/messages/8e65f867-cece-48a4-bf33-2835d7476c2f"
}

[30-May-2026 22:05:37 Europe/Berlin] FCM HTTP 200 Response for customer (ID: 10): {
  "name": "projects/khatalink-63041/messages/0:1780171538577074%3a1eff913a1eff91"
}

[30-May-2026 22:05:37 Europe/Berlin] [API_HIT] /khatalink/shop/restaurant_dashboard.php?msg=Status+Updated | Speed: 3172ms | IP: ::1
[30-May-2026 22:05:38 Europe/Berlin] [API_HIT] /khatalink/shop/ajax_check_pickup_code.php?order_id=36 | Speed: 48ms | IP: ::1
[30-May-2026 22:05:38 Europe/Berlin] [API_HIT] /khatalink/shop/ajax_check_pickup_code.php?order_id=34 | Speed: 3ms | IP: ::1
[30-May-2026 22:05:38 Europe/Berlin] [API_HIT] /khatalink/shop/restaurant_dashboard.php?msg=Status+Updated | Speed: 8ms | IP: ::1
[30-May-2026 22:05:41 Europe/Berlin] [API_HIT] /khatalink/delivery/ajax_update_location.php | Speed: 4ms | IP: ::1
[30-May-2026 22:05:43 Europe/Berlin] [API_HIT] /khatalink/customer/ajax_get_order_status.php?order_id=36&customer_id=10 | Speed: 3ms | IP: ::1
[30-May-2026 22:05:43 Europe/Berlin] [API_HIT] /khatalink/customer/Food_order_tracking.php?order_id=36 | Speed: 4ms | IP: ::1
[30-May-2026 22:05:44 Europe/Berlin] [API_HIT] /khatalink/shop/ajax_check_pickup_code.php?order_id=36 | Speed: 3ms | IP: ::1
[30-May-2026 22:05:44 Europe/Berlin] [API_HIT] /khatalink/shop/ajax_check_pickup_code.php?order_id=34 | Speed: 2ms | IP: ::1
[30-May-2026 22:05:49 Europe/Berlin] [API_HIT] /khatalink/shop/ajax_check_pickup_code.php?order_id=36 | Speed: 3ms | IP: ::1
[30-May-2026 22:05:49 Europe/Berlin] [API_HIT] /khatalink/shop/ajax_check_pickup_code.php?order_id=34 | Speed: 2ms | IP: ::1
[30-May-2026 22:05:52 Europe/Berlin] [API_HIT] /khatalink/delivery/Groceries_tasks.php | Speed: 25ms | IP: ::1
[30-May-2026 22:05:54 Europe/Berlin] [API_HIT] /khatalink/shop/ajax_check_pickup_code.php?order_id=36 | Speed: 3ms | IP: ::1
[30-May-2026 22:05:55 Europe/Berlin] [API_HIT] /khatalink/shop/ajax_check_pickup_code.php?order_id=34 | Speed: 3ms | IP: ::1
[30-May-2026 22:05:57 Europe/Berlin] [API_HIT] /khatalink/delivery/ajax_update_location.php | Speed: 4ms | IP: ::1
[30-May-2026 22:05:59 Europe/Berlin] [API_HIT] /khatalink/customer/ajax_get_order_status.php?order_id=36&customer_id=10 | Speed: 3ms | IP: ::1
[30-May-2026 22:05:59 Europe/Berlin] [API_HIT] /khatalink/customer/Food_order_tracking.php?order_id=36 | Speed: 3ms | IP: ::1
[30-May-2026 22:05:59 Europe/Berlin] [API_HIT] /khatalink/shop/ajax_check_pickup_code.php?order_id=36 | Speed: 5ms | IP: ::1
[30-May-2026 22:05:59 Europe/Berlin] [API_HIT] /khatalink/shop/ajax_check_pickup_code.php?order_id=34 | Speed: 3ms | IP: ::1
[30-May-2026 22:06:04 Europe/Berlin] [API_HIT] /khatalink/shop/ajax_check_pickup_code.php?order_id=36 | Speed: 2ms | IP: ::1
[30-May-2026 22:06:04 Europe/Berlin] [API_HIT] /khatalink/shop/ajax_check_pickup_code.php?order_id=34 | Speed: 2ms | IP: ::1
[30-May-2026 22:06:09 Europe/Berlin] [API_HIT] /khatalink/shop/ajax_check_pickup_code.php?order_id=36 | Speed: 3ms | IP: ::1
[30-May-2026 22:06:09 Europe/Berlin] [API_HIT] /khatalink/shop/ajax_check_pickup_code.php?order_id=34 | Speed: 3ms | IP: ::1
[30-May-2026 22:06:14 Europe/Berlin] [API_HIT] /khatalink/shop/ajax_check_pickup_code.php?order_id=36 | Speed: 3ms | IP: ::1
[30-May-2026 22:06:14 Europe/Berlin] [API_HIT] /khatalink/shop/ajax_check_pickup_code.php?order_id=34 | Speed: 4ms | IP: ::1
[30-May-2026 22:06:15 Europe/Berlin] [API_HIT] /khatalink/customer/ajax_get_order_status.php?order_id=36&customer_id=10 | Speed: 2ms | IP: ::1
[30-May-2026 22:06:15 Europe/Berlin] [API_HIT] /khatalink/customer/Food_order_tracking.php?order_id=36 | Speed: 4ms | IP: ::1
[30-May-2026 22:06:19 Europe/Berlin] [API_HIT] /khatalink/shop/ajax_check_pickup_code.php?order_id=36 | Speed: 2ms | IP: ::1
[30-May-2026 22:06:19 Europe/Berlin] [API_HIT] /khatalink/shop/ajax_check_pickup_code.php?order_id=34 | Speed: 2ms | IP: ::1
[30-May-2026 22:06:25 Europe/Berlin] [API_HIT] /khatalink/shop/ajax_check_pickup_code.php?order_id=36 | Speed: 2ms | IP: ::1
[30-May-2026 22:06:25 Europe/Berlin] [API_HIT] /khatalink/shop/ajax_check_pickup_code.php?order_id=34 | Speed: 4ms | IP: ::1
[30-May-2026 22:06:27 Europe/Berlin] [API_HIT] /khatalink/delivery/ajax_update_location.php | Speed: 4ms | IP: ::1
[30-May-2026 22:06:29 Europe/Berlin] [API_HIT] /khatalink/shop/ajax_check_pickup_code.php?order_id=36 | Speed: 3ms | IP: ::1
[30-May-2026 22:06:29 Europe/Berlin] [API_HIT] /khatalink/shop/ajax_check_pickup_code.php?order_id=34 | Speed: 3ms | IP: ::1
[30-May-2026 22:06:31 Europe/Berlin] [API_HIT] /khatalink/customer/ajax_get_order_status.php?order_id=36&customer_id=10 | Speed: 2ms | IP: ::1
[30-May-2026 22:06:31 Europe/Berlin] [API_HIT] /khatalink/customer/Food_order_tracking.php?order_id=36 | Speed: 3ms | IP: ::1
[30-May-2026 22:06:34 Europe/Berlin] [API_HIT] /khatalink/shop/ajax_check_pickup_code.php?order_id=36 | Speed: 2ms | IP: ::1
[30-May-2026 22:06:34 Europe/Berlin] [API_HIT] /khatalink/shop/ajax_check_pickup_code.php?order_id=34 | Speed: 2ms | IP: ::1
[30-May-2026 22:06:38 Europe/Berlin] [API_HIT] /khatalink/delivery/Groceries_tasks.php | Speed: 48ms | IP: ::1
[30-May-2026 22:06:38 Europe/Berlin] [API_HIT] /khatalink/delivery/ajax_update_location.php | Speed: 4ms | IP: ::1
[30-May-2026 22:06:39 Europe/Berlin] [API_HIT] /khatalink/shop/ajax_check_pickup_code.php?order_id=36 | Speed: 2ms | IP: ::1
[30-May-2026 22:06:39 Europe/Berlin] [API_HIT] /khatalink/shop/ajax_check_pickup_code.php?order_id=34 | Speed: 2ms | IP: ::1
[30-May-2026 22:06:44 Europe/Berlin] [API_HIT] /khatalink/shop/ajax_check_pickup_code.php?order_id=36 | Speed: 3ms | IP: ::1
[30-May-2026 22:06:44 Europe/Berlin] [API_HIT] /khatalink/shop/ajax_check_pickup_code.php?order_id=34 | Speed: 2ms | IP: ::1
[30-May-2026 22:06:47 Europe/Berlin] [API_HIT] /khatalink/customer/ajax_get_order_status.php?order_id=36&customer_id=10 | Speed: 2ms | IP: ::1
[30-May-2026 22:06:47 Europe/Berlin] [API_HIT] /khatalink/customer/Food_order_tracking.php?order_id=36 | Speed: 3ms | IP: ::1
[30-May-2026 22:06:49 Europe/Berlin] [API_HIT] /khatalink/shop/ajax_check_pickup_code.php?order_id=36 | Speed: 3ms | IP: ::1
[30-May-2026 22:06:49 Europe/Berlin] [API_HIT] /khatalink/shop/ajax_check_pickup_code.php?order_id=34 | Speed: 3ms | IP: ::1
[30-May-2026 22:06:54 Europe/Berlin] [API_HIT] /khatalink/shop/ajax_check_pickup_code.php?order_id=36 | Speed: 3ms | IP: ::1
[30-May-2026 22:06:54 Europe/Berlin] [API_HIT] /khatalink/shop/ajax_check_pickup_code.php?order_id=34 | Speed: 2ms | IP: ::1
[30-May-2026 22:06:59 Europe/Berlin] [API_HIT] /khatalink/shop/ajax_check_pickup_code.php?order_id=36 | Speed: 3ms | IP: ::1
[30-May-2026 22:06:59 Europe/Berlin] [API_HIT] /khatalink/shop/ajax_check_pickup_code.php?order_id=34 | Speed: 2ms | IP: ::1
[30-May-2026 22:07:03 Europe/Berlin] [API_HIT] /khatalink/customer/ajax_get_order_status.php?order_id=36&customer_id=10 | Speed: 2ms | IP: ::1
[30-May-2026 22:07:03 Europe/Berlin] [API_HIT] /khatalink/customer/Food_order_tracking.php?order_id=36 | Speed: 3ms | IP: ::1
[30-May-2026 22:07:04 Europe/Berlin] [API_HIT] /khatalink/shop/ajax_check_pickup_code.php?order_id=36 | Speed: 2ms | IP: ::1
[30-May-2026 22:07:04 Europe/Berlin] [API_HIT] /khatalink/shop/ajax_check_pickup_code.php?order_id=34 | Speed: 2ms | IP: ::1
[30-May-2026 22:07:09 Europe/Berlin] [API_HIT] /khatalink/shop/ajax_check_pickup_code.php?order_id=36 | Speed: 2ms | IP: ::1
[30-May-2026 22:07:10 Europe/Berlin] [API_HIT] /khatalink/shop/ajax_check_pickup_code.php?order_id=34 | Speed: 2ms | IP: ::1
[30-May-2026 22:07:13 Europe/Berlin] [API_HIT] /khatalink/delivery/ajax_update_location.php | Speed: 9ms | IP: ::1
[30-May-2026 22:07:14 Europe/Berlin] [API_HIT] /khatalink/shop/ajax_check_pickup_code.php?order_id=36 | Speed: 4ms | IP: ::1
[30-May-2026 22:07:14 Europe/Berlin] [API_HIT] /khatalink/shop/ajax_check_pickup_code.php?order_id=34 | Speed: 3ms | IP: ::1
[30-May-2026 22:07:19 Europe/Berlin] [API_HIT] /khatalink/customer/ajax_get_order_status.php?order_id=36&customer_id=10 | Speed: 5ms | IP: ::1
[30-May-2026 22:07:19 Europe/Berlin] [API_HIT] /khatalink/customer/Food_order_tracking.php?order_id=36 | Speed: 3ms | IP: ::1
[30-May-2026 22:07:19 Europe/Berlin] [API_HIT] /khatalink/shop/ajax_check_pickup_code.php?order_id=36 | Speed: 3ms | IP: ::1
[30-May-2026 22:07:19 Europe/Berlin] [API_HIT] /khatalink/shop/ajax_check_pickup_code.php?order_id=34 | Speed: 3ms | IP: ::1
[30-May-2026 22:07:24 Europe/Berlin] [API_HIT] /khatalink/delivery/Groceries_tasks.php | Speed: 26ms | IP: ::1
[30-May-2026 22:07:24 Europe/Berlin] [API_HIT] /khatalink/shop/ajax_check_pickup_code.php?order_id=36 | Speed: 3ms | IP: ::1
[30-May-2026 22:07:24 Europe/Berlin] [API_HIT] /khatalink/delivery/ajax_update_location.php | Speed: 3ms | IP: ::1
[30-May-2026 22:07:24 Europe/Berlin] [API_HIT] /khatalink/shop/ajax_check_pickup_code.php?order_id=34 | Speed: 2ms | IP: ::1
[30-May-2026 22:07:29 Europe/Berlin] [API_HIT] /khatalink/shop/ajax_check_pickup_code.php?order_id=36 | Speed: 2ms | IP: ::1
[30-May-2026 22:07:29 Europe/Berlin] [API_HIT] /khatalink/shop/ajax_check_pickup_code.php?order_id=34 | Speed: 3ms | IP: ::1
[30-May-2026 22:07:34 Europe/Berlin] [API_HIT] /khatalink/shop/ajax_check_pickup_code.php?order_id=36 | Speed: 4ms | IP: ::1
[30-May-2026 22:07:34 Europe/Berlin] [API_HIT] /khatalink/shop/ajax_check_pickup_code.php?order_id=34 | Speed: 3ms | IP: ::1
[30-May-2026 22:07:35 Europe/Berlin] [API_HIT] /khatalink/customer/ajax_get_order_status.php?order_id=36&customer_id=10 | Speed: 3ms | IP: ::1
[30-May-2026 22:07:35 Europe/Berlin] [API_HIT] /khatalink/customer/Food_order_tracking.php?order_id=36 | Speed: 3ms | IP: ::1
[30-May-2026 22:07:38 Europe/Berlin] [API_HIT] /khatalink/delivery/dashboard.php | Speed: 49ms | IP: ::1
[30-May-2026 22:07:43 Europe/Berlin] [API_HIT] /khatalink/delivery/Groceries_tasks.php | Speed: 29ms | IP: ::1
[30-May-2026 22:07:44 Europe/Berlin] [API_HIT] /khatalink/delivery/ajax_update_location.php | Speed: 3ms | IP: ::1
[30-May-2026 22:07:45 Europe/Berlin] [API_HIT] /khatalink/delivery/dashboard.php | Speed: 20ms | IP: ::1
[30-May-2026 22:07:46 Europe/Berlin] [API_HIT] /khatalink/delivery/ajax_update_location.php | Speed: 3ms | IP: ::1
[30-May-2026 22:07:49 Europe/Berlin] [API_HIT] /khatalink/shop/ajax_check_pickup_code.php?order_id=36 | Speed: 3ms | IP: ::1
[30-May-2026 22:07:49 Europe/Berlin] [API_HIT] /khatalink/shop/ajax_check_pickup_code.php?order_id=34 | Speed: 2ms | IP: ::1
[30-May-2026 22:07:51 Europe/Berlin] [API_HIT] /khatalink/customer/ajax_get_order_status.php?order_id=36&customer_id=10 | Speed: 3ms | IP: ::1
[30-May-2026 22:07:51 Europe/Berlin] [API_HIT] /khatalink/customer/Food_order_tracking.php?order_id=36 | Speed: 3ms | IP: ::1
[30-May-2026 22:07:54 Europe/Berlin] [API_HIT] /khatalink/shop/ajax_check_pickup_code.php?order_id=36 | Speed: 3ms | IP: ::1
[30-May-2026 22:07:54 Europe/Berlin] [API_HIT] /khatalink/shop/ajax_check_pickup_code.php?order_id=34 | Speed: 2ms | IP: ::1
[30-May-2026 22:07:59 Europe/Berlin] [API_HIT] /khatalink/shop/ajax_check_pickup_code.php?order_id=36 | Speed: 3ms | IP: ::1
[30-May-2026 22:07:59 Europe/Berlin] [API_HIT] /khatalink/shop/ajax_check_pickup_code.php?order_id=34 | Speed: 2ms | IP: ::1
[30-May-2026 22:08:04 Europe/Berlin] [API_HIT] /khatalink/shop/ajax_check_pickup_code.php?order_id=36 | Speed: 3ms | IP: ::1
[30-May-2026 22:08:04 Europe/Berlin] [API_HIT] /khatalink/shop/ajax_check_pickup_code.php?order_id=34 | Speed: 3ms | IP: ::1
[30-May-2026 22:08:07 Europe/Berlin] [API_HIT] /khatalink/customer/ajax_get_order_status.php?order_id=36&customer_id=10 | Speed: 3ms | IP: ::1
[30-May-2026 22:08:07 Europe/Berlin] [API_HIT] /khatalink/customer/Food_order_tracking.php?order_id=36 | Speed: 3ms | IP: ::1
[30-May-2026 22:08:09 Europe/Berlin] [API_HIT] /khatalink/shop/ajax_check_pickup_code.php?order_id=36 | Speed: 3ms | IP: ::1
[30-May-2026 22:08:09 Europe/Berlin] [API_HIT] /khatalink/shop/ajax_check_pickup_code.php?order_id=34 | Speed: 3ms | IP: ::1
[30-May-2026 22:08:14 Europe/Berlin] [API_HIT] /khatalink/shop/ajax_check_pickup_code.php?order_id=36 | Speed: 2ms | IP: ::1
[30-May-2026 22:08:14 Europe/Berlin] [API_HIT] /khatalink/shop/ajax_check_pickup_code.php?order_id=34 | Speed: 3ms | IP: ::1
[30-May-2026 22:08:19 Europe/Berlin] [API_HIT] /khatalink/shop/ajax_check_pickup_code.php?order_id=36 | Speed: 3ms | IP: ::1
[30-May-2026 22:08:20 Europe/Berlin] [API_HIT] /khatalink/shop/ajax_check_pickup_code.php?order_id=34 | Speed: 3ms | IP: ::1
[30-May-2026 22:08:21 Europe/Berlin] [API_HIT] /khatalink/delivery/ajax_update_location.php | Speed: 4ms | IP: ::1
[30-May-2026 22:08:23 Europe/Berlin] [API_HIT] /khatalink/customer/ajax_get_order_status.php?order_id=36&customer_id=10 | Speed: 3ms | IP: ::1
[30-May-2026 22:08:23 Europe/Berlin] [API_HIT] /khatalink/customer/Food_order_tracking.php?order_id=36 | Speed: 3ms | IP: ::1
[30-May-2026 22:08:24 Europe/Berlin] [API_HIT] /khatalink/shop/ajax_check_pickup_code.php?order_id=36 | Speed: 3ms | IP: ::1
[30-May-2026 22:08:24 Europe/Berlin] [API_HIT] /khatalink/shop/ajax_check_pickup_code.php?order_id=34 | Speed: 3ms | IP: ::1
[30-May-2026 22:08:29 Europe/Berlin] [API_HIT] /khatalink/shop/ajax_check_pickup_code.php?order_id=36 | Speed: 3ms | IP: ::1
[30-May-2026 22:08:29 Europe/Berlin] [API_HIT] /khatalink/shop/ajax_check_pickup_code.php?order_id=34 | Speed: 3ms | IP: ::1
[30-May-2026 22:08:34 Europe/Berlin] [API_HIT] /khatalink/shop/ajax_check_pickup_code.php?order_id=36 | Speed: 4ms | IP: ::1
[30-May-2026 22:08:34 Europe/Berlin] [API_HIT] /khatalink/shop/ajax_check_pickup_code.php?order_id=34 | Speed: 3ms | IP: ::1
[30-May-2026 22:08:39 Europe/Berlin] [API_HIT] /khatalink/customer/ajax_get_order_status.php?order_id=36&customer_id=10 | Speed: 2ms | IP: ::1
[30-May-2026 22:08:39 Europe/Berlin] [API_HIT] /khatalink/customer/Food_order_tracking.php?order_id=36 | Speed: 4ms | IP: ::1
[30-May-2026 22:08:39 Europe/Berlin] [API_HIT] /khatalink/shop/ajax_check_pickup_code.php?order_id=36 | Speed: 3ms | IP: ::1
[30-May-2026 22:08:39 Europe/Berlin] [API_HIT] /khatalink/shop/ajax_check_pickup_code.php?order_id=34 | Speed: 2ms | IP: ::1
[30-May-2026 22:08:44 Europe/Berlin] [API_HIT] /khatalink/shop/ajax_check_pickup_code.php?order_id=36 | Speed: 3ms | IP: ::1
[30-May-2026 22:08:44 Europe/Berlin] [API_HIT] /khatalink/shop/ajax_check_pickup_code.php?order_id=34 | Speed: 2ms | IP: ::1
[30-May-2026 22:08:47 Europe/Berlin] [API_HIT] /khatalink/delivery/ajax_update_location.php | Speed: 4ms | IP: ::1
[30-May-2026 22:08:49 Europe/Berlin] [API_HIT] /khatalink/shop/ajax_check_pickup_code.php?order_id=36 | Speed: 2ms | IP: ::1
[30-May-2026 22:08:49 Europe/Berlin] [API_HIT] /khatalink/shop/ajax_check_pickup_code.php?order_id=34 | Speed: 3ms | IP: ::1
[30-May-2026 22:08:54 Europe/Berlin] [API_HIT] /khatalink/shop/ajax_check_pickup_code.php?order_id=36 | Speed: 2ms | IP: ::1
[30-May-2026 22:08:54 Europe/Berlin] [API_HIT] /khatalink/shop/ajax_check_pickup_code.php?order_id=34 | Speed: 3ms | IP: ::1
[30-May-2026 22:08:55 Europe/Berlin] [API_HIT] /khatalink/customer/ajax_get_order_status.php?order_id=36&customer_id=10 | Speed: 3ms | IP: ::1
[30-May-2026 22:08:55 Europe/Berlin] [API_HIT] /khatalink/customer/Food_order_tracking.php?order_id=36 | Speed: 4ms | IP: ::1
[30-May-2026 22:08:59 Europe/Berlin] [API_HIT] /khatalink/shop/ajax_check_pickup_code.php?order_id=36 | Speed: 2ms | IP: ::1
[30-May-2026 22:08:59 Europe/Berlin] [API_HIT] /khatalink/shop/ajax_check_pickup_code.php?order_id=34 | Speed: 2ms | IP: ::1
[30-May-2026 22:09:04 Europe/Berlin] [API_HIT] /khatalink/shop/ajax_check_pickup_code.php?order_id=36 | Speed: 2ms | IP: ::1
[30-May-2026 22:09:04 Europe/Berlin] [API_HIT] /khatalink/shop/ajax_check_pickup_code.php?order_id=34 | Speed: 2ms | IP: ::1
[30-May-2026 22:09:09 Europe/Berlin] [API_HIT] /khatalink/shop/ajax_check_pickup_code.php?order_id=36 | Speed: 3ms | IP: ::1
[30-May-2026 22:09:09 Europe/Berlin] [API_HIT] /khatalink/shop/ajax_check_pickup_code.php?order_id=34 | Speed: 3ms | IP: ::1
[30-May-2026 22:09:11 Europe/Berlin] [API_HIT] /khatalink/customer/ajax_get_order_status.php?order_id=36&customer_id=10 | Speed: 3ms | IP: ::1
[30-May-2026 22:09:11 Europe/Berlin] [API_HIT] /khatalink/customer/Food_order_tracking.php?order_id=36 | Speed: 3ms | IP: ::1
[30-May-2026 22:09:14 Europe/Berlin] [API_HIT] /khatalink/shop/ajax_check_pickup_code.php?order_id=36 | Speed: 2ms | IP: ::1
[30-May-2026 22:09:14 Europe/Berlin] [API_HIT] /khatalink/shop/ajax_check_pickup_code.php?order_id=34 | Speed: 2ms | IP: ::1
[30-May-2026 22:09:19 Europe/Berlin] [API_HIT] /khatalink/shop/ajax_check_pickup_code.php?order_id=36 | Speed: 2ms | IP: ::1
[30-May-2026 22:09:20 Europe/Berlin] [API_HIT] /khatalink/shop/ajax_check_pickup_code.php?order_id=34 | Speed: 3ms | IP: ::1
[30-May-2026 22:09:21 Europe/Berlin] [API_HIT] /khatalink/delivery/ajax_update_location.php | Speed: 3ms | IP: ::1
[30-May-2026 22:09:24 Europe/Berlin] [API_HIT] /khatalink/shop/ajax_check_pickup_code.php?order_id=36 | Speed: 3ms | IP: ::1
[30-May-2026 22:09:24 Europe/Berlin] [API_HIT] /khatalink/shop/ajax_check_pickup_code.php?order_id=34 | Speed: 3ms | IP: ::1
[30-May-2026 22:09:27 Europe/Berlin] [API_HIT] /khatalink/customer/ajax_get_order_status.php?order_id=36&customer_id=10 | Speed: 3ms | IP: ::1
[30-May-2026 22:09:27 Europe/Berlin] [API_HIT] /khatalink/customer/Food_order_tracking.php?order_id=36 | Speed: 3ms | IP: ::1
[30-May-2026 22:09:29 Europe/Berlin] [API_HIT] /khatalink/shop/ajax_check_pickup_code.php?order_id=36 | Speed: 2ms | IP: ::1
[30-May-2026 22:09:29 Europe/Berlin] [API_HIT] /khatalink/shop/ajax_check_pickup_code.php?order_id=34 | Speed: 2ms | IP: ::1
[30-May-2026 22:09:34 Europe/Berlin] [API_HIT] /khatalink/shop/ajax_check_pickup_code.php?order_id=36 | Speed: 3ms | IP: ::1
[30-May-2026 22:09:34 Europe/Berlin] [API_HIT] /khatalink/shop/ajax_check_pickup_code.php?order_id=34 | Speed: 2ms | IP: ::1
[30-May-2026 22:09:39 Europe/Berlin] [API_HIT] /khatalink/shop/ajax_check_pickup_code.php?order_id=36 | Speed: 2ms | IP: ::1
[30-May-2026 22:09:39 Europe/Berlin] [API_HIT] /khatalink/shop/ajax_check_pickup_code.php?order_id=34 | Speed: 3ms | IP: ::1
[30-May-2026 22:09:43 Europe/Berlin] [API_HIT] /khatalink/customer/ajax_get_order_status.php?order_id=36&customer_id=10 | Speed: 3ms | IP: ::1
[30-May-2026 22:09:43 Europe/Berlin] [API_HIT] /khatalink/customer/Food_order_tracking.php?order_id=36 | Speed: 3ms | IP: ::1
[30-May-2026 22:09:44 Europe/Berlin] [API_HIT] /khatalink/shop/ajax_check_pickup_code.php?order_id=36 | Speed: 3ms | IP: ::1
[30-May-2026 22:09:44 Europe/Berlin] [API_HIT] /khatalink/shop/ajax_check_pickup_code.php?order_id=34 | Speed: 2ms | IP: ::1
[30-May-2026 22:09:50 Europe/Berlin] [API_HIT] /khatalink/shop/ajax_check_pickup_code.php?order_id=36 | Speed: 2ms | IP: ::1
[30-May-2026 22:09:50 Europe/Berlin] [API_HIT] /khatalink/shop/ajax_check_pickup_code.php?order_id=34 | Speed: 3ms | IP: ::1
[30-May-2026 22:09:51 Europe/Berlin] [API_HIT] /khatalink/delivery/ajax_update_location.php | Speed: 4ms | IP: ::1
[30-May-2026 22:09:54 Europe/Berlin] [API_HIT] /khatalink/shop/ajax_check_pickup_code.php?order_id=36 | Speed: 3ms | IP: ::1
[30-May-2026 22:09:54 Europe/Berlin] [API_HIT] /khatalink/shop/ajax_check_pickup_code.php?order_id=34 | Speed: 4ms | IP: ::1
[30-May-2026 22:09:59 Europe/Berlin] [API_HIT] /khatalink/customer/ajax_get_order_status.php?order_id=36&customer_id=10 | Speed: 4ms | IP: ::1
[30-May-2026 22:09:59 Europe/Berlin] [API_HIT] /khatalink/customer/Food_order_tracking.php?order_id=36 | Speed: 3ms | IP: ::1
[30-May-2026 22:09:59 Europe/Berlin] [API_HIT] /khatalink/shop/ajax_check_pickup_code.php?order_id=36 | Speed: 6ms | IP: ::1
[30-May-2026 22:09:59 Europe/Berlin] [API_HIT] /khatalink/shop/ajax_check_pickup_code.php?order_id=34 | Speed: 3ms | IP: ::1
[30-May-2026 22:10:01 Europe/Berlin] [API_HIT] /khatalink/shop/restaurant_dashboard.php?msg=Status+Updated | Speed: 15ms | IP: ::1
[30-May-2026 22:10:04 Europe/Berlin] [API_HIT] /khatalink/customer/Food_order_tracking.php?order_id=36 | Speed: 3ms | IP: ::1
[30-May-2026 22:10:17 Europe/Berlin] [API_HIT] /khatalink/delivery/ajax_update_location.php | Speed: 4ms | IP: ::1
[30-May-2026 22:10:19 Europe/Berlin] [API_HIT] /khatalink/customer/ajax_get_order_status.php?order_id=36&customer_id=10 | Speed: 2ms | IP: ::1
[30-May-2026 22:10:19 Europe/Berlin] [API_HIT] /khatalink/customer/Food_order_tracking.php?order_id=36 | Speed: 4ms | IP: ::1
[30-May-2026 22:10:20 Europe/Berlin] [API_HIT] /khatalink/shop/restaurant_dashboard.php?msg=Status+Updated | Speed: 8ms | IP: ::1
[30-May-2026 22:10:25 Europe/Berlin] FCM HTTP 200 Response for shop (ID: 9): {
  "name": "projects/khatalink-63041/messages/782830d3-0bff-4a18-9a21-3328df578a01"
}

[30-May-2026 22:10:26 Europe/Berlin] FCM HTTP 200 Response for customer (ID: 10): {
  "name": "projects/khatalink-63041/messages/ceea4b21-f0f5-4e31-8b5c-e7fd6f13feab"
}

[30-May-2026 22:10:26 Europe/Berlin] FCM HTTP 200 Response for customer (ID: 10): {
  "name": "projects/khatalink-63041/messages/0:1780171827772238%3a1eff913a1eff91"
}

[30-May-2026 22:10:26 Europe/Berlin] [API_HIT] /khatalink/shop/restaurant_dashboard.php?msg=Status+Updated | Speed: 3514ms | IP: ::1
[30-May-2026 22:10:26 Europe/Berlin] [API_HIT] /khatalink/shop/ajax_check_pickup_code.php?order_id=36 | Speed: 3ms | IP: ::1
[30-May-2026 22:10:27 Europe/Berlin] [API_HIT] /khatalink/shop/restaurant_dashboard.php?msg=Status+Updated | Speed: 6ms | IP: ::1
[30-May-2026 22:10:27 Europe/Berlin] [API_HIT] /khatalink/shop/ajax_check_pickup_code.php?order_id=34 | Speed: 2ms | IP: ::1
[30-May-2026 22:10:32 Europe/Berlin] [API_HIT] /khatalink/shop/ajax_check_pickup_code.php?order_id=36 | Speed: 3ms | IP: ::1
[30-May-2026 22:10:32 Europe/Berlin] [API_HIT] /khatalink/shop/ajax_check_pickup_code.php?order_id=34 | Speed: 3ms | IP: ::1
[30-May-2026 22:10:37 Europe/Berlin] FCM HTTP 200 Response for customer (ID: 10): {
  "name": "projects/khatalink-63041/messages/8c33929b-5159-45c8-802b-42b2347685b9"
}

[30-May-2026 22:10:37 Europe/Berlin] FCM HTTP 200 Response for customer (ID: 10): {
  "name": "projects/khatalink-63041/messages/0:1780171838508593%3a1eff913a1eff91"
}

[30-May-2026 22:10:37 Europe/Berlin] [API_HIT] /khatalink/shop/restaurant_dashboard.php?msg=Status+Updated | Speed: 1805ms | IP: ::1
[30-May-2026 22:10:37 Europe/Berlin] [API_HIT] /khatalink/customer/ajax_get_order_status.php?order_id=36&customer_id=10 | Speed: 5ms | IP: ::1
[30-May-2026 22:10:37 Europe/Berlin] [API_HIT] /khatalink/shop/ajax_check_pickup_code.php?order_id=36 | Speed: 4ms | IP: ::1
[30-May-2026 22:10:37 Europe/Berlin] [API_HIT] /khatalink/shop/restaurant_dashboard.php?msg=Order+Rejected | Speed: 12ms | IP: ::1
[30-May-2026 22:10:38 Europe/Berlin] [API_HIT] /khatalink/customer/Food_order_tracking.php?order_id=36 | Speed: 4ms | IP: ::1
[30-May-2026 22:10:38 Europe/Berlin] [API_HIT] /khatalink/shop/ajax_check_pickup_code.php?order_id=34 | Speed: 6ms | IP: ::1
[30-May-2026 22:10:44 Europe/Berlin] [API_HIT] /khatalink/customer/Food_order_tracking.php?order_id=36 | Speed: 3ms | IP: ::1
[31-May-2026 01:40:46 Asia/Kolkata] [API_HIT] /khatalink/customer/Food_orders.php | Speed: 3ms | IP: ::1
[31-May-2026 01:40:48 Asia/Kolkata] [API_HIT] /khatalink/customer/Food_orders.php | Speed: 3ms | IP: ::1
[30-May-2026 22:10:51 Europe/Berlin] [API_HIT] /khatalink/delivery/ajax_update_location.php | Speed: 4ms | IP: ::1
[31-May-2026 01:40:51 Asia/Kolkata] [API_HIT] /khatalink/customer/Food_home.php | Speed: 3ms | IP: ::1
[31-May-2026 01:40:52 Asia/Kolkata] [API_HIT] /khatalink/customer/Food_home.php?lat=20.071002&lng=86.221008&radius=6 | Speed: 3ms | IP: ::1
[30-May-2026 22:10:52 Europe/Berlin] [API_HIT] /khatalink/customer/ajax_get_registry_location.php?lat=20.071002&lng=86.221008 | Speed: 2ms | IP: ::1
[30-May-2026 22:10:53 Europe/Berlin] [API_HIT] /khatalink/customer/ajax_get_registry_location.php?lat=20.071002&lng=86.221008 | Speed: 4ms | IP: ::1
[31-May-2026 01:40:54 Asia/Kolkata] [API_HIT] /khatalink/customer/Food_menu.php?shop_id=9&item_id=1 | Speed: 3ms | IP: ::1
[30-May-2026 22:11:01 Europe/Berlin] [API_HIT] /khatalink/delivery/dashboard.php | Speed: 18ms | IP: ::1
[30-May-2026 22:11:07 Europe/Berlin] [API_HIT] /khatalink/shop/ajax_check_pickup_code.php?order_id=35 | Speed: 3ms | IP: ::1
[31-May-2026 01:41:09 Asia/Kolkata] [API_HIT] /khatalink/customer/Food_cart.php | Speed: 2ms | IP: ::1
[30-May-2026 22:11:09 Europe/Berlin] [API_HIT] /khatalink/customer/ajax_get_geo_hierarchy.php?type=districts | Speed: 5ms | IP: ::1
[30-May-2026 22:11:12 Europe/Berlin] [API_HIT] /khatalink/shop/ajax_check_pickup_code.php?order_id=35 | Speed: 3ms | IP: ::1
[30-May-2026 22:11:13 Europe/Berlin] [API_HIT] /khatalink/customer/ajax_get_geo_hierarchy.php?type=blocks&district=Jagatsinghpur | Speed: 3ms | IP: ::1
[30-May-2026 22:11:14 Europe/Berlin] [API_HIT] /khatalink/customer/ajax_get_geo_hierarchy.php?type=villages&district=Jagatsinghpur&block=Naugaon | Speed: 3ms | IP: ::1
[30-May-2026 22:11:16 Europe/Berlin] [API_HIT] /khatalink/shop/ajax_check_pickup_code.php?order_id=35 | Speed: 2ms | IP: ::1
[30-May-2026 22:11:22 Europe/Berlin] [API_HIT] /khatalink/shop/ajax_check_pickup_code.php?order_id=35 | Speed: 2ms | IP: ::1
[31-May-2026 01:41:23 Asia/Kolkata] [API_HIT] /khatalink/customer/Food_checkout.php?shop_id=9&name=Gyana+Ranjan+jena&phone=08456913850&addr=narayani+club&landmark=sai+temple&village=Alanahat+High+School&pincode=754107&block=Naugaon&dist=Jagatsinghpur&lat=20.163167188125456&lng=86.198467647236730 | Speed: 3ms | IP: ::1
[30-May-2026 22:11:26 Europe/Berlin] [API_HIT] /khatalink/shop/ajax_check_pickup_code.php?order_id=35 | Speed: 3ms | IP: ::1
[30-May-2026 22:11:32 Europe/Berlin] [API_HIT] /khatalink/shop/ajax_check_pickup_code.php?order_id=35 | Speed: 2ms | IP: ::1
[30-May-2026 22:11:36 Europe/Berlin] [API_HIT] /khatalink/delivery/ajax_update_location.php | Speed: 6ms | IP: ::1
[30-May-2026 22:11:36 Europe/Berlin] [API_HIT] /khatalink/delivery/ajax_update_location.php | Speed: 2ms | IP: ::1
[30-May-2026 22:11:37 Europe/Berlin] [API_HIT] /khatalink/shop/ajax_check_pickup_code.php?order_id=35 | Speed: 4ms | IP: ::1
[30-May-2026 22:11:42 Europe/Berlin] [API_HIT] /khatalink/shop/ajax_check_pickup_code.php?order_id=35 | Speed: 3ms | IP: ::1
[30-May-2026 22:11:47 Europe/Berlin] [API_HIT] /khatalink/shop/ajax_check_pickup_code.php?order_id=35 | Speed: 28ms | IP: ::1
[30-May-2026 22:11:52 Europe/Berlin] [API_HIT] /khatalink/shop/ajax_check_pickup_code.php?order_id=35 | Speed: 2ms | IP: ::1
[30-May-2026 22:11:56 Europe/Berlin] [API_HIT] /khatalink/shop/ajax_check_pickup_code.php?order_id=35 | Speed: 2ms | IP: ::1
[30-May-2026 22:12:02 Europe/Berlin] [API_HIT] /khatalink/shop/ajax_check_pickup_code.php?order_id=35 | Speed: 4ms | IP: ::1
[30-May-2026 22:12:02 Europe/Berlin] [API_HIT] /khatalink/delivery/ajax_update_location.php | Speed: 3ms | IP: ::1
[30-May-2026 22:12:10 Europe/Berlin] CREATE_ORDER_DEBUG: Order created ID=37
[30-May-2026 22:12:10 Europe/Berlin] CREATE_ORDER_DEBUG: Item added: Biriyani, Qty=1, Unit=PCS, Price=130
[30-May-2026 22:12:11 Europe/Berlin] FCM HTTP 200 Response for shop (ID: 9): {
  "name": "projects/khatalink-63041/messages/8ff33607-ffb3-4f81-9f40-dbbc99f8eb52"
}

[30-May-2026 22:12:11 Europe/Berlin] [API_HIT] /khatalink/customer/create_order.php?shop_id=9&ajax=1 | Speed: 45013ms | IP: ::1
[31-May-2026 01:42:11 Asia/Kolkata] [API_HIT] /khatalink/customer/Food_checkout.php?shop_id=9&name=Gyana+Ranjan+jena&phone=08456913850&addr=narayani+club&landmark=sai+temple&village=Alanahat+High+School&pincode=754107&block=Naugaon&dist=Jagatsinghpur&lat=20.163167188125456&lng=86.198467647236730 | Speed: 3ms | IP: ::1
[31-May-2026 01:42:11 Asia/Kolkata] [API_HIT] /khatalink/customer/Food_checkout.php?shop_id=9&name=Gyana+Ranjan+jena&phone=08456913850&addr=narayani+club&landmark=sai+temple&village=Alanahat+High+School&pincode=754107&block=Naugaon&dist=Jagatsinghpur&lat=20.163167188125456&lng=86.198467647236730 | Speed: 4ms | IP: ::1
[30-May-2026 22:12:36 Europe/Berlin] [API_HIT] /khatalink/delivery/ajax_update_location.php | Speed: 4ms | IP: ::1
[30-May-2026 22:12:39 Europe/Berlin] [API_HIT] /khatalink/shop/ajax_check_pickup_code.php?order_id=35 | Speed: 3ms | IP: ::1
[30-May-2026 22:12:56 Europe/Berlin] CREATE_ORDER_DEBUG: Order created ID=38
[30-May-2026 22:12:56 Europe/Berlin] CREATE_ORDER_DEBUG: Item added: Biriyani, Qty=1, Unit=PCS, Price=130
[30-May-2026 22:12:58 Europe/Berlin] FCM HTTP 200 Response for shop (ID: 9): {
  "name": "projects/khatalink-63041/messages/cb2309f8-4f3d-479a-8253-d64171f36a5f"
}

[30-May-2026 22:12:58 Europe/Berlin] [API_HIT] /khatalink/customer/create_order.php?shop_id=9&ajax=1 | Speed: 44702ms | IP: ::1
[31-May-2026 01:42:58 Asia/Kolkata] [API_HIT] /khatalink/customer/Food_checkout.php?shop_id=9&name=Gyana+Ranjan+jena&phone=08456913850&addr=narayani+club&landmark=sai+temple&village=Alanahat+High+School&pincode=754107&block=Naugaon&dist=Jagatsinghpur&lat=20.163167188125456&lng=86.198467647236730 | Speed: 3ms | IP: ::1
[31-May-2026 01:42:58 Asia/Kolkata] [API_HIT] /khatalink/customer/Food_cart.php | Speed: 2ms | IP: ::1
[31-May-2026 01:42:58 Asia/Kolkata] [API_HIT] /khatalink/customer/Food_cart.php | Speed: 2ms | IP: ::1
[30-May-2026 22:12:58 Europe/Berlin] [API_HIT] /khatalink/customer/ajax_get_geo_hierarchy.php?type=districts | Speed: 3ms | IP: ::1
[30-May-2026 22:13:01 Europe/Berlin] [API_HIT] /khatalink/customer/ajax_get_geo_hierarchy.php?type=blocks&district=Jagatsinghpur | Speed: 3ms | IP: ::1
[30-May-2026 22:13:03 Europe/Berlin] [API_HIT] /khatalink/customer/ajax_get_geo_hierarchy.php?type=villages&district=Jagatsinghpur&block=Naugaon | Speed: 3ms | IP: ::1
[30-May-2026 22:13:06 Europe/Berlin] [API_HIT] /khatalink/delivery/ajax_update_location.php | Speed: 4ms | IP: ::1
[31-May-2026 01:43:13 Asia/Kolkata] [API_HIT] /khatalink/customer/Food_checkout.php?shop_id=9&name=Gyana+Ranjan+jena&phone=08456913850&addr=Bank+of+india&landmark=near+sri+kruyshna+jewelly%2CGangadahat&village=Anantapur+%28Anatpur%29&pincode=754113&block=Naugaon&dist=Jagatsinghpur&lat=20.123840701930735&lng=86.162418681845250 | Speed: 4ms | IP: ::1
[30-May-2026 22:13:36 Europe/Berlin] [API_HIT] /khatalink/delivery/ajax_update_location.php | Speed: 4ms | IP: ::1
[30-May-2026 22:13:39 Europe/Berlin] [API_HIT] /khatalink/shop/ajax_check_pickup_code.php?order_id=35 | Speed: 3ms | IP: ::1
[30-May-2026 22:13:40 Europe/Berlin] CREATE_ORDER_DEBUG: Order created ID=39
[30-May-2026 22:13:40 Europe/Berlin] CREATE_ORDER_DEBUG: Item added: Biriyani, Qty=1, Unit=PCS, Price=130
[30-May-2026 22:13:41 Europe/Berlin] FCM HTTP 200 Response for shop (ID: 9): {
  "name": "projects/khatalink-63041/messages/95d78c70-8b64-4b58-88f6-90e11b2ba906"
}

[30-May-2026 22:13:41 Europe/Berlin] [API_HIT] /khatalink/customer/create_order.php?shop_id=9&ajax=1 | Speed: 23039ms | IP: ::1
[30-May-2026 22:13:43 Europe/Berlin] [API_HIT] /khatalink/customer/Food_order_tracking.php?order_id=39 | Speed: 3ms | IP: ::1
[30-May-2026 22:13:44 Europe/Berlin] [API_HIT] /khatalink/shop/ajax_check_pickup_code.php?order_id=34 | Speed: 5ms | IP: ::1
[30-May-2026 22:13:46 Europe/Berlin] [API_HIT] /khatalink/shop/restaurant_dashboard.php?msg=Order+Rejected | Speed: 8ms | IP: ::1
[30-May-2026 22:13:51 Europe/Berlin] FCM HTTP 200 Response for customer (ID: 10): {
  "name": "projects/khatalink-63041/messages/c6301d53-eae5-4a22-86a3-2d4f567addc5"
}

[30-May-2026 22:13:52 Europe/Berlin] FCM HTTP 200 Response for customer (ID: 10): {
  "name": "projects/khatalink-63041/messages/0:1780172032816436%3a1eff913a1eff91"
}

[30-May-2026 22:13:52 Europe/Berlin] [API_HIT] /khatalink/shop/restaurant_dashboard.php?msg=Order+Rejected | Speed: 1805ms | IP: ::1
[30-May-2026 22:13:52 Europe/Berlin] [API_HIT] /khatalink/shop/ajax_check_pickup_code.php?order_id=39 | Speed: 4ms | IP: ::1
[30-May-2026 22:13:52 Europe/Berlin] [API_HIT] /khatalink/shop/ajax_check_pickup_code.php?order_id=38 | Speed: 3ms | IP: ::1
[30-May-2026 22:13:52 Europe/Berlin] [API_HIT] /khatalink/shop/restaurant_dashboard.php?msg=Status+Updated | Speed: 7ms | IP: ::1
[30-May-2026 22:13:52 Europe/Berlin] [API_HIT] /khatalink/shop/ajax_check_pickup_code.php?order_id=37 | Speed: 2ms | IP: ::1
[30-May-2026 22:13:56 Europe/Berlin] FCM HTTP 200 Response for customer (ID: 10): {
  "name": "projects/khatalink-63041/messages/53d3682b-a3dc-4fc4-aaa7-14e47b2eed7f"
}

[30-May-2026 22:13:57 Europe/Berlin] FCM HTTP 200 Response for customer (ID: 10): {
  "name": "projects/khatalink-63041/messages/0:1780172038118475%3a1eff913a1eff91"
}

[30-May-2026 22:13:57 Europe/Berlin] [API_HIT] /khatalink/shop/restaurant_dashboard.php?msg=Status+Updated | Speed: 1644ms | IP: ::1
[30-May-2026 22:13:57 Europe/Berlin] [API_HIT] /khatalink/shop/restaurant_dashboard.php?msg=Status+Updated | Speed: 8ms | IP: ::1
[30-May-2026 22:13:57 Europe/Berlin] [API_HIT] /khatalink/shop/ajax_check_pickup_code.php?order_id=39 | Speed: 3ms | IP: ::1
[30-May-2026 22:13:59 Europe/Berlin] [API_HIT] /khatalink/customer/ajax_get_order_status.php?order_id=39&customer_id=10 | Speed: 2ms | IP: ::1
[30-May-2026 22:13:59 Europe/Berlin] [API_HIT] /khatalink/customer/Food_order_tracking.php?order_id=39 | Speed: 3ms | IP: ::1
[30-May-2026 22:14:01 Europe/Berlin] FCM HTTP 200 Response for shop (ID: 9): {
  "name": "projects/khatalink-63041/messages/030d5f63-a9ec-4a4b-b679-ee242792f2a7"
}

[30-May-2026 22:14:02 Europe/Berlin] [API_HIT] /khatalink/delivery/ajax_update_location.php | Speed: 4ms | IP: ::1
[30-May-2026 22:14:02 Europe/Berlin] FCM HTTP 200 Response for customer (ID: 10): {
  "name": "projects/khatalink-63041/messages/99052470-e549-4de5-a4c2-b1dd14fe2bd1"
}

[30-May-2026 22:14:02 Europe/Berlin] FCM HTTP 200 Response for customer (ID: 10): {
  "name": "projects/khatalink-63041/messages/0:1780172043584585%3a1eff913a1eff91"
}

[30-May-2026 22:14:02 Europe/Berlin] [API_HIT] /khatalink/shop/restaurant_dashboard.php?msg=Status+Updated | Speed: 2508ms | IP: ::1
[30-May-2026 22:14:03 Europe/Berlin] [API_HIT] /khatalink/shop/ajax_check_pickup_code.php?order_id=39 | Speed: 2ms | IP: ::1
[30-May-2026 22:14:03 Europe/Berlin] [API_HIT] /khatalink/shop/restaurant_dashboard.php?msg=Status+Updated | Speed: 7ms | IP: ::1
[30-May-2026 22:14:03 Europe/Berlin] [API_HIT] /khatalink/shop/ajax_check_pickup_code.php?order_id=38 | Speed: 3ms | IP: ::1
[30-May-2026 22:14:07 Europe/Berlin] FCM HTTP 200 Response for shop (ID: 9): {
  "name": "projects/khatalink-63041/messages/74e543c5-31ee-44d2-951f-3d1eb09c0019"
}

[30-May-2026 22:14:08 Europe/Berlin] FCM HTTP 200 Response for customer (ID: 10): {
  "name": "projects/khatalink-63041/messages/b65421ab-3bb3-4ef6-afad-0a827d9826db"
}

[30-May-2026 22:14:08 Europe/Berlin] FCM HTTP 200 Response for customer (ID: 10): {
  "name": "projects/khatalink-63041/messages/0:1780172049351344%3a1eff913a1eff91"
}

[30-May-2026 22:14:08 Europe/Berlin] [API_HIT] /khatalink/shop/restaurant_dashboard.php?msg=Status+Updated | Speed: 2699ms | IP: ::1
[30-May-2026 22:14:08 Europe/Berlin] [API_HIT] /khatalink/shop/ajax_check_pickup_code.php?order_id=39 | Speed: 4ms | IP: ::1
[30-May-2026 22:14:08 Europe/Berlin] [API_HIT] /khatalink/shop/ajax_check_pickup_code.php?order_id=38 | Speed: 2ms | IP: ::1
[30-May-2026 22:14:08 Europe/Berlin] [API_HIT] /khatalink/shop/restaurant_dashboard.php?msg=Status+Updated | Speed: 8ms | IP: ::1
[30-May-2026 22:14:09 Europe/Berlin] [API_HIT] /khatalink/shop/ajax_check_pickup_code.php?order_id=37 | Speed: 4ms | IP: ::1
[30-May-2026 22:14:14 Europe/Berlin] [API_HIT] /khatalink/shop/ajax_check_pickup_code.php?order_id=39 | Speed: 2ms | IP: ::1
[30-May-2026 22:14:14 Europe/Berlin] [API_HIT] /khatalink/shop/ajax_check_pickup_code.php?order_id=38 | Speed: 2ms | IP: ::1
[30-May-2026 22:14:14 Europe/Berlin] [API_HIT] /khatalink/shop/ajax_check_pickup_code.php?order_id=37 | Speed: 2ms | IP: ::1
[30-May-2026 22:14:14 Europe/Berlin] [API_HIT] /khatalink/shop/ajax_check_pickup_code.php?order_id=34 | Speed: 4ms | IP: ::1
[30-May-2026 22:14:15 Europe/Berlin] [API_HIT] /khatalink/customer/ajax_get_order_status.php?order_id=39&customer_id=10 | Speed: 2ms | IP: ::1
[30-May-2026 22:14:15 Europe/Berlin] [API_HIT] /khatalink/customer/Food_order_tracking.php?order_id=39 | Speed: 3ms | IP: ::1
[30-May-2026 22:14:19 Europe/Berlin] FCM HTTP 200 Response for shop (ID: 9): {
  "name": "projects/khatalink-63041/messages/bdb78a42-caec-4b56-aa60-5d8c6201798b"
}

[30-May-2026 22:14:20 Europe/Berlin] FCM HTTP 200 Response for customer (ID: 10): {
  "name": "projects/khatalink-63041/messages/f3f70214-438d-401e-bf59-f444ede4b3bd"
}

[30-May-2026 22:14:21 Europe/Berlin] FCM HTTP 200 Response for customer (ID: 10): {
  "name": "projects/khatalink-63041/messages/0:1780172062051464%3a1eff913a1eff91"
}

[30-May-2026 22:14:21 Europe/Berlin] [API_HIT] /khatalink/shop/restaurant_dashboard.php?msg=Status+Updated | Speed: 3160ms | IP: ::1
[30-May-2026 22:14:21 Europe/Berlin] [API_HIT] /khatalink/shop/ajax_check_pickup_code.php?order_id=39 | Speed: 2ms | IP: ::1
[30-May-2026 22:14:21 Europe/Berlin] [API_HIT] /khatalink/shop/restaurant_dashboard.php?msg=Status+Updated | Speed: 9ms | IP: ::1
[30-May-2026 22:14:21 Europe/Berlin] [API_HIT] /khatalink/shop/ajax_check_pickup_code.php?order_id=38 | Speed: 3ms | IP: ::1
[30-May-2026 22:14:27 Europe/Berlin] [API_HIT] /khatalink/shop/ajax_check_pickup_code.php?order_id=39 | Speed: 4ms | IP: ::1
[30-May-2026 22:14:27 Europe/Berlin] [API_HIT] /khatalink/shop/ajax_check_pickup_code.php?order_id=38 | Speed: 2ms | IP: ::1
[30-May-2026 22:14:27 Europe/Berlin] [API_HIT] /khatalink/shop/ajax_check_pickup_code.php?order_id=37 | Speed: 3ms | IP: ::1
[30-May-2026 22:14:27 Europe/Berlin] [API_HIT] /khatalink/shop/ajax_check_pickup_code.php?order_id=34 | Speed: 2ms | IP: ::1
[30-May-2026 22:14:31 Europe/Berlin] [API_HIT] /khatalink/customer/ajax_get_order_status.php?order_id=39&customer_id=10 | Speed: 4ms | IP: ::1
[30-May-2026 22:14:31 Europe/Berlin] [API_HIT] /khatalink/customer/Food_order_tracking.php?order_id=39 | Speed: 3ms | IP: ::1
[30-May-2026 22:14:32 Europe/Berlin] [API_HIT] /khatalink/shop/ajax_check_pickup_code.php?order_id=39 | Speed: 3ms | IP: ::1
[30-May-2026 22:14:32 Europe/Berlin] [API_HIT] /khatalink/shop/ajax_check_pickup_code.php?order_id=38 | Speed: 2ms | IP: ::1
[30-May-2026 22:14:32 Europe/Berlin] [API_HIT] /khatalink/shop/ajax_check_pickup_code.php?order_id=37 | Speed: 2ms | IP: ::1
[30-May-2026 22:14:32 Europe/Berlin] [API_HIT] /khatalink/shop/ajax_check_pickup_code.php?order_id=34 | Speed: 2ms | IP: ::1
[30-May-2026 22:14:37 Europe/Berlin] [API_HIT] /khatalink/shop/ajax_check_pickup_code.php?order_id=39 | Speed: 5ms | IP: ::1
[30-May-2026 22:14:37 Europe/Berlin] [API_HIT] /khatalink/shop/ajax_check_pickup_code.php?order_id=38 | Speed: 4ms | IP: ::1
[30-May-2026 22:14:37 Europe/Berlin] [API_HIT] /khatalink/shop/ajax_check_pickup_code.php?order_id=37 | Speed: 4ms | IP: ::1
[30-May-2026 22:14:37 Europe/Berlin] [API_HIT] /khatalink/shop/ajax_check_pickup_code.php?order_id=34 | Speed: 4ms | IP: ::1
[30-May-2026 22:14:39 Europe/Berlin] [API_HIT] /khatalink/shop/ajax_check_pickup_code.php?order_id=35 | Speed: 2ms | IP: ::1
[30-May-2026 22:14:42 Europe/Berlin] [API_HIT] /khatalink/shop/ajax_check_pickup_code.php?order_id=39 | Speed: 4ms | IP: ::1
[30-May-2026 22:14:42 Europe/Berlin] [API_HIT] /khatalink/shop/ajax_check_pickup_code.php?order_id=38 | Speed: 4ms | IP: ::1
[30-May-2026 22:14:43 Europe/Berlin] [API_HIT] /khatalink/shop/ajax_check_pickup_code.php?order_id=37 | Speed: 14ms | IP: ::1
[30-May-2026 22:14:43 Europe/Berlin] [API_HIT] /khatalink/delivery/ajax_update_location.php | Speed: 4ms | IP: ::1
[30-May-2026 22:14:43 Europe/Berlin] [API_HIT] /khatalink/shop/ajax_check_pickup_code.php?order_id=34 | Speed: 3ms | IP: ::1
[30-May-2026 22:14:47 Europe/Berlin] [API_HIT] /khatalink/shop/ajax_check_pickup_code.php?order_id=39 | Speed: 4ms | IP: ::1
[30-May-2026 22:14:47 Europe/Berlin] [API_HIT] /khatalink/customer/ajax_get_order_status.php?order_id=39&customer_id=10 | Speed: 2ms | IP: ::1
[30-May-2026 22:14:47 Europe/Berlin] [API_HIT] /khatalink/shop/ajax_check_pickup_code.php?order_id=38 | Speed: 2ms | IP: ::1
[30-May-2026 22:14:47 Europe/Berlin] [API_HIT] /khatalink/customer/Food_order_tracking.php?order_id=39 | Speed: 2ms | IP: ::1
[30-May-2026 22:14:47 Europe/Berlin] [API_HIT] /khatalink/shop/ajax_check_pickup_code.php?order_id=37 | Speed: 2ms | IP: ::1
[30-May-2026 22:14:47 Europe/Berlin] [API_HIT] /khatalink/shop/ajax_check_pickup_code.php?order_id=34 | Speed: 2ms | IP: ::1
[30-May-2026 22:14:52 Europe/Berlin] [API_HIT] /khatalink/shop/ajax_check_pickup_code.php?order_id=39 | Speed: 3ms | IP: ::1
[30-May-2026 22:14:52 Europe/Berlin] [API_HIT] /khatalink/shop/ajax_check_pickup_code.php?order_id=38 | Speed: 5ms | IP: ::1
[30-May-2026 22:14:52 Europe/Berlin] [API_HIT] /khatalink/shop/ajax_check_pickup_code.php?order_id=37 | Speed: 3ms | IP: ::1
[30-May-2026 22:14:52 Europe/Berlin] [API_HIT] /khatalink/shop/ajax_check_pickup_code.php?order_id=34 | Speed: 2ms | IP: ::1
[30-May-2026 22:14:56 Europe/Berlin] [API_HIT] /khatalink/shop/ajax_check_pickup_code.php?order_id=35 | Speed: 13ms | IP: ::1
[30-May-2026 22:14:56 Europe/Berlin] [API_HIT] /khatalink/shop/ajax_check_pickup_code.php?order_id=35 | Speed: 2ms | IP: ::1
[30-May-2026 22:14:58 Europe/Berlin] [API_HIT] /khatalink/delivery/Groceries_tasks.php | Speed: 30ms | IP: ::1
[30-May-2026 22:15:03 Europe/Berlin] [API_HIT] /khatalink/customer/ajax_get_order_status.php?order_id=39&customer_id=10 | Speed: 3ms | IP: ::1
[30-May-2026 22:15:03 Europe/Berlin] [API_HIT] /khatalink/delivery/ajax_update_location.php | Speed: 8ms | IP: ::1
[30-May-2026 22:15:03 Europe/Berlin] [API_HIT] /khatalink/customer/Food_order_tracking.php?order_id=39 | Speed: 3ms | IP: ::1
[30-May-2026 22:15:20 Europe/Berlin] [API_HIT] /khatalink/customer/ajax_get_order_status.php?order_id=39&customer_id=10 | Speed: 3ms | IP: ::1
[30-May-2026 22:15:20 Europe/Berlin] [API_HIT] /khatalink/customer/Food_order_tracking.php?order_id=39 | Speed: 3ms | IP: ::1
[30-May-2026 22:15:33 Europe/Berlin] [API_HIT] /khatalink/delivery/ajax_update_location.php | Speed: 5ms | IP: ::1
[30-May-2026 22:15:36 Europe/Berlin] [API_HIT] /khatalink/customer/ajax_get_order_status.php?order_id=39&customer_id=10 | Speed: 3ms | IP: ::1
[30-May-2026 22:15:36 Europe/Berlin] [API_HIT] /khatalink/customer/Food_order_tracking.php?order_id=39 | Speed: 2ms | IP: ::1
[30-May-2026 22:15:42 Europe/Berlin] [API_HIT] /khatalink/shop/ajax_check_pickup_code.php?order_id=39 | Speed: 9ms | IP: ::1
[30-May-2026 22:15:42 Europe/Berlin] [API_HIT] /khatalink/shop/ajax_check_pickup_code.php?order_id=38 | Speed: 3ms | IP: ::1
[30-May-2026 22:15:42 Europe/Berlin] [API_HIT] /khatalink/shop/ajax_check_pickup_code.php?order_id=37 | Speed: 2ms | IP: ::1
[30-May-2026 22:15:42 Europe/Berlin] [API_HIT] /khatalink/shop/ajax_check_pickup_code.php?order_id=34 | Speed: 26ms | IP: ::1
[30-May-2026 22:15:45 Europe/Berlin] [API_HIT] /khatalink/delivery/Groceries_tasks.php | Speed: 20ms | IP: ::1
[30-May-2026 22:15:45 Europe/Berlin] FCM HTTP 200 Response for shop (ID: 9): {
  "name": "projects/khatalink-63041/messages/730d4522-2a40-4701-9810-22a4a24f9fdb"
}

[30-May-2026 22:15:46 Europe/Berlin] [API_HIT] /khatalink/delivery/ajax_update_location.php | Speed: 4ms | IP: ::1
[30-May-2026 22:15:47 Europe/Berlin] FCM HTTP 200 Response for customer (ID: 10): {
  "name": "projects/khatalink-63041/messages/36df4c8b-7bee-4125-a529-8db0d4e41434"
}

[30-May-2026 22:15:47 Europe/Berlin] FCM HTTP 200 Response for customer (ID: 10): {
  "name": "projects/khatalink-63041/messages/0:1780172148301929%3a1eff913a1eff91"
}

[30-May-2026 22:15:47 Europe/Berlin] [API_HIT] /khatalink/shop/restaurant_dashboard.php?msg=Status+Updated | Speed: 2971ms | IP: ::1
[30-May-2026 22:15:47 Europe/Berlin] [API_HIT] /khatalink/shop/ajax_check_pickup_code.php?order_id=39 | Speed: 2ms | IP: ::1
[30-May-2026 22:15:47 Europe/Berlin] [API_HIT] /khatalink/shop/ajax_check_pickup_code.php?order_id=38 | Speed: 3ms | IP: ::1
[30-May-2026 22:15:47 Europe/Berlin] [API_HIT] /khatalink/shop/restaurant_dashboard.php?msg=Status+Updated | Speed: 11ms | IP: ::1
[30-May-2026 22:15:47 Europe/Berlin] [API_HIT] /khatalink/shop/ajax_check_pickup_code.php?order_id=37 | Speed: 4ms | IP: ::1
[30-May-2026 22:15:52 Europe/Berlin] [API_HIT] /khatalink/customer/ajax_get_order_status.php?order_id=39&customer_id=10 | Speed: 5ms | IP: ::1
[30-May-2026 22:15:52 Europe/Berlin] [API_HIT] /khatalink/customer/Food_order_tracking.php?order_id=39 | Speed: 3ms | IP: ::1
[30-May-2026 22:15:53 Europe/Berlin] [API_HIT] /khatalink/shop/ajax_check_pickup_code.php?order_id=39 | Speed: 4ms | IP: ::1
[30-May-2026 22:15:53 Europe/Berlin] [API_HIT] /khatalink/shop/ajax_check_pickup_code.php?order_id=38 | Speed: 2ms | IP: ::1
[30-May-2026 22:15:53 Europe/Berlin] [API_HIT] /khatalink/shop/ajax_check_pickup_code.php?order_id=37 | Speed: 4ms | IP: ::1
[30-May-2026 22:15:53 Europe/Berlin] [API_HIT] /khatalink/shop/ajax_check_pickup_code.php?order_id=34 | Speed: 26ms | IP: ::1
[30-May-2026 22:15:58 Europe/Berlin] [API_HIT] /khatalink/shop/ajax_check_pickup_code.php?order_id=39 | Speed: 3ms | IP: ::1
[30-May-2026 22:15:58 Europe/Berlin] [API_HIT] /khatalink/shop/ajax_check_pickup_code.php?order_id=38 | Speed: 3ms | IP: ::1
[30-May-2026 22:15:58 Europe/Berlin] [API_HIT] /khatalink/shop/ajax_check_pickup_code.php?order_id=37 | Speed: 3ms | IP: ::1
[30-May-2026 22:15:59 Europe/Berlin] [API_HIT] /khatalink/shop/ajax_check_pickup_code.php?order_id=34 | Speed: 3ms | IP: ::1
[30-May-2026 22:16:03 Europe/Berlin] [API_HIT] /khatalink/shop/ajax_check_pickup_code.php?order_id=39 | Speed: 2ms | IP: ::1
[30-May-2026 22:16:03 Europe/Berlin] [API_HIT] /khatalink/shop/ajax_check_pickup_code.php?order_id=38 | Speed: 19ms | IP: ::1
[30-May-2026 22:16:03 Europe/Berlin] [API_HIT] /khatalink/shop/ajax_check_pickup_code.php?order_id=37 | Speed: 3ms | IP: ::1
[30-May-2026 22:16:04 Europe/Berlin] [API_HIT] /khatalink/shop/ajax_check_pickup_code.php?order_id=34 | Speed: 25ms | IP: ::1
[30-May-2026 22:16:08 Europe/Berlin] [API_HIT] /khatalink/customer/ajax_get_order_status.php?order_id=39&customer_id=10 | Speed: 2ms | IP: ::1
[30-May-2026 22:16:08 Europe/Berlin] [API_HIT] /khatalink/customer/Food_order_tracking.php?order_id=39 | Speed: 3ms | IP: ::1
[30-May-2026 22:16:08 Europe/Berlin] [API_HIT] /khatalink/shop/ajax_check_pickup_code.php?order_id=39 | Speed: 2ms | IP: ::1
[30-May-2026 22:16:08 Europe/Berlin] [API_HIT] /khatalink/shop/ajax_check_pickup_code.php?order_id=38 | Speed: 24ms | IP: ::1
[30-May-2026 22:16:09 Europe/Berlin] [API_HIT] /khatalink/shop/ajax_check_pickup_code.php?order_id=37 | Speed: 2ms | IP: ::1
[30-May-2026 22:16:09 Europe/Berlin] [API_HIT] /khatalink/shop/ajax_check_pickup_code.php?order_id=34 | Speed: 3ms | IP: ::1
[30-May-2026 22:16:13 Europe/Berlin] [API_HIT] /khatalink/shop/ajax_check_pickup_code.php?order_id=39 | Speed: 2ms | IP: ::1
[30-May-2026 22:16:13 Europe/Berlin] [API_HIT] /khatalink/shop/ajax_check_pickup_code.php?order_id=38 | Speed: 2ms | IP: ::1
[30-May-2026 22:16:13 Europe/Berlin] [API_HIT] /khatalink/shop/ajax_check_pickup_code.php?order_id=37 | Speed: 2ms | IP: ::1
[30-May-2026 22:16:14 Europe/Berlin] [API_HIT] /khatalink/shop/ajax_check_pickup_code.php?order_id=34 | Speed: 2ms | IP: ::1
[30-May-2026 22:16:18 Europe/Berlin] [API_HIT] /khatalink/delivery/dashboard.php | Speed: 17ms | IP: ::1
[30-May-2026 22:16:20 Europe/Berlin] [API_HIT] /khatalink/delivery/ajax_update_location.php | Speed: 6ms | IP: ::1
[30-May-2026 22:16:22 Europe/Berlin] [API_HIT] /khatalink/delivery/Groceries_tasks.php | Speed: 22ms | IP: ::1
[30-May-2026 22:16:22 Europe/Berlin] [API_HIT] /khatalink/delivery/ajax_update_location.php | Speed: 5ms | IP: ::1
[30-May-2026 22:16:24 Europe/Berlin] [API_HIT] /khatalink/customer/ajax_get_order_status.php?order_id=39&customer_id=10 | Speed: 2ms | IP: ::1
[30-May-2026 22:16:25 Europe/Berlin] [API_HIT] /khatalink/customer/Food_order_tracking.php?order_id=39 | Speed: 3ms | IP: ::1
[30-May-2026 22:16:27 Europe/Berlin] [API_HIT] /khatalink/customer/Food_order_tracking.php?order_id=39 | Speed: 2ms | IP: ::1
[30-May-2026 22:16:33 Europe/Berlin] [API_HIT] /khatalink/shop/ajax_check_pickup_code.php?order_id=39 | Speed: 3ms | IP: ::1
[30-May-2026 22:16:33 Europe/Berlin] [API_HIT] /khatalink/shop/ajax_check_pickup_code.php?order_id=38 | Speed: 6ms | IP: ::1
[30-May-2026 22:16:34 Europe/Berlin] [API_HIT] /khatalink/shop/ajax_check_pickup_code.php?order_id=37 | Speed: 5ms | IP: ::1
[30-May-2026 22:16:34 Europe/Berlin] [API_HIT] /khatalink/shop/ajax_check_pickup_code.php?order_id=34 | Speed: 3ms | IP: ::1
[30-May-2026 22:16:38 Europe/Berlin] [API_HIT] /khatalink/shop/ajax_check_pickup_code.php?order_id=39 | Speed: 2ms | IP: ::1
[30-May-2026 22:16:38 Europe/Berlin] [API_HIT] /khatalink/shop/ajax_check_pickup_code.php?order_id=38 | Speed: 2ms | IP: ::1
[30-May-2026 22:16:38 Europe/Berlin] [API_HIT] /khatalink/shop/ajax_check_pickup_code.php?order_id=37 | Speed: 2ms | IP: ::1
[30-May-2026 22:16:39 Europe/Berlin] [API_HIT] /khatalink/shop/ajax_check_pickup_code.php?order_id=34 | Speed: 2ms | IP: ::1
[30-May-2026 22:16:43 Europe/Berlin] [API_HIT] /khatalink/shop/ajax_check_pickup_code.php?order_id=39 | Speed: 2ms | IP: ::1
[30-May-2026 22:16:43 Europe/Berlin] [API_HIT] /khatalink/shop/ajax_check_pickup_code.php?order_id=38 | Speed: 2ms | IP: ::1
[30-May-2026 22:16:44 Europe/Berlin] [API_HIT] /khatalink/shop/ajax_check_pickup_code.php?order_id=37 | Speed: 2ms | IP: ::1
[30-May-2026 22:16:44 Europe/Berlin] [API_HIT] /khatalink/shop/ajax_check_pickup_code.php?order_id=34 | Speed: 2ms | IP: ::1
[30-May-2026 22:16:44 Europe/Berlin] [API_HIT] /khatalink/customer/ajax_get_order_status.php?order_id=39&customer_id=10 | Speed: 3ms | IP: ::1
[30-May-2026 22:16:45 Europe/Berlin] [API_HIT] /khatalink/customer/Food_order_tracking.php?order_id=39 | Speed: 26ms | IP: ::1
[30-May-2026 22:16:48 Europe/Berlin] [API_HIT] /khatalink/shop/ajax_check_pickup_code.php?order_id=39 | Speed: 3ms | IP: ::1
[30-May-2026 22:16:48 Europe/Berlin] [API_HIT] /khatalink/shop/ajax_check_pickup_code.php?order_id=38 | Speed: 2ms | IP: ::1
[30-May-2026 22:16:48 Europe/Berlin] [API_HIT] /khatalink/shop/ajax_check_pickup_code.php?order_id=37 | Speed: 38ms | IP: ::1
[30-May-2026 22:16:49 Europe/Berlin] [API_HIT] /khatalink/shop/ajax_check_pickup_code.php?order_id=34 | Speed: 2ms | IP: ::1
[30-May-2026 22:16:53 Europe/Berlin] [API_HIT] /khatalink/shop/ajax_check_pickup_code.php?order_id=39 | Speed: 2ms | IP: ::1
[30-May-2026 22:16:53 Europe/Berlin] [API_HIT] /khatalink/shop/ajax_check_pickup_code.php?order_id=38 | Speed: 2ms | IP: ::1
[30-May-2026 22:16:54 Europe/Berlin] [API_HIT] /khatalink/shop/ajax_check_pickup_code.php?order_id=37 | Speed: 5ms | IP: ::1
[30-May-2026 22:16:54 Europe/Berlin] [API_HIT] /khatalink/shop/ajax_check_pickup_code.php?order_id=34 | Speed: 2ms | IP: ::1
[30-May-2026 22:16:54 Europe/Berlin] [API_HIT] /khatalink/delivery/ajax_update_location.php | Speed: 4ms | IP: ::1
[30-May-2026 22:16:58 Europe/Berlin] [API_HIT] /khatalink/shop/ajax_check_pickup_code.php?order_id=39 | Speed: 3ms | IP: ::1
[30-May-2026 22:16:58 Europe/Berlin] [API_HIT] /khatalink/shop/ajax_check_pickup_code.php?order_id=38 | Speed: 3ms | IP: ::1
[30-May-2026 22:16:58 Europe/Berlin] [API_HIT] /khatalink/shop/ajax_check_pickup_code.php?order_id=37 | Speed: 2ms | IP: ::1
[30-May-2026 22:16:59 Europe/Berlin] [API_HIT] /khatalink/shop/ajax_check_pickup_code.php?order_id=34 | Speed: 33ms | IP: ::1
[30-May-2026 22:17:01 Europe/Berlin] [API_HIT] /khatalink/customer/ajax_get_order_status.php?order_id=39&customer_id=10 | Speed: 2ms | IP: ::1
[30-May-2026 22:17:03 Europe/Berlin] [API_HIT] /khatalink/shop/ajax_check_pickup_code.php?order_id=39 | Speed: 2ms | IP: ::1
[30-May-2026 22:17:03 Europe/Berlin] [API_HIT] /khatalink/customer/Food_order_tracking.php?order_id=39 | Speed: 2ms | IP: ::1
[30-May-2026 22:17:03 Europe/Berlin] [API_HIT] /khatalink/shop/ajax_check_pickup_code.php?order_id=38 | Speed: 2ms | IP: ::1
[30-May-2026 22:17:04 Europe/Berlin] [API_HIT] /khatalink/shop/ajax_check_pickup_code.php?order_id=37 | Speed: 2ms | IP: ::1
[30-May-2026 22:17:04 Europe/Berlin] [API_HIT] /khatalink/shop/ajax_check_pickup_code.php?order_id=34 | Speed: 2ms | IP: ::1
[30-May-2026 22:17:08 Europe/Berlin] [API_HIT] /khatalink/shop/ajax_check_pickup_code.php?order_id=39 | Speed: 2ms | IP: ::1
[30-May-2026 22:17:08 Europe/Berlin] [API_HIT] /khatalink/shop/ajax_check_pickup_code.php?order_id=38 | Speed: 2ms | IP: ::1
[30-May-2026 22:17:08 Europe/Berlin] [API_HIT] /khatalink/shop/ajax_check_pickup_code.php?order_id=37 | Speed: 3ms | IP: ::1
[30-May-2026 22:17:09 Europe/Berlin] [API_HIT] /khatalink/shop/ajax_check_pickup_code.php?order_id=34 | Speed: 3ms | IP: ::1
[30-May-2026 22:17:10 Europe/Berlin] [API_HIT] /khatalink/delivery/Groceries_tasks.php | Speed: 46ms | IP: ::1
[30-May-2026 22:17:13 Europe/Berlin] [API_HIT] /khatalink/shop/ajax_check_pickup_code.php?order_id=39 | Speed: 4ms | IP: ::1
[30-May-2026 22:17:14 Europe/Berlin] [API_HIT] /khatalink/shop/ajax_check_pickup_code.php?order_id=38 | Speed: 25ms | IP: ::1
[30-May-2026 22:17:14 Europe/Berlin] [API_HIT] /khatalink/shop/ajax_check_pickup_code.php?order_id=37 | Speed: 3ms | IP: ::1
[30-May-2026 22:17:15 Europe/Berlin] [API_HIT] /khatalink/shop/ajax_check_pickup_code.php?order_id=34 | Speed: 2ms | IP: ::1
[30-May-2026 22:17:17 Europe/Berlin] [API_HIT] /khatalink/delivery/ajax_update_location.php | Speed: 3ms | IP: ::1
[30-May-2026 22:17:18 Europe/Berlin] [API_HIT] /khatalink/shop/ajax_check_pickup_code.php?order_id=39 | Speed: 2ms | IP: ::1
[30-May-2026 22:17:18 Europe/Berlin] [API_HIT] /khatalink/shop/ajax_check_pickup_code.php?order_id=38 | Speed: 4ms | IP: ::1
[30-May-2026 22:17:18 Europe/Berlin] [API_HIT] /khatalink/shop/ajax_check_pickup_code.php?order_id=37 | Speed: 4ms | IP: ::1
[30-May-2026 22:17:19 Europe/Berlin] [API_HIT] /khatalink/shop/ajax_check_pickup_code.php?order_id=34 | Speed: 2ms | IP: ::1
[30-May-2026 22:17:22 Europe/Berlin] [API_HIT] /khatalink/customer/ajax_get_order_status.php?order_id=39&customer_id=10 | Speed: 19ms | IP: ::1
[30-May-2026 22:17:23 Europe/Berlin] [API_HIT] /khatalink/shop/ajax_check_pickup_code.php?order_id=39 | Speed: 3ms | IP: ::1
[30-May-2026 22:17:23 Europe/Berlin] [API_HIT] /khatalink/customer/Food_order_tracking.php?order_id=39 | Speed: 5ms | IP: ::1
[30-May-2026 22:17:23 Europe/Berlin] [API_HIT] /khatalink/shop/ajax_check_pickup_code.php?order_id=38 | Speed: 3ms | IP: ::1
[30-May-2026 22:17:23 Europe/Berlin] [API_HIT] /khatalink/shop/ajax_check_pickup_code.php?order_id=37 | Speed: 3ms | IP: ::1
[30-May-2026 22:17:24 Europe/Berlin] [API_HIT] /khatalink/shop/ajax_check_pickup_code.php?order_id=34 | Speed: 3ms | IP: ::1
[30-May-2026 22:17:28 Europe/Berlin] [API_HIT] /khatalink/shop/ajax_check_pickup_code.php?order_id=39 | Speed: 3ms | IP: ::1
[30-May-2026 22:17:29 Europe/Berlin] [API_HIT] /khatalink/shop/ajax_check_pickup_code.php?order_id=38 | Speed: 2ms | IP: ::1
[30-May-2026 22:17:29 Europe/Berlin] [API_HIT] /khatalink/shop/ajax_check_pickup_code.php?order_id=37 | Speed: 3ms | IP: ::1
[30-May-2026 22:17:29 Europe/Berlin] [API_HIT] /khatalink/shop/ajax_check_pickup_code.php?order_id=34 | Speed: 3ms | IP: ::1
[30-May-2026 22:17:33 Europe/Berlin] [API_HIT] /khatalink/shop/ajax_check_pickup_code.php?order_id=39 | Speed: 3ms | IP: ::1
[30-May-2026 22:17:33 Europe/Berlin] [API_HIT] /khatalink/shop/ajax_check_pickup_code.php?order_id=38 | Speed: 3ms | IP: ::1
[30-May-2026 22:17:33 Europe/Berlin] [API_HIT] /khatalink/shop/ajax_check_pickup_code.php?order_id=37 | Speed: 3ms | IP: ::1
[30-May-2026 22:17:34 Europe/Berlin] [API_HIT] /khatalink/shop/ajax_check_pickup_code.php?order_id=34 | Speed: 2ms | IP: ::1
[30-May-2026 22:17:38 Europe/Berlin] [API_HIT] /khatalink/shop/ajax_check_pickup_code.php?order_id=39 | Speed: 3ms | IP: ::1
[30-May-2026 22:17:39 Europe/Berlin] [API_HIT] /khatalink/shop/ajax_check_pickup_code.php?order_id=38 | Speed: 3ms | IP: ::1
[30-May-2026 22:17:39 Europe/Berlin] [API_HIT] /khatalink/shop/ajax_check_pickup_code.php?order_id=37 | Speed: 3ms | IP: ::1
[30-May-2026 22:17:39 Europe/Berlin] [API_HIT] /khatalink/shop/ajax_check_pickup_code.php?order_id=34 | Speed: 50ms | IP: ::1
[30-May-2026 22:17:40 Europe/Berlin] [API_HIT] /khatalink/customer/ajax_get_order_status.php?order_id=39&customer_id=10 | Speed: 10ms | IP: ::1
[30-May-2026 22:17:40 Europe/Berlin] [API_HIT] /khatalink/customer/Food_order_tracking.php?order_id=39 | Speed: 3ms | IP: ::1
[30-May-2026 22:17:45 Europe/Berlin] [API_HIT] /khatalink/shop/ajax_check_pickup_code.php?order_id=39 | Speed: 6ms | IP: ::1
[30-May-2026 22:17:47 Europe/Berlin] [API_HIT] /khatalink/shop/ajax_check_pickup_code.php?order_id=38 | Speed: 3ms | IP: ::1
[30-May-2026 22:17:47 Europe/Berlin] [API_HIT] /khatalink/shop/ajax_check_pickup_code.php?order_id=37 | Speed: 3ms | IP: ::1
[30-May-2026 22:17:47 Europe/Berlin] [API_HIT] /khatalink/shop/ajax_check_pickup_code.php?order_id=34 | Speed: 22ms | IP: ::1
[30-May-2026 22:17:48 Europe/Berlin] [API_HIT] /khatalink/shop/ajax_check_pickup_code.php?order_id=39 | Speed: 3ms | IP: ::1
[30-May-2026 22:17:48 Europe/Berlin] [API_HIT] /khatalink/shop/ajax_check_pickup_code.php?order_id=38 | Speed: 4ms | IP: ::1
[30-May-2026 22:17:48 Europe/Berlin] [API_HIT] /khatalink/shop/ajax_check_pickup_code.php?order_id=37 | Speed: 4ms | IP: ::1
[30-May-2026 22:17:49 Europe/Berlin] [API_HIT] /khatalink/shop/ajax_check_pickup_code.php?order_id=34 | Speed: 3ms | IP: ::1
[30-May-2026 22:17:50 Europe/Berlin] [API_HIT] /khatalink/delivery/ajax_update_location.php | Speed: 7ms | IP: ::1
[30-May-2026 22:17:53 Europe/Berlin] [API_HIT] /khatalink/shop/ajax_check_pickup_code.php?order_id=39 | Speed: 3ms | IP: ::1
[30-May-2026 22:17:53 Europe/Berlin] [API_HIT] /khatalink/shop/ajax_check_pickup_code.php?order_id=38 | Speed: 5ms | IP: ::1
[30-May-2026 22:17:53 Europe/Berlin] [API_HIT] /khatalink/shop/ajax_check_pickup_code.php?order_id=37 | Speed: 3ms | IP: ::1
[30-May-2026 22:17:54 Europe/Berlin] [API_HIT] /khatalink/shop/ajax_check_pickup_code.php?order_id=34 | Speed: 3ms | IP: ::1
[30-May-2026 22:17:58 Europe/Berlin] [API_HIT] /khatalink/shop/ajax_check_pickup_code.php?order_id=39 | Speed: 6ms | IP: ::1
[30-May-2026 22:17:58 Europe/Berlin] [API_HIT] /khatalink/shop/ajax_check_pickup_code.php?order_id=38 | Speed: 3ms | IP: ::1
[30-May-2026 22:17:58 Europe/Berlin] [API_HIT] /khatalink/customer/ajax_get_order_status.php?order_id=39&customer_id=10 | Speed: 4ms | IP: ::1
[30-May-2026 22:17:58 Europe/Berlin] [API_HIT] /khatalink/shop/ajax_check_pickup_code.php?order_id=37 | Speed: 2ms | IP: ::1
[30-May-2026 22:17:59 Europe/Berlin] [API_HIT] /khatalink/shop/ajax_check_pickup_code.php?order_id=34 | Speed: 54ms | IP: ::1
[30-May-2026 22:17:59 Europe/Berlin] [API_HIT] /khatalink/delivery/Groceries_tasks.php | Speed: 107ms | IP: ::1
[30-May-2026 22:18:08 Europe/Berlin] [API_HIT] /khatalink/delivery/ajax_update_location.php | Speed: 4ms | IP: ::1
[30-May-2026 22:18:13 Europe/Berlin] [API_HIT] /khatalink/customer/ajax_get_order_status.php?order_id=39&customer_id=10 | Speed: 6ms | IP: ::1
[30-May-2026 22:18:13 Europe/Berlin] [API_HIT] /khatalink/customer/Food_order_tracking.php?order_id=39 | Speed: 3ms | IP: ::1
[30-May-2026 22:18:13 Europe/Berlin] [API_HIT] /khatalink/customer/Food_order_tracking.php?order_id=39 | Speed: 3ms | IP: ::1
[30-May-2026 22:18:30 Europe/Berlin] [API_HIT] /khatalink/customer/ajax_get_order_status.php?order_id=39&customer_id=10 | Speed: 2ms | IP: ::1
[30-May-2026 22:18:30 Europe/Berlin] [API_HIT] /khatalink/customer/Food_order_tracking.php?order_id=39 | Speed: 3ms | IP: ::1
[30-May-2026 22:18:35 Europe/Berlin] [API_HIT] /khatalink/delivery/ajax_update_location.php | Speed: 4ms | IP: ::1
[30-May-2026 22:18:46 Europe/Berlin] [API_HIT] /khatalink/delivery/Groceries_tasks.php | Speed: 24ms | IP: ::1
[30-May-2026 22:18:46 Europe/Berlin] [API_HIT] /khatalink/customer/ajax_get_order_status.php?order_id=39&customer_id=10 | Speed: 3ms | IP: ::1
[30-May-2026 22:18:46 Europe/Berlin] [API_HIT] /khatalink/customer/Food_order_tracking.php?order_id=39 | Speed: 3ms | IP: ::1
[30-May-2026 22:18:51 Europe/Berlin] [API_HIT] /khatalink/delivery/ajax_update_location.php | Speed: 9ms | IP: ::1
[30-May-2026 22:19:03 Europe/Berlin] [API_HIT] /khatalink/customer/ajax_get_order_status.php?order_id=39&customer_id=10 | Speed: 3ms | IP: ::1
[30-May-2026 22:19:03 Europe/Berlin] [API_HIT] /khatalink/customer/Food_order_tracking.php?order_id=39 | Speed: 5ms | IP: ::1
[30-May-2026 22:19:19 Europe/Berlin] [API_HIT] /khatalink/delivery/ajax_update_location.php | Speed: 4ms | IP: ::1
[30-May-2026 22:19:19 Europe/Berlin] [API_HIT] /khatalink/customer/ajax_get_order_status.php?order_id=39&customer_id=10 | Speed: 3ms | IP: ::1
[30-May-2026 22:19:20 Europe/Berlin] [API_HIT] /khatalink/customer/Food_order_tracking.php?order_id=39 | Speed: 4ms | IP: ::1
[30-May-2026 22:19:33 Europe/Berlin] [API_HIT] /khatalink/delivery/Groceries_tasks.php | Speed: 29ms | IP: ::1
[30-May-2026 22:19:38 Europe/Berlin] [API_HIT] /khatalink/customer/ajax_get_order_status.php?order_id=39&customer_id=10 | Speed: 4ms | IP: ::1
[30-May-2026 22:19:38 Europe/Berlin] [API_HIT] /khatalink/customer/Food_order_tracking.php?order_id=39 | Speed: 28ms | IP: ::1
[30-May-2026 22:19:39 Europe/Berlin] [API_HIT] /khatalink/delivery/ajax_update_location.php | Speed: 5ms | IP: ::1
[30-May-2026 22:19:55 Europe/Berlin] [API_HIT] /khatalink/customer/ajax_get_order_status.php?order_id=39&customer_id=10 | Speed: 3ms | IP: ::1
[30-May-2026 22:19:55 Europe/Berlin] [API_HIT] /khatalink/customer/Food_order_tracking.php?order_id=39 | Speed: 7ms | IP: ::1
[30-May-2026 22:20:09 Europe/Berlin] [API_HIT] /khatalink/delivery/ajax_update_location.php | Speed: 3ms | IP: ::1
[30-May-2026 22:20:11 Europe/Berlin] [API_HIT] /khatalink/customer/ajax_get_order_status.php?order_id=39&customer_id=10 | Speed: 3ms | IP: ::1
[30-May-2026 22:20:11 Europe/Berlin] [API_HIT] /khatalink/customer/Food_order_tracking.php?order_id=39 | Speed: 3ms | IP: ::1
[30-May-2026 22:20:22 Europe/Berlin] [API_HIT] /khatalink/delivery/Groceries_tasks.php | Speed: 1778ms | IP: ::1
[30-May-2026 22:20:23 Europe/Berlin] [API_HIT] /khatalink/delivery/ajax_update_location.php | Speed: 4ms | IP: ::1
[30-May-2026 22:20:27 Europe/Berlin] [API_HIT] /khatalink/customer/ajax_get_order_status.php?order_id=39&customer_id=10 | Speed: 2ms | IP: ::1
[30-May-2026 22:20:27 Europe/Berlin] [API_HIT] /khatalink/customer/Food_order_tracking.php?order_id=39 | Speed: 3ms | IP: ::1
[30-May-2026 22:20:43 Europe/Berlin] [API_HIT] /khatalink/customer/ajax_get_order_status.php?order_id=39&customer_id=10 | Speed: 3ms | IP: ::1
[30-May-2026 22:20:43 Europe/Berlin] [API_HIT] /khatalink/customer/Food_order_tracking.php?order_id=39 | Speed: 4ms | IP: ::1
[30-May-2026 22:20:58 Europe/Berlin] [API_HIT] /khatalink/delivery/ajax_update_location.php | Speed: 4ms | IP: ::1
[30-May-2026 22:20:59 Europe/Berlin] [API_HIT] /khatalink/customer/ajax_get_order_status.php?order_id=39&customer_id=10 | Speed: 2ms | IP: ::1
[30-May-2026 22:20:59 Europe/Berlin] [API_HIT] /khatalink/customer/Food_order_tracking.php?order_id=39 | Speed: 3ms | IP: ::1
[30-May-2026 22:21:09 Europe/Berlin] [API_HIT] /khatalink/delivery/Groceries_tasks.php | Speed: 35ms | IP: ::1
[30-May-2026 22:21:09 Europe/Berlin] [API_HIT] /khatalink/delivery/ajax_update_location.php | Speed: 4ms | IP: ::1
[30-May-2026 22:21:16 Europe/Berlin] [API_HIT] /khatalink/customer/ajax_get_order_status.php?order_id=39&customer_id=10 | Speed: 4ms | IP: ::1
[30-May-2026 22:21:16 Europe/Berlin] [API_HIT] /khatalink/customer/Food_order_tracking.php?order_id=39 | Speed: 3ms | IP: ::1
[30-May-2026 22:21:32 Europe/Berlin] [API_HIT] /khatalink/customer/ajax_get_order_status.php?order_id=39&customer_id=10 | Speed: 4ms | IP: ::1
[30-May-2026 22:21:32 Europe/Berlin] [API_HIT] /khatalink/customer/Food_order_tracking.php?order_id=39 | Speed: 3ms | IP: ::1
[30-May-2026 22:21:44 Europe/Berlin] [API_HIT] /khatalink/delivery/ajax_update_location.php | Speed: 5ms | IP: ::1
[30-May-2026 22:21:49 Europe/Berlin] [API_HIT] /khatalink/customer/ajax_get_order_status.php?order_id=39&customer_id=10 | Speed: 3ms | IP: ::1
[30-May-2026 22:21:49 Europe/Berlin] [API_HIT] /khatalink/customer/Food_order_tracking.php?order_id=39 | Speed: 4ms | IP: ::1
[30-May-2026 22:21:55 Europe/Berlin] [API_HIT] /khatalink/delivery/Groceries_tasks.php | Speed: 48ms | IP: ::1
[30-May-2026 22:22:00 Europe/Berlin] [API_HIT] /khatalink/delivery/ajax_update_location.php | Speed: 4ms | IP: ::1
[30-May-2026 22:22:05 Europe/Berlin] [API_HIT] /khatalink/customer/ajax_get_order_status.php?order_id=39&customer_id=10 | Speed: 4ms | IP: ::1
[30-May-2026 22:22:05 Europe/Berlin] [API_HIT] /khatalink/customer/Food_order_tracking.php?order_id=39 | Speed: 4ms | IP: ::1
[30-May-2026 22:22:21 Europe/Berlin] [API_HIT] /khatalink/customer/ajax_get_order_status.php?order_id=39&customer_id=10 | Speed: 4ms | IP: ::1
[30-May-2026 22:22:21 Europe/Berlin] [API_HIT] /khatalink/customer/Food_order_tracking.php?order_id=39 | Speed: 3ms | IP: ::1
[30-May-2026 22:22:31 Europe/Berlin] [API_HIT] /khatalink/delivery/ajax_update_location.php | Speed: 4ms | IP: ::1
[30-May-2026 22:22:37 Europe/Berlin] [API_HIT] /khatalink/customer/ajax_get_order_status.php?order_id=39&customer_id=10 | Speed: 3ms | IP: ::1
[30-May-2026 22:22:37 Europe/Berlin] [API_HIT] /khatalink/customer/Food_order_tracking.php?order_id=39 | Speed: 3ms | IP: ::1
[30-May-2026 22:22:41 Europe/Berlin] [API_HIT] /khatalink/delivery/Groceries_tasks.php | Speed: 41ms | IP: ::1
[30-May-2026 22:22:46 Europe/Berlin] [API_HIT] /khatalink/delivery/ajax_update_location.php | Speed: 4ms | IP: ::1
[30-May-2026 22:22:54 Europe/Berlin] [API_HIT] /khatalink/customer/ajax_get_order_status.php?order_id=39&customer_id=10 | Speed: 3ms | IP: ::1
[30-May-2026 22:22:54 Europe/Berlin] [API_HIT] /khatalink/customer/Food_order_tracking.php?order_id=39 | Speed: 4ms | IP: ::1
[30-May-2026 22:23:10 Europe/Berlin] [API_HIT] /khatalink/customer/ajax_get_order_status.php?order_id=39&customer_id=10 | Speed: 3ms | IP: ::1
[30-May-2026 22:23:10 Europe/Berlin] [API_HIT] /khatalink/customer/Food_order_tracking.php?order_id=39 | Speed: 3ms | IP: ::1
[30-May-2026 22:23:16 Europe/Berlin] [API_HIT] /khatalink/delivery/ajax_update_location.php | Speed: 10ms | IP: ::1
[30-May-2026 22:23:27 Europe/Berlin] [API_HIT] /khatalink/customer/ajax_get_order_status.php?order_id=39&customer_id=10 | Speed: 5ms | IP: ::1
[30-May-2026 22:23:27 Europe/Berlin] [API_HIT] /khatalink/delivery/Groceries_tasks.php | Speed: 47ms | IP: ::1
[30-May-2026 22:23:27 Europe/Berlin] [API_HIT] /khatalink/customer/Food_order_tracking.php?order_id=39 | Speed: 3ms | IP: ::1
[30-May-2026 22:23:32 Europe/Berlin] [API_HIT] /khatalink/delivery/ajax_update_location.php | Speed: 4ms | IP: ::1
[30-May-2026 22:23:44 Europe/Berlin] [API_HIT] /khatalink/customer/ajax_get_order_status.php?order_id=39&customer_id=10 | Speed: 3ms | IP: ::1
[30-May-2026 22:23:44 Europe/Berlin] [API_HIT] /khatalink/customer/Food_order_tracking.php?order_id=39 | Speed: 3ms | IP: ::1
[30-May-2026 22:24:01 Europe/Berlin] [API_HIT] /khatalink/customer/ajax_get_order_status.php?order_id=39&customer_id=10 | Speed: 4ms | IP: ::1
[30-May-2026 22:24:01 Europe/Berlin] [API_HIT] /khatalink/customer/Food_order_tracking.php?order_id=39 | Speed: 22ms | IP: ::1
[30-May-2026 22:24:02 Europe/Berlin] [API_HIT] /khatalink/delivery/ajax_update_location.php | Speed: 4ms | IP: ::1
[30-May-2026 22:24:13 Europe/Berlin] [API_HIT] /khatalink/delivery/Groceries_tasks.php | Speed: 35ms | IP: ::1
[30-May-2026 22:24:17 Europe/Berlin] [API_HIT] /khatalink/delivery/ajax_update_location.php | Speed: 6ms | IP: ::1
[30-May-2026 22:24:18 Europe/Berlin] [API_HIT] /khatalink/customer/ajax_get_order_status.php?order_id=39&customer_id=10 | Speed: 3ms | IP: ::1
[30-May-2026 22:24:18 Europe/Berlin] [API_HIT] /khatalink/customer/Food_order_tracking.php?order_id=39 | Speed: 4ms | IP: ::1
[30-May-2026 22:24:35 Europe/Berlin] [API_HIT] /khatalink/customer/ajax_get_order_status.php?order_id=39&customer_id=10 | Speed: 4ms | IP: ::1
[30-May-2026 22:24:35 Europe/Berlin] [API_HIT] /khatalink/customer/Food_order_tracking.php?order_id=39 | Speed: 3ms | IP: ::1
[30-May-2026 22:24:44 Europe/Berlin] [API_HIT] /khatalink/delivery/ajax_update_location.php | Speed: 4ms | IP: ::1
[30-May-2026 22:24:51 Europe/Berlin] [API_HIT] /khatalink/customer/ajax_get_order_status.php?order_id=39&customer_id=10 | Speed: 3ms | IP: ::1
[30-May-2026 22:24:51 Europe/Berlin] [API_HIT] /khatalink/customer/Food_order_tracking.php?order_id=39 | Speed: 3ms | IP: ::1
[30-May-2026 22:24:59 Europe/Berlin] [API_HIT] /khatalink/delivery/Groceries_tasks.php | Speed: 48ms | IP: ::1
[30-May-2026 22:25:06 Europe/Berlin] [API_HIT] /khatalink/delivery/ajax_update_location.php | Speed: 5ms | IP: ::1
[30-May-2026 22:25:07 Europe/Berlin] [API_HIT] /khatalink/customer/ajax_get_order_status.php?order_id=39&customer_id=10 | Speed: 4ms | IP: ::1
[30-May-2026 22:25:08 Europe/Berlin] [API_HIT] /khatalink/customer/Food_order_tracking.php?order_id=39 | Speed: 3ms | IP: ::1
[30-May-2026 22:25:24 Europe/Berlin] [API_HIT] /khatalink/customer/ajax_get_order_status.php?order_id=39&customer_id=10 | Speed: 3ms | IP: ::1
[30-May-2026 22:25:24 Europe/Berlin] [API_HIT] /khatalink/customer/Food_order_tracking.php?order_id=39 | Speed: 8ms | IP: ::1
[30-May-2026 22:25:35 Europe/Berlin] [API_HIT] /khatalink/delivery/ajax_update_location.php | Speed: 4ms | IP: ::1
[30-May-2026 22:25:40 Europe/Berlin] [API_HIT] /khatalink/customer/ajax_get_order_status.php?order_id=39&customer_id=10 | Speed: 3ms | IP: ::1
[30-May-2026 22:25:40 Europe/Berlin] [API_HIT] /khatalink/customer/Food_order_tracking.php?order_id=39 | Speed: 12ms | IP: ::1
[30-May-2026 22:25:46 Europe/Berlin] [API_HIT] /khatalink/delivery/Groceries_tasks.php | Speed: 25ms | IP: ::1
[30-May-2026 22:25:50 Europe/Berlin] [API_HIT] /khatalink/delivery/ajax_update_location.php | Speed: 5ms | IP: ::1
[30-May-2026 22:25:56 Europe/Berlin] [API_HIT] /khatalink/customer/ajax_get_order_status.php?order_id=39&customer_id=10 | Speed: 3ms | IP: ::1
[30-May-2026 22:25:56 Europe/Berlin] [API_HIT] /khatalink/customer/Food_order_tracking.php?order_id=39 | Speed: 3ms | IP: ::1
[30-May-2026 22:26:12 Europe/Berlin] [API_HIT] /khatalink/customer/ajax_get_order_status.php?order_id=39&customer_id=10 | Speed: 15ms | IP: ::1
[30-May-2026 22:26:12 Europe/Berlin] [API_HIT] /khatalink/customer/Food_order_tracking.php?order_id=39 | Speed: 3ms | IP: ::1
[30-May-2026 22:26:21 Europe/Berlin] [API_HIT] /khatalink/delivery/ajax_update_location.php | Speed: 5ms | IP: ::1
[30-May-2026 22:26:23 Europe/Berlin] [API_HIT] /khatalink/shop/ajax_check_pickup_code.php?order_id=39 | Speed: 5ms | IP: ::1
[30-May-2026 22:26:24 Europe/Berlin] [API_HIT] /khatalink/shop/ajax_check_pickup_code.php?order_id=38 | Speed: 4ms | IP: ::1
[30-May-2026 22:26:24 Europe/Berlin] [API_HIT] /khatalink/shop/ajax_check_pickup_code.php?order_id=37 | Speed: 2ms | IP: ::1
[30-May-2026 22:26:24 Europe/Berlin] [API_HIT] /khatalink/shop/ajax_check_pickup_code.php?order_id=34 | Speed: 3ms | IP: ::1
[30-May-2026 22:26:25 Europe/Berlin] [API_HIT] /khatalink/shop/restaurant_dashboard.php?msg=Status+Updated | Speed: 31ms | IP: ::1
[30-May-2026 22:26:29 Europe/Berlin] FCM HTTP 200 Response for shop (ID: 9): {
  "name": "projects/khatalink-63041/messages/b3b3a73e-e0b1-4840-93cc-a2b6b71d563a"
}

[30-May-2026 22:26:30 Europe/Berlin] FCM HTTP 200 Response for customer (ID: 10): {
  "name": "projects/khatalink-63041/messages/c6543538-eb9a-4467-9f34-02f5c13a2725"
}

[30-May-2026 22:26:30 Europe/Berlin] FCM HTTP 200 Response for customer (ID: 10): {
  "name": "projects/khatalink-63041/messages/0:1780172791314991%3a1eff913a1eff91"
}

[30-May-2026 22:26:30 Europe/Berlin] [API_HIT] /khatalink/shop/restaurant_dashboard.php?msg=Status+Updated | Speed: 2879ms | IP: ::1
[30-May-2026 22:26:30 Europe/Berlin] [API_HIT] /khatalink/customer/ajax_get_order_status.php?order_id=39&customer_id=10 | Speed: 5ms | IP: ::1
[30-May-2026 22:26:30 Europe/Berlin] [API_HIT] /khatalink/shop/ajax_check_pickup_code.php?order_id=39 | Speed: 2ms | IP: ::1
[30-May-2026 22:26:30 Europe/Berlin] [API_HIT] /khatalink/shop/restaurant_dashboard.php?msg=Status+Updated | Speed: 12ms | IP: ::1
[30-May-2026 22:26:30 Europe/Berlin] [API_HIT] /khatalink/shop/ajax_check_pickup_code.php?order_id=38 | Speed: 3ms | IP: ::1
[30-May-2026 22:26:30 Europe/Berlin] [API_HIT] /khatalink/customer/Food_order_tracking.php?order_id=39 | Speed: 3ms | IP: ::1
[30-May-2026 22:26:32 Europe/Berlin] [API_HIT] /khatalink/delivery/Groceries_tasks.php | Speed: 33ms | IP: ::1
[30-May-2026 22:26:38 Europe/Berlin] [API_HIT] /khatalink/delivery/dashboard.php | Speed: 32ms | IP: ::1
[30-May-2026 22:26:40 Europe/Berlin] [API_HIT] /khatalink/delivery/ajax_update_location.php | Speed: 5ms | IP: ::1
[30-May-2026 22:26:44 Europe/Berlin] [API_HIT] /khatalink/shop/ajax_check_pickup_code.php?order_id=35 | Speed: 3ms | IP: ::1
[30-May-2026 22:26:53 Europe/Berlin] [API_HIT] /khatalink/shop/ajax_check_pickup_code.php?order_id=35 | Speed: 12ms | IP: ::1
[30-May-2026 22:26:53 Europe/Berlin] [API_HIT] /khatalink/customer/ajax_get_order_status.php?order_id=39&customer_id=10 | Speed: 17ms | IP: ::1
[30-May-2026 22:26:54 Europe/Berlin] [API_HIT] /khatalink/customer/Food_order_tracking.php?order_id=39 | Speed: 15ms | IP: ::1
[30-May-2026 22:26:55 Europe/Berlin] [API_HIT] /khatalink/shop/ajax_check_pickup_code.php?order_id=35 | Speed: 3ms | IP: ::1
[30-May-2026 22:27:00 Europe/Berlin] [API_HIT] /khatalink/shop/ajax_check_pickup_code.php?order_id=35 | Speed: 2ms | IP: ::1
[30-May-2026 22:27:05 Europe/Berlin] [API_HIT] /khatalink/shop/ajax_check_pickup_code.php?order_id=35 | Speed: 3ms | IP: ::1
[30-May-2026 22:27:09 Europe/Berlin] [API_HIT] /khatalink/shop/ajax_check_pickup_code.php?order_id=35 | Speed: 3ms | IP: ::1
[30-May-2026 22:27:11 Europe/Berlin] [API_HIT] /khatalink/customer/ajax_get_order_status.php?order_id=39&customer_id=10 | Speed: 5ms | IP: ::1
[30-May-2026 22:27:12 Europe/Berlin] [API_HIT] /khatalink/customer/Food_order_tracking.php?order_id=39 | Speed: 3ms | IP: ::1
[30-May-2026 22:27:14 Europe/Berlin] [API_HIT] /khatalink/delivery/ajax_update_location.php | Speed: 5ms | IP: ::1
[30-May-2026 22:27:15 Europe/Berlin] [API_HIT] /khatalink/shop/ajax_check_pickup_code.php?order_id=35 | Speed: 2ms | IP: ::1
[30-May-2026 22:27:20 Europe/Berlin] [API_HIT] /khatalink/shop/ajax_check_pickup_code.php?order_id=35 | Speed: 3ms | IP: ::1
[30-May-2026 22:27:25 Europe/Berlin] [API_HIT] /khatalink/shop/ajax_check_pickup_code.php?order_id=35 | Speed: 3ms | IP: ::1
[30-May-2026 22:27:28 Europe/Berlin] [API_HIT] /khatalink/customer/ajax_get_order_status.php?order_id=39&customer_id=10 | Speed: 3ms | IP: ::1
[30-May-2026 22:27:28 Europe/Berlin] [API_HIT] /khatalink/customer/Food_order_tracking.php?order_id=39 | Speed: 3ms | IP: ::1
[30-May-2026 22:27:30 Europe/Berlin] [API_HIT] /khatalink/shop/ajax_check_pickup_code.php?order_id=35 | Speed: 2ms | IP: ::1
[30-May-2026 22:27:35 Europe/Berlin] [API_HIT] /khatalink/shop/ajax_check_pickup_code.php?order_id=35 | Speed: 3ms | IP: ::1
[30-May-2026 22:27:40 Europe/Berlin] [API_HIT] /khatalink/shop/ajax_check_pickup_code.php?order_id=35 | Speed: 2ms | IP: ::1
[30-May-2026 22:27:44 Europe/Berlin] [API_HIT] /khatalink/delivery/ajax_update_location.php | Speed: 4ms | IP: ::1
[30-May-2026 22:27:44 Europe/Berlin] [API_HIT] /khatalink/customer/ajax_get_order_status.php?order_id=39&customer_id=10 | Speed: 2ms | IP: ::1
[30-May-2026 22:27:45 Europe/Berlin] [API_HIT] /khatalink/customer/Food_order_tracking.php?order_id=39 | Speed: 3ms | IP: ::1
[30-May-2026 22:27:45 Europe/Berlin] [API_HIT] /khatalink/shop/ajax_check_pickup_code.php?order_id=35 | Speed: 4ms | IP: ::1
[30-May-2026 22:28:01 Europe/Berlin] [API_HIT] /khatalink/customer/ajax_get_order_status.php?order_id=39&customer_id=10 | Speed: 2ms | IP: ::1
[30-May-2026 22:28:01 Europe/Berlin] [API_HIT] /khatalink/customer/Food_order_tracking.php?order_id=39 | Speed: 3ms | IP: ::1
[30-May-2026 22:28:14 Europe/Berlin] [API_HIT] /khatalink/delivery/ajax_update_location.php | Speed: 3ms | IP: ::1
[30-May-2026 22:28:17 Europe/Berlin] [API_HIT] /khatalink/customer/ajax_get_order_status.php?order_id=39&customer_id=10 | Speed: 3ms | IP: ::1
[30-May-2026 22:28:17 Europe/Berlin] [API_HIT] /khatalink/customer/Food_order_tracking.php?order_id=39 | Speed: 4ms | IP: ::1
[30-May-2026 22:28:33 Europe/Berlin] [API_HIT] /khatalink/customer/ajax_get_order_status.php?order_id=39&customer_id=10 | Speed: 2ms | IP: ::1
[30-May-2026 22:28:33 Europe/Berlin] [API_HIT] /khatalink/customer/Food_order_tracking.php?order_id=39 | Speed: 3ms | IP: ::1
[30-May-2026 22:28:39 Europe/Berlin] [API_HIT] /khatalink/shop/ajax_check_pickup_code.php?order_id=35 | Speed: 3ms | IP: ::1
[30-May-2026 22:28:44 Europe/Berlin] [API_HIT] /khatalink/delivery/ajax_update_location.php | Speed: 6ms | IP: ::1
[30-May-2026 22:28:49 Europe/Berlin] [API_HIT] /khatalink/customer/ajax_get_order_status.php?order_id=39&customer_id=10 | Speed: 3ms | IP: ::1
[30-May-2026 22:28:49 Europe/Berlin] [API_HIT] /khatalink/customer/Food_order_tracking.php?order_id=39 | Speed: 4ms | IP: ::1
[30-May-2026 22:29:05 Europe/Berlin] [API_HIT] /khatalink/customer/ajax_get_order_status.php?order_id=39&customer_id=10 | Speed: 3ms | IP: ::1
[30-May-2026 22:29:05 Europe/Berlin] [API_HIT] /khatalink/customer/Food_order_tracking.php?order_id=39 | Speed: 4ms | IP: ::1
[30-May-2026 22:29:14 Europe/Berlin] [API_HIT] /khatalink/delivery/ajax_update_location.php | Speed: 8ms | IP: ::1
[30-May-2026 22:29:21 Europe/Berlin] [API_HIT] /khatalink/customer/ajax_get_order_status.php?order_id=39&customer_id=10 | Speed: 3ms | IP: ::1
[30-May-2026 22:29:21 Europe/Berlin] [API_HIT] /khatalink/customer/Food_order_tracking.php?order_id=39 | Speed: 3ms | IP: ::1
[30-May-2026 22:29:37 Europe/Berlin] [API_HIT] /khatalink/customer/ajax_get_order_status.php?order_id=39&customer_id=10 | Speed: 3ms | IP: ::1
[30-May-2026 22:29:37 Europe/Berlin] [API_HIT] /khatalink/customer/Food_order_tracking.php?order_id=39 | Speed: 4ms | IP: ::1
[30-May-2026 22:29:39 Europe/Berlin] [API_HIT] /khatalink/shop/ajax_check_pickup_code.php?order_id=35 | Speed: 3ms | IP: ::1
[30-May-2026 22:29:44 Europe/Berlin] [API_HIT] /khatalink/delivery/ajax_update_location.php | Speed: 6ms | IP: ::1
[30-May-2026 22:29:53 Europe/Berlin] [API_HIT] /khatalink/customer/ajax_get_order_status.php?order_id=39&customer_id=10 | Speed: 3ms | IP: ::1
[30-May-2026 22:29:53 Europe/Berlin] [API_HIT] /khatalink/customer/Food_order_tracking.php?order_id=39 | Speed: 3ms | IP: ::1
[30-May-2026 22:30:09 Europe/Berlin] [API_HIT] /khatalink/customer/ajax_get_order_status.php?order_id=39&customer_id=10 | Speed: 4ms | IP: ::1
[30-May-2026 22:30:09 Europe/Berlin] [API_HIT] /khatalink/customer/Food_order_tracking.php?order_id=39 | Speed: 3ms | IP: ::1
[30-May-2026 22:30:14 Europe/Berlin] [API_HIT] /khatalink/shop/ajax_check_pickup_code.php?order_id=39 | Speed: 4ms | IP: ::1
[30-May-2026 22:30:14 Europe/Berlin] [API_HIT] /khatalink/shop/ajax_check_pickup_code.php?order_id=38 | Speed: 3ms | IP: ::1
[30-May-2026 22:30:14 Europe/Berlin] [API_HIT] /khatalink/shop/ajax_check_pickup_code.php?order_id=37 | Speed: 4ms | IP: ::1
[30-May-2026 22:30:14 Europe/Berlin] [API_HIT] /khatalink/shop/ajax_check_pickup_code.php?order_id=34 | Speed: 4ms | IP: ::1
[30-May-2026 22:30:15 Europe/Berlin] [API_HIT] /khatalink/shop/restaurant_dashboard.php?msg=Status+Updated | Speed: 26ms | IP: ::1
[30-May-2026 22:30:20 Europe/Berlin] FCM HTTP 200 Response for shop (ID: 9): {
  "name": "projects/khatalink-63041/messages/3bf6b25d-1d58-4f44-bec2-30743f99bf1d"
}

[30-May-2026 22:30:21 Europe/Berlin] FCM HTTP 200 Response for customer (ID: 10): {
  "name": "projects/khatalink-63041/messages/d92b2118-cfb5-4a22-b65a-244e53d9a320"
}

[30-May-2026 22:30:22 Europe/Berlin] FCM HTTP 200 Response for customer (ID: 10): {
  "name": "projects/khatalink-63041/messages/0:1780173022806106%3a1eff913a1eff91"
}

[30-May-2026 22:30:22 Europe/Berlin] [API_HIT] /khatalink/shop/restaurant_dashboard.php?msg=Status+Updated | Speed: 3207ms | IP: ::1
[30-May-2026 22:30:22 Europe/Berlin] [API_HIT] /khatalink/shop/ajax_check_pickup_code.php?order_id=39 | Speed: 5ms | IP: ::1
[30-May-2026 22:30:22 Europe/Berlin] [API_HIT] /khatalink/shop/restaurant_dashboard.php?msg=Status+Updated | Speed: 19ms | IP: ::1
[30-May-2026 22:30:22 Europe/Berlin] [API_HIT] /khatalink/shop/ajax_check_pickup_code.php?order_id=38 | Speed: 3ms | IP: ::1
[30-May-2026 22:30:26 Europe/Berlin] FCM HTTP 200 Response for customer (ID: 10): {
  "name": "projects/khatalink-63041/messages/a4fea2ee-56e4-4c3c-9364-304ca38d97f9"
}

[30-May-2026 22:30:26 Europe/Berlin] FCM HTTP 200 Response for customer (ID: 10): {
  "name": "projects/khatalink-63041/messages/0:1780173027290109%3a1eff913a1eff91"
}

[30-May-2026 22:30:26 Europe/Berlin] [API_HIT] /khatalink/shop/restaurant_dashboard.php?msg=Status+Updated | Speed: 1806ms | IP: ::1
[30-May-2026 22:30:26 Europe/Berlin] [API_HIT] /khatalink/customer/ajax_get_order_status.php?order_id=39&customer_id=10 | Speed: 5ms | IP: ::1
[30-May-2026 22:30:26 Europe/Berlin] [API_HIT] /khatalink/shop/restaurant_dashboard.php?msg=Order+Rejected | Speed: 7ms | IP: ::1
[30-May-2026 22:30:26 Europe/Berlin] [API_HIT] /khatalink/customer/Food_order_tracking.php?order_id=39 | Speed: 3ms | IP: ::1
[30-May-2026 22:30:29 Europe/Berlin] FCM HTTP 200 Response for customer (ID: 10): {
  "name": "projects/khatalink-63041/messages/1ac913d6-0083-405f-8b85-4a99c69ff0f2"
}

[30-May-2026 22:30:29 Europe/Berlin] FCM HTTP 200 Response for customer (ID: 10): {
  "name": "projects/khatalink-63041/messages/0:1780173030321862%3a1eff913a1eff91"
}

[30-May-2026 22:30:29 Europe/Berlin] [API_HIT] /khatalink/shop/restaurant_dashboard.php?msg=Order+Rejected | Speed: 1328ms | IP: ::1
[30-May-2026 22:30:29 Europe/Berlin] [API_HIT] /khatalink/shop/restaurant_dashboard.php?msg=Order+Rejected | Speed: 8ms | IP: ::1
[30-May-2026 22:30:32 Europe/Berlin] FCM HTTP 200 Response for customer (ID: 10): {
  "name": "projects/khatalink-63041/messages/4d2f9475-6eda-4449-bf9f-8e043baa6413"
}

[30-May-2026 22:30:32 Europe/Berlin] FCM HTTP 200 Response for customer (ID: 10): {
  "name": "projects/khatalink-63041/messages/0:1780173033344391%3a1eff913a1eff91"
}

[30-May-2026 22:30:32 Europe/Berlin] [API_HIT] /khatalink/shop/restaurant_dashboard.php?msg=Order+Rejected | Speed: 1545ms | IP: ::1
[30-May-2026 22:30:32 Europe/Berlin] [API_HIT] /khatalink/shop/restaurant_dashboard.php?msg=Order+Rejected | Speed: 6ms | IP: ::1
[30-May-2026 22:30:38 Europe/Berlin] [API_HIT] /khatalink/shop/ajax_check_pickup_code.php?order_id=34 | Speed: 5ms | IP: ::1
[30-May-2026 22:30:39 Europe/Berlin] [API_HIT] /khatalink/shop/ajax_check_pickup_code.php?order_id=35 | Speed: 27ms | IP: ::1
[30-May-2026 22:30:42 Europe/Berlin] [API_HIT] /khatalink/customer/ajax_get_order_status.php?order_id=39&customer_id=10 | Speed: 2ms | IP: ::1
[30-May-2026 22:30:42 Europe/Berlin] [API_HIT] /khatalink/customer/Food_order_tracking.php?order_id=39 | Speed: 3ms | IP: ::1
[30-May-2026 22:30:43 Europe/Berlin] [API_HIT] /khatalink/delivery/ajax_update_location.php | Speed: 4ms | IP: ::1
[31-May-2026 02:00:44 Asia/Kolkata] [API_HIT] /khatalink/customer/Food_orders.php | Speed: 4ms | IP: ::1
[31-May-2026 02:00:49 Asia/Kolkata] [API_HIT] /khatalink/customer/Food_home.php | Speed: 8ms | IP: ::1
[31-May-2026 02:00:51 Asia/Kolkata] [API_HIT] /khatalink/customer/Food_menu.php?shop_id=9&item_id=1 | Speed: 5ms | IP: ::1
[31-May-2026 02:00:57 Asia/Kolkata] [API_HIT] /khatalink/customer/Food_cart.php | Speed: 3ms | IP: ::1
[30-May-2026 22:30:57 Europe/Berlin] [API_HIT] /khatalink/customer/ajax_get_geo_hierarchy.php?type=districts | Speed: 11ms | IP: ::1
[30-May-2026 22:31:00 Europe/Berlin] [API_HIT] /khatalink/customer/ajax_get_geo_hierarchy.php?type=blocks&district=Jagatsinghpur | Speed: 3ms | IP: ::1
[30-May-2026 22:31:07 Europe/Berlin] [API_HIT] /khatalink/customer/ajax_get_registry_location.php?lat=20.071002&lng=86.221008 | Speed: 11ms | IP: ::1
[30-May-2026 22:31:08 Europe/Berlin] [API_HIT] /khatalink/customer/ajax_get_geo_hierarchy.php?type=blocks&district=Jagatsinghpur | Speed: 3ms | IP: ::1
[30-May-2026 22:31:08 Europe/Berlin] [API_HIT] /khatalink/customer/ajax_get_geo_hierarchy.php?type=villages&district=Jagatsinghpur&block=Naugaon | Speed: 5ms | IP: ::1
[30-May-2026 22:31:11 Europe/Berlin] [API_HIT] /khatalink/customer/ajax_get_geo_hierarchy.php?type=villages&district=Jagatsinghpur&block=Naugaon | Speed: 4ms | IP: ::1
[31-May-2026 02:01:22 Asia/Kolkata] [API_HIT] /khatalink/customer/Food_checkout.php?shop_id=9&name=Gyana+Ranjan+jena&phone=08456913850&addr=fwefewfv&landmark=efwfe&village=Anantapur+%28Anatpur%29&pincode=754113&block=Naugaon&dist=Jagatsinghpur&lat=20.123840701930735&lng=86.162418681845250 | Speed: 3ms | IP: ::1
[30-May-2026 22:31:39 Europe/Berlin] [API_HIT] /khatalink/shop/ajax_check_pickup_code.php?order_id=35 | Speed: 3ms | IP: ::1
[30-May-2026 22:31:43 Europe/Berlin] [API_HIT] /khatalink/delivery/ajax_update_location.php | Speed: 5ms | IP: ::1
[30-May-2026 22:31:47 Europe/Berlin] CREATE_ORDER_DEBUG: Order created ID=40
[30-May-2026 22:31:47 Europe/Berlin] CREATE_ORDER_DEBUG: Item added: Biriyani, Qty=1, Unit=PCS, Price=130
[30-May-2026 22:31:48 Europe/Berlin] FCM HTTP 200 Response for shop (ID: 9): {
  "name": "projects/khatalink-63041/messages/584f5109-1799-4678-b80e-37958010e66c"
}

[30-May-2026 22:31:48 Europe/Berlin] [API_HIT] /khatalink/customer/create_order.php?shop_id=9&ajax=1 | Speed: 23544ms | IP: ::1
[30-May-2026 22:31:48 Europe/Berlin] [API_HIT] /khatalink/shop/restaurant_dashboard.php?msg=Order+Rejected | Speed: 7ms | IP: ::1
[30-May-2026 22:31:48 Europe/Berlin] [API_HIT] /khatalink/shop/ajax_check_pickup_code.php?order_id=34 | Speed: 2ms | IP: ::1
[30-May-2026 22:31:49 Europe/Berlin] [API_HIT] /khatalink/shop/ajax_check_pickup_code.php?order_id=34 | Speed: 3ms | IP: ::1
[30-May-2026 22:31:52 Europe/Berlin] [API_HIT] /khatalink/customer/Food_order_tracking.php?order_id=40 | Speed: 4ms | IP: ::1
[30-May-2026 22:31:54 Europe/Berlin] [API_HIT] /khatalink/shop/ajax_check_pickup_code.php?order_id=40 | Speed: 4ms | IP: ::1
[30-May-2026 22:31:54 Europe/Berlin] [API_HIT] /khatalink/shop/ajax_check_pickup_code.php?order_id=34 | Speed: 3ms | IP: ::1
[30-May-2026 22:31:56 Europe/Berlin] FCM HTTP 200 Response for customer (ID: 10): {
  "name": "projects/khatalink-63041/messages/00fc4f33-8b70-49ff-aacb-bdb6a9a2fead"
}

[30-May-2026 22:31:57 Europe/Berlin] FCM HTTP 200 Response for customer (ID: 10): {
  "name": "projects/khatalink-63041/messages/0:1780173117795505%3a1eff913a1eff91"
}

[30-May-2026 22:31:57 Europe/Berlin] [API_HIT] /khatalink/shop/restaurant_dashboard.php?msg=Order+Rejected | Speed: 1969ms | IP: ::1
[30-May-2026 22:31:57 Europe/Berlin] [API_HIT] /khatalink/shop/restaurant_dashboard.php?msg=Status+Updated | Speed: 6ms | IP: ::1
[30-May-2026 22:31:59 Europe/Berlin] FCM HTTP 200 Response for customer (ID: 10): {
  "name": "projects/khatalink-63041/messages/9647e43a-2caf-46a0-a9f3-36aeb0e0e69f"
}

[30-May-2026 22:32:00 Europe/Berlin] FCM HTTP 200 Response for customer (ID: 10): {
  "name": "projects/khatalink-63041/messages/0:1780173121007709%3a1eff913a1eff91"
}

[30-May-2026 22:32:00 Europe/Berlin] [API_HIT] /khatalink/shop/restaurant_dashboard.php?msg=Status+Updated | Speed: 1362ms | IP: ::1
[30-May-2026 22:32:00 Europe/Berlin] [API_HIT] /khatalink/shop/restaurant_dashboard.php?msg=Status+Updated | Speed: 6ms | IP: ::1
[30-May-2026 22:32:04 Europe/Berlin] [API_HIT] /khatalink/shop/ajax_check_pickup_code.php?order_id=35 | Speed: 2ms | IP: ::1
[30-May-2026 22:32:04 Europe/Berlin] [API_HIT] /khatalink/delivery/dashboard.php | Speed: 27ms | IP: ::1
[30-May-2026 22:32:07 Europe/Berlin] [API_HIT] /khatalink/delivery/Groceries_tasks.php | Speed: 23ms | IP: ::1
[30-May-2026 22:32:08 Europe/Berlin] [API_HIT] /khatalink/customer/ajax_get_order_status.php?order_id=40&customer_id=10 | Speed: 2ms | IP: ::1
[30-May-2026 22:32:08 Europe/Berlin] [API_HIT] /khatalink/customer/Food_order_tracking.php?order_id=40 | Speed: 3ms | IP: ::1
[30-May-2026 22:32:09 Europe/Berlin] [API_HIT] /khatalink/delivery/ajax_update_location.php | Speed: 5ms | IP: ::1
[30-May-2026 22:32:10 Europe/Berlin] [API_HIT] /khatalink/shop/ajax_check_pickup_code.php?order_id=40 | Speed: 16ms | IP: ::1
[30-May-2026 22:32:11 Europe/Berlin] [API_HIT] /khatalink/shop/ajax_check_pickup_code.php?order_id=34 | Speed: 4ms | IP: ::1
[30-May-2026 22:32:12 Europe/Berlin] FCM HTTP 200 Response for shop (ID: 9): {
  "name": "projects/khatalink-63041/messages/b537c702-aa8a-4af3-8732-486946c5c8ee"
}

[30-May-2026 22:32:13 Europe/Berlin] FCM HTTP 200 Response for customer (ID: 10): {
  "name": "projects/khatalink-63041/messages/abc33463-46ce-4236-92bb-0ed0456b3b33"
}

[30-May-2026 22:32:14 Europe/Berlin] FCM HTTP 200 Response for customer (ID: 10): {
  "name": "projects/khatalink-63041/messages/0:1780173135291505%3a1eff913a1eff91"
}

[30-May-2026 22:32:14 Europe/Berlin] [API_HIT] /khatalink/shop/restaurant_dashboard.php?msg=Status+Updated | Speed: 2888ms | IP: ::1
[30-May-2026 22:32:14 Europe/Berlin] [API_HIT] /khatalink/shop/restaurant_dashboard.php?msg=Status+Updated | Speed: 7ms | IP: ::1
[30-May-2026 22:32:20 Europe/Berlin] [API_HIT] /khatalink/shop/ajax_check_pickup_code.php?order_id=40 | Speed: 3ms | IP: ::1
[30-May-2026 22:32:20 Europe/Berlin] [API_HIT] /khatalink/shop/ajax_check_pickup_code.php?order_id=34 | Speed: 3ms | IP: ::1
[30-May-2026 22:32:25 Europe/Berlin] [API_HIT] /khatalink/customer/ajax_get_order_status.php?order_id=40&customer_id=10 | Speed: 3ms | IP: ::1
[30-May-2026 22:32:25 Europe/Berlin] [API_HIT] /khatalink/customer/Food_order_tracking.php?order_id=40 | Speed: 2ms | IP: ::1
[30-May-2026 22:32:25 Europe/Berlin] [API_HIT] /khatalink/shop/ajax_check_pickup_code.php?order_id=40 | Speed: 2ms | IP: ::1
[30-May-2026 22:32:25 Europe/Berlin] [API_HIT] /khatalink/shop/ajax_check_pickup_code.php?order_id=34 | Speed: 3ms | IP: ::1
[30-May-2026 22:32:30 Europe/Berlin] [API_HIT] /khatalink/shop/ajax_check_pickup_code.php?order_id=40 | Speed: 3ms | IP: ::1
[30-May-2026 22:32:30 Europe/Berlin] [API_HIT] /khatalink/shop/ajax_check_pickup_code.php?order_id=34 | Speed: 3ms | IP: ::1
[30-May-2026 22:32:41 Europe/Berlin] [API_HIT] /khatalink/customer/ajax_get_order_status.php?order_id=40&customer_id=10 | Speed: 2ms | IP: ::1
[30-May-2026 22:32:41 Europe/Berlin] [API_HIT] /khatalink/customer/Food_order_tracking.php?order_id=40 | Speed: 4ms | IP: ::1
[30-May-2026 22:32:44 Europe/Berlin] [API_HIT] /khatalink/delivery/ajax_update_location.php | Speed: 4ms | IP: ::1
[30-May-2026 22:32:55 Europe/Berlin] [API_HIT] /khatalink/delivery/Groceries_tasks.php | Speed: 60ms | IP: ::1
[30-May-2026 22:32:58 Europe/Berlin] [API_HIT] /khatalink/customer/ajax_get_order_status.php?order_id=40&customer_id=10 | Speed: 2ms | IP: ::1
[30-May-2026 22:32:59 Europe/Berlin] [API_HIT] /khatalink/customer/Food_order_tracking.php?order_id=40 | Speed: 3ms | IP: ::1
[30-May-2026 22:33:00 Europe/Berlin] [API_HIT] /khatalink/delivery/ajax_update_location.php | Speed: 5ms | IP: ::1
[30-May-2026 22:33:15 Europe/Berlin] [API_HIT] /khatalink/customer/ajax_get_order_status.php?order_id=40&customer_id=10 | Speed: 4ms | IP: ::1
[30-May-2026 22:33:15 Europe/Berlin] [API_HIT] /khatalink/customer/Food_order_tracking.php?order_id=40 | Speed: 4ms | IP: ::1
[30-May-2026 22:33:28 Europe/Berlin] [API_HIT] /khatalink/delivery/ajax_update_location.php | Speed: 4ms | IP: ::1
[30-May-2026 22:33:31 Europe/Berlin] [API_HIT] /khatalink/customer/ajax_get_order_status.php?order_id=40&customer_id=10 | Speed: 3ms | IP: ::1
[30-May-2026 22:33:31 Europe/Berlin] [API_HIT] /khatalink/customer/Food_order_tracking.php?order_id=40 | Speed: 3ms | IP: ::1
[30-May-2026 22:33:41 Europe/Berlin] [API_HIT] /khatalink/delivery/Groceries_tasks.php | Speed: 49ms | IP: ::1
[30-May-2026 22:33:46 Europe/Berlin] [API_HIT] /khatalink/delivery/ajax_update_location.php | Speed: 6ms | IP: ::1
[30-May-2026 22:33:47 Europe/Berlin] [API_HIT] /khatalink/customer/ajax_get_order_status.php?order_id=40&customer_id=10 | Speed: 2ms | IP: ::1
[30-May-2026 22:33:47 Europe/Berlin] [API_HIT] /khatalink/customer/Food_order_tracking.php?order_id=40 | Speed: 25ms | IP: ::1
[30-May-2026 22:34:03 Europe/Berlin] [API_HIT] /khatalink/customer/ajax_get_order_status.php?order_id=40&customer_id=10 | Speed: 3ms | IP: ::1
[30-May-2026 22:34:03 Europe/Berlin] [API_HIT] /khatalink/customer/Food_order_tracking.php?order_id=40 | Speed: 2ms | IP: ::1
[30-May-2026 22:34:12 Europe/Berlin] [API_HIT] /khatalink/delivery/ajax_update_location.php | Speed: 4ms | IP: ::1
[30-May-2026 22:34:19 Europe/Berlin] [API_HIT] /khatalink/customer/ajax_get_order_status.php?order_id=40&customer_id=10 | Speed: 3ms | IP: ::1
[30-May-2026 22:34:19 Europe/Berlin] [API_HIT] /khatalink/customer/Food_order_tracking.php?order_id=40 | Speed: 5ms | IP: ::1
[30-May-2026 22:34:27 Europe/Berlin] [API_HIT] /khatalink/delivery/Groceries_tasks.php | Speed: 20ms | IP: ::1
[30-May-2026 22:34:31 Europe/Berlin] [API_HIT] /khatalink/delivery/ajax_update_location.php | Speed: 8ms | IP: ::1
[30-May-2026 22:34:35 Europe/Berlin] [API_HIT] /khatalink/customer/ajax_get_order_status.php?order_id=40&customer_id=10 | Speed: 4ms | IP: ::1
[30-May-2026 22:34:35 Europe/Berlin] [API_HIT] /khatalink/customer/Food_order_tracking.php?order_id=40 | Speed: 3ms | IP: ::1
[30-May-2026 22:34:51 Europe/Berlin] [API_HIT] /khatalink/customer/ajax_get_order_status.php?order_id=40&customer_id=10 | Speed: 4ms | IP: ::1
[30-May-2026 22:34:51 Europe/Berlin] [API_HIT] /khatalink/customer/Food_order_tracking.php?order_id=40 | Speed: 7ms | IP: ::1
[30-May-2026 22:35:02 Europe/Berlin] [API_HIT] /khatalink/delivery/ajax_update_location.php | Speed: 4ms | IP: ::1
[30-May-2026 22:35:07 Europe/Berlin] [API_HIT] /khatalink/customer/ajax_get_order_status.php?order_id=40&customer_id=10 | Speed: 3ms | IP: ::1
[30-May-2026 22:35:07 Europe/Berlin] [API_HIT] /khatalink/customer/Food_order_tracking.php?order_id=40 | Speed: 3ms | IP: ::1
[30-May-2026 22:35:13 Europe/Berlin] [API_HIT] /khatalink/delivery/Groceries_tasks.php | Speed: 22ms | IP: ::1
[30-May-2026 22:35:18 Europe/Berlin] [API_HIT] /khatalink/delivery/ajax_update_location.php | Speed: 3ms | IP: ::1
[30-May-2026 22:35:23 Europe/Berlin] [API_HIT] /khatalink/customer/ajax_get_order_status.php?order_id=40&customer_id=10 | Speed: 3ms | IP: ::1
[30-May-2026 22:35:23 Europe/Berlin] [API_HIT] /khatalink/customer/Food_order_tracking.php?order_id=40 | Speed: 3ms | IP: ::1
[30-May-2026 22:35:39 Europe/Berlin] [API_HIT] /khatalink/customer/ajax_get_order_status.php?order_id=40&customer_id=10 | Speed: 3ms | IP: ::1
[30-May-2026 22:35:39 Europe/Berlin] [API_HIT] /khatalink/customer/Food_order_tracking.php?order_id=40 | Speed: 2ms | IP: ::1
[30-May-2026 22:35:44 Europe/Berlin] [API_HIT] /khatalink/delivery/ajax_update_location.php | Speed: 6ms | IP: ::1
[30-May-2026 22:35:55 Europe/Berlin] [API_HIT] /khatalink/customer/ajax_get_order_status.php?order_id=40&customer_id=10 | Speed: 2ms | IP: ::1
[30-May-2026 22:35:55 Europe/Berlin] [API_HIT] /khatalink/customer/Food_order_tracking.php?order_id=40 | Speed: 3ms | IP: ::1
[30-May-2026 22:35:59 Europe/Berlin] [API_HIT] /khatalink/delivery/Groceries_tasks.php | Speed: 26ms | IP: ::1
[30-May-2026 22:36:03 Europe/Berlin] [API_HIT] /khatalink/delivery/ajax_update_location.php | Speed: 6ms | IP: ::1
[30-May-2026 22:36:11 Europe/Berlin] [API_HIT] /khatalink/customer/ajax_get_order_status.php?order_id=40&customer_id=10 | Speed: 3ms | IP: ::1
[30-May-2026 22:36:11 Europe/Berlin] [API_HIT] /khatalink/customer/Food_order_tracking.php?order_id=40 | Speed: 3ms | IP: ::1
[30-May-2026 22:36:27 Europe/Berlin] [API_HIT] /khatalink/customer/ajax_get_order_status.php?order_id=40&customer_id=10 | Speed: 3ms | IP: ::1
[30-May-2026 22:36:27 Europe/Berlin] [API_HIT] /khatalink/customer/Food_order_tracking.php?order_id=40 | Speed: 2ms | IP: ::1
[30-May-2026 22:36:34 Europe/Berlin] [API_HIT] /khatalink/delivery/ajax_update_location.php | Speed: 4ms | IP: ::1
[30-May-2026 22:36:43 Europe/Berlin] [API_HIT] /khatalink/customer/ajax_get_order_status.php?order_id=40&customer_id=10 | Speed: 2ms | IP: ::1
[30-May-2026 22:36:43 Europe/Berlin] [API_HIT] /khatalink/customer/Food_order_tracking.php?order_id=40 | Speed: 3ms | IP: ::1
[30-May-2026 22:36:45 Europe/Berlin] [API_HIT] /khatalink/delivery/Groceries_tasks.php | Speed: 124ms | IP: ::1
[30-May-2026 22:36:45 Europe/Berlin] [API_HIT] /khatalink/shop/ajax_check_pickup_code.php?order_id=40 | Speed: 5ms | IP: ::1
[30-May-2026 22:36:45 Europe/Berlin] [API_HIT] /khatalink/shop/ajax_check_pickup_code.php?order_id=34 | Speed: 3ms | IP: ::1
[30-May-2026 22:36:45 Europe/Berlin] [API_HIT] /khatalink/delivery/ajax_update_location.php | Speed: 4ms | IP: ::1
[30-May-2026 22:36:48 Europe/Berlin] FCM HTTP 200 Response for delivery (ID: 7): {
  "name": "projects/khatalink-63041/messages/fc075a9d-e5d4-485c-bc79-cae4c386387b"
}

[30-May-2026 22:36:49 Europe/Berlin] FCM HTTP 200 Response for customer (ID: 10): {
  "name": "projects/khatalink-63041/messages/b651b2a4-84db-49b6-b627-26448a6abbae"
}

[30-May-2026 22:36:49 Europe/Berlin] FCM HTTP 200 Response for customer (ID: 10): {
  "name": "projects/khatalink-63041/messages/0:1780173410539132%3a1eff913a1eff91"
}

[30-May-2026 22:36:49 Europe/Berlin] [API_HIT] /khatalink/shop/restaurant_dashboard.php?msg=Status+Updated | Speed: 3397ms | IP: ::1
[30-May-2026 22:36:49 Europe/Berlin] [API_HIT] /khatalink/shop/restaurant_dashboard.php?msg=Status+Updated | Speed: 15ms | IP: ::1
[30-May-2026 22:36:57 Europe/Berlin] [API_HIT] /khatalink/delivery/Groceries_tasks.php | Speed: 26ms | IP: ::1
[30-May-2026 22:36:59 Europe/Berlin] [API_HIT] /khatalink/customer/ajax_get_order_status.php?order_id=40&customer_id=10 | Speed: 6ms | IP: ::1
[30-May-2026 22:37:00 Europe/Berlin] [API_HIT] /khatalink/customer/Food_order_tracking.php?order_id=40 | Speed: 3ms | IP: ::1
[30-May-2026 22:37:00 Europe/Berlin] [API_HIT] /khatalink/delivery/Groceries_tasks.php | Speed: 17ms | IP: ::1
[30-May-2026 22:37:00 Europe/Berlin] [API_HIT] /khatalink/delivery/Groceries_tasks.php?success=Task+accepted%21+Head+to+the+shop+for+pickup. | Speed: 15ms | IP: ::1
[30-May-2026 22:37:04 Europe/Berlin] FCM HTTP 200 Response for shop (ID: 9): {
  "name": "projects/khatalink-63041/messages/c29b0154-2460-419e-b375-8faf44d5a0af"
}

[30-May-2026 22:37:04 Europe/Berlin] [API_HIT] /khatalink/delivery/Groceries_tasks.php?success=Task+accepted%21+Head+to+the+shop+for+pickup. | Speed: 1376ms | IP: ::1
[30-May-2026 22:37:05 Europe/Berlin] [API_HIT] /khatalink/delivery/Groceries_tasks.php?success=Pickup+code+generated+and+sent+to+shop+dashboard%21 | Speed: 16ms | IP: ::1
[30-May-2026 22:37:09 Europe/Berlin] [API_HIT] /khatalink/shop/restaurant_dashboard.php?msg=Status+Updated | Speed: 8ms | IP: ::1
[30-May-2026 22:37:16 Europe/Berlin] [API_HIT] /khatalink/customer/ajax_get_order_status.php?order_id=40&customer_id=10 | Speed: 4ms | IP: ::1
[30-May-2026 22:37:16 Europe/Berlin] [API_HIT] /khatalink/customer/Food_order_tracking.php?order_id=40 | Speed: 3ms | IP: ::1
[30-May-2026 22:37:17 Europe/Berlin] FCM HTTP 200 Response for customer (ID: 10): {
  "name": "projects/khatalink-63041/messages/a3c2da89-4308-49b2-8338-28142e5c7c44"
}

[30-May-2026 22:37:18 Europe/Berlin] FCM HTTP 200 Response for customer (ID: 10): {
  "name": "projects/khatalink-63041/messages/0:1780173439371373%3a1eff913a1eff91"
}

[30-May-2026 22:37:18 Europe/Berlin] [API_HIT] /khatalink/delivery/Groceries_tasks.php?success=Pickup+code+generated+and+sent+to+shop+dashboard%21 | Speed: 1585ms | IP: ::1
[30-May-2026 22:37:18 Europe/Berlin] [API_HIT] /khatalink/delivery/Groceries_tasks.php?success=Pickup+successful%21+Start+delivery. | Speed: 27ms | IP: ::1
[30-May-2026 22:37:20 Europe/Berlin] [API_HIT] /khatalink/delivery/dashboard.php | Speed: 20ms | IP: ::1
[30-May-2026 22:37:26 Europe/Berlin] [API_HIT] /khatalink/shop/ajax_check_pickup_code.php?order_id=35 | Speed: 3ms | IP: ::1
[30-May-2026 22:37:29 Europe/Berlin] [API_HIT] /khatalink/shop/ajax_check_pickup_code.php?order_id=40 | Speed: 2ms | IP: ::1
[30-May-2026 22:37:29 Europe/Berlin] [API_HIT] /khatalink/shop/restaurant_dashboard.php?msg=Status+Updated | Speed: 17ms | IP: ::1
[30-May-2026 22:37:32 Europe/Berlin] [API_HIT] /khatalink/shop/ajax_check_pickup_code.php?order_id=35 | Speed: 4ms | IP: ::1
[30-May-2026 22:37:32 Europe/Berlin] [API_HIT] /khatalink/customer/ajax_get_order_status.php?order_id=40&customer_id=10 | Speed: 6ms | IP: ::1
[30-May-2026 22:37:32 Europe/Berlin] [API_HIT] /khatalink/customer/Food_order_tracking.php?order_id=40 | Speed: 4ms | IP: ::1
[30-May-2026 22:37:36 Europe/Berlin] [API_HIT] /khatalink/customer/Food_order_tracking.php?order_id=40 | Speed: 3ms | IP: ::1
[30-May-2026 22:37:37 Europe/Berlin] [API_HIT] /khatalink/shop/ajax_check_pickup_code.php?order_id=35 | Speed: 2ms | IP: ::1
[30-May-2026 22:37:41 Europe/Berlin] [API_HIT] /khatalink/shop/ajax_check_pickup_code.php?order_id=35 | Speed: 2ms | IP: ::1
[30-May-2026 22:37:47 Europe/Berlin] [API_HIT] /khatalink/shop/ajax_check_pickup_code.php?order_id=35 | Speed: 2ms | IP: ::1
[30-May-2026 22:37:52 Europe/Berlin] [API_HIT] /khatalink/shop/ajax_check_pickup_code.php?order_id=35 | Speed: 4ms | IP: ::1
[30-May-2026 22:37:52 Europe/Berlin] [API_HIT] /khatalink/customer/ajax_get_order_status.php?order_id=40&customer_id=10 | Speed: 4ms | IP: ::1
[30-May-2026 22:37:52 Europe/Berlin] [API_HIT] /khatalink/customer/Food_order_tracking.php?order_id=40 | Speed: 3ms | IP: ::1
[30-May-2026 22:37:57 Europe/Berlin] [API_HIT] /khatalink/shop/ajax_check_pickup_code.php?order_id=35 | Speed: 2ms | IP: ::1
[31-May-2026 02:07:57 Asia/Kolkata] [API_HIT] /khatalink/customer/Food_orders.php | Speed: 3ms | IP: ::1
[30-May-2026 22:38:01 Europe/Berlin] [API_HIT] /khatalink/shop/ajax_check_pickup_code.php?order_id=35 | Speed: 3ms | IP: ::1
[31-May-2026 02:08:02 Asia/Kolkata] [API_HIT] /khatalink/customer/Food_home.php | Speed: 3ms | IP: ::1
[31-May-2026 02:08:02 Asia/Kolkata] [API_HIT] /khatalink/customer/Food_home.php?lat=20.071002&lng=86.221008&radius=6 | Speed: 5ms | IP: ::1
[30-May-2026 22:38:02 Europe/Berlin] [API_HIT] /khatalink/customer/ajax_get_registry_location.php?lat=20.071002&lng=86.221008 | Speed: 3ms | IP: ::1
[30-May-2026 22:38:03 Europe/Berlin] [API_HIT] /khatalink/customer/ajax_get_registry_location.php?lat=20.071002&lng=86.221008 | Speed: 3ms | IP: ::1
[31-May-2026 02:08:04 Asia/Kolkata] [API_HIT] /khatalink/customer/Food_menu.php?shop_id=9&item_id=1 | Speed: 6ms | IP: ::1
[30-May-2026 22:38:06 Europe/Berlin] [API_HIT] /khatalink/shop/ajax_check_pickup_code.php?order_id=35 | Speed: 2ms | IP: ::1
[31-May-2026 02:08:09 Asia/Kolkata] [API_HIT] /khatalink/customer/Food_cart.php | Speed: 2ms | IP: ::1
[30-May-2026 22:38:10 Europe/Berlin] [API_HIT] /khatalink/customer/ajax_get_geo_hierarchy.php?type=districts | Speed: 2ms | IP: ::1
[30-May-2026 22:38:12 Europe/Berlin] [API_HIT] /khatalink/shop/ajax_check_pickup_code.php?order_id=35 | Speed: 2ms | IP: ::1
[30-May-2026 22:38:13 Europe/Berlin] [API_HIT] /khatalink/customer/ajax_get_registry_location.php?lat=20.071002&lng=86.221008 | Speed: 5ms | IP: ::1
[30-May-2026 22:38:13 Europe/Berlin] [API_HIT] /khatalink/customer/ajax_get_geo_hierarchy.php?type=blocks&district=Jagatsinghpur | Speed: 5ms | IP: ::1
[30-May-2026 22:38:13 Europe/Berlin] [API_HIT] /khatalink/customer/ajax_get_geo_hierarchy.php?type=villages&district=Jagatsinghpur&block=Naugaon | Speed: 3ms | IP: ::1
[30-May-2026 22:38:17 Europe/Berlin] [API_HIT] /khatalink/shop/ajax_check_pickup_code.php?order_id=35 | Speed: 2ms | IP: ::1
[31-May-2026 02:08:17 Asia/Kolkata] [API_HIT] /khatalink/customer/Food_checkout.php?shop_id=9&name=Gyana+Ranjan+jena&phone=08456913850&addr=Bank+of+india&landmark=sai+temple&village=Gangada&pincode=754113&block=Naugaon&dist=Jagatsinghpur&lat=0&lng=0 | Speed: 2ms | IP: ::1
[30-May-2026 22:38:21 Europe/Berlin] [API_HIT] /khatalink/shop/ajax_check_pickup_code.php?order_id=35 | Speed: 3ms | IP: ::1
[30-May-2026 22:38:27 Europe/Berlin] [API_HIT] /khatalink/shop/ajax_check_pickup_code.php?order_id=35 | Speed: 2ms | IP: ::1
[30-May-2026 22:38:39 Europe/Berlin] [API_HIT] /khatalink/shop/ajax_check_pickup_code.php?order_id=35 | Speed: 4ms | IP: ::1
[30-May-2026 22:39:28 Europe/Berlin] CREATE_ORDER_DEBUG: Order created ID=41
[30-May-2026 22:39:28 Europe/Berlin] CREATE_ORDER_DEBUG: Item added: Biriyani, Qty=1, Unit=PCS, Price=130
[30-May-2026 22:39:30 Europe/Berlin] FCM HTTP 200 Response for shop (ID: 9): {
  "name": "projects/khatalink-63041/messages/5c02325b-d175-48a7-b18d-d8757de74079"
}

[30-May-2026 22:39:30 Europe/Berlin] [API_HIT] /khatalink/customer/create_order.php?shop_id=9&ajax=1 | Speed: 61653ms | IP: ::1
[30-May-2026 22:39:30 Europe/Berlin] [API_HIT] /khatalink/shop/ajax_check_pickup_code.php?order_id=40 | Speed: 5ms | IP: ::1
[30-May-2026 22:39:30 Europe/Berlin] [API_HIT] /khatalink/shop/restaurant_dashboard.php?msg=Status+Updated | Speed: 15ms | IP: ::1
[30-May-2026 22:39:30 Europe/Berlin] [API_HIT] /khatalink/shop/ajax_check_pickup_code.php?order_id=40 | Speed: 4ms | IP: ::1
[30-May-2026 22:39:30 Europe/Berlin] [API_HIT] /khatalink/shop/ajax_check_pickup_code.php?order_id=40 | Speed: 3ms | IP: ::1
[30-May-2026 22:39:30 Europe/Berlin] [API_HIT] /khatalink/shop/ajax_check_pickup_code.php?order_id=40 | Speed: 2ms | IP: ::1
[30-May-2026 22:39:30 Europe/Berlin] [API_HIT] /khatalink/shop/ajax_check_pickup_code.php?order_id=40 | Speed: 4ms | IP: ::1
[30-May-2026 22:39:30 Europe/Berlin] [API_HIT] /khatalink/shop/ajax_check_pickup_code.php?order_id=40 | Speed: 2ms | IP: ::1
[30-May-2026 22:39:30 Europe/Berlin] [API_HIT] /khatalink/shop/ajax_check_pickup_code.php?order_id=40 | Speed: 2ms | IP: ::1
[30-May-2026 22:39:30 Europe/Berlin] [API_HIT] /khatalink/shop/ajax_check_pickup_code.php?order_id=40 | Speed: 3ms | IP: ::1
[30-May-2026 22:39:30 Europe/Berlin] [API_HIT] /khatalink/shop/ajax_check_pickup_code.php?order_id=40 | Speed: 3ms | IP: ::1
[30-May-2026 22:39:30 Europe/Berlin] [API_HIT] /khatalink/shop/ajax_check_pickup_code.php?order_id=34 | Speed: 3ms | IP: ::1
[30-May-2026 22:39:33 Europe/Berlin] [API_HIT] /khatalink/customer/Food_order_tracking.php?order_id=41 | Speed: 3ms | IP: ::1
[30-May-2026 22:39:34 Europe/Berlin] FCM HTTP 200 Response for customer (ID: 10): {
  "name": "projects/khatalink-63041/messages/01ec564a-026e-478f-abaf-54cd44ed3c5d"
}

[30-May-2026 22:39:35 Europe/Berlin] FCM HTTP 200 Response for customer (ID: 10): {
  "name": "projects/khatalink-63041/messages/0:1780173576341474%3a1eff913a1eff91"
}

[30-May-2026 22:39:35 Europe/Berlin] [API_HIT] /khatalink/shop/restaurant_dashboard.php?msg=Status+Updated | Speed: 1454ms | IP: ::1
[30-May-2026 22:39:35 Europe/Berlin] [API_HIT] /khatalink/shop/ajax_check_pickup_code.php?order_id=41 | Speed: 3ms | IP: ::1
[30-May-2026 22:39:35 Europe/Berlin] [API_HIT] /khatalink/shop/restaurant_dashboard.php?msg=Status+Updated | Speed: 6ms | IP: ::1
[30-May-2026 22:39:35 Europe/Berlin] [API_HIT] /khatalink/shop/restaurant_dashboard.php?msg=Status+Updated | Speed: 7ms | IP: ::1
[30-May-2026 22:39:38 Europe/Berlin] FCM HTTP 200 Response for customer (ID: 10): {
  "name": "projects/khatalink-63041/messages/e89761ac-2ee1-4332-a702-0f46e54150d5"
}

[30-May-2026 22:39:39 Europe/Berlin] [API_HIT] /khatalink/shop/ajax_check_pickup_code.php?order_id=35 | Speed: 2ms | IP: ::1
[30-May-2026 22:39:39 Europe/Berlin] FCM HTTP 200 Response for customer (ID: 10): {
  "name": "projects/khatalink-63041/messages/0:1780173579872160%3a1eff913a1eff91"
}

[30-May-2026 22:39:39 Europe/Berlin] [API_HIT] /khatalink/shop/restaurant_dashboard.php?msg=Status+Updated | Speed: 1495ms | IP: ::1
[30-May-2026 22:39:39 Europe/Berlin] [API_HIT] /khatalink/shop/restaurant_dashboard.php?msg=Status+Updated | Speed: 7ms | IP: ::1
[30-May-2026 22:39:42 Europe/Berlin] FCM HTTP 200 Response for shop (ID: 9): {
  "name": "projects/khatalink-63041/messages/6b3b5de7-78d7-4fb6-ae9d-74e588ba1c1d"
}

[30-May-2026 22:39:43 Europe/Berlin] FCM HTTP 200 Response for customer (ID: 10): {
  "name": "projects/khatalink-63041/messages/3509f45d-70cd-45a6-a7e3-9863485ec70d"
}

[30-May-2026 22:39:44 Europe/Berlin] FCM HTTP 200 Response for customer (ID: 10): {
  "name": "projects/khatalink-63041/messages/0:1780173584792009%3a1eff913a1eff91"
}

[30-May-2026 22:39:44 Europe/Berlin] [API_HIT] /khatalink/shop/restaurant_dashboard.php?msg=Status+Updated | Speed: 2872ms | IP: ::1
[30-May-2026 22:39:44 Europe/Berlin] [API_HIT] /khatalink/shop/restaurant_dashboard.php?msg=Status+Updated | Speed: 6ms | IP: ::1
[30-May-2026 22:39:48 Europe/Berlin] FCM HTTP 200 Response for shop (ID: 9): {
  "name": "projects/khatalink-63041/messages/b9c978cc-355c-4933-995e-5fcb386931f4"
}

[30-May-2026 22:39:49 Europe/Berlin] FCM HTTP 200 Response for customer (ID: 10): {
  "name": "projects/khatalink-63041/messages/bb7e3d59-b86d-4d18-b5b3-be5431d0c9b0"
}

[30-May-2026 22:39:49 Europe/Berlin] FCM HTTP 200 Response for customer (ID: 10): {
  "name": "projects/khatalink-63041/messages/0:1780173590380796%3a1eff913a1eff91"
}

[30-May-2026 22:39:49 Europe/Berlin] [API_HIT] /khatalink/shop/restaurant_dashboard.php?msg=Status+Updated | Speed: 2357ms | IP: ::1
[30-May-2026 22:39:49 Europe/Berlin] [API_HIT] /khatalink/customer/ajax_get_order_status.php?order_id=41&customer_id=10 | Speed: 6ms | IP: ::1
[30-May-2026 22:39:49 Europe/Berlin] [API_HIT] /khatalink/shop/ajax_check_pickup_code.php?order_id=41 | Speed: 2ms | IP: ::1
[30-May-2026 22:39:49 Europe/Berlin] [API_HIT] /khatalink/shop/restaurant_dashboard.php?msg=Status+Updated | Speed: 9ms | IP: ::1
[30-May-2026 22:39:49 Europe/Berlin] [API_HIT] /khatalink/customer/Food_order_tracking.php?order_id=41 | Speed: 20ms | IP: ::1
[30-May-2026 22:39:49 Europe/Berlin] [API_HIT] /khatalink/shop/ajax_check_pickup_code.php?order_id=40 | Speed: 2ms | IP: ::1
[30-May-2026 22:39:53 Europe/Berlin] [API_HIT] /khatalink/shop/ajax_check_pickup_code.php?order_id=35 | Speed: 3ms | IP: ::1
[30-May-2026 22:39:56 Europe/Berlin] [API_HIT] /khatalink/shop/ajax_check_pickup_code.php?order_id=35 | Speed: 4ms | IP: ::1
[30-May-2026 22:40:00 Europe/Berlin] [API_HIT] /khatalink/shop/ajax_check_pickup_code.php?order_id=41 | Speed: 4ms | IP: ::1
[30-May-2026 22:40:00 Europe/Berlin] [API_HIT] /khatalink/shop/ajax_check_pickup_code.php?order_id=40 | Speed: 3ms | IP: ::1
[30-May-2026 22:40:00 Europe/Berlin] [API_HIT] /khatalink/shop/ajax_check_pickup_code.php?order_id=34 | Speed: 2ms | IP: ::1
[30-May-2026 22:40:02 Europe/Berlin] [API_HIT] /khatalink/shop/ajax_check_pickup_code.php?order_id=35 | Speed: 2ms | IP: ::1
[30-May-2026 22:40:02 Europe/Berlin] [API_HIT] /khatalink/customer/Food_order_tracking.php?order_id=41 | Speed: 2ms | IP: ::1
[31-May-2026 02:10:04 Asia/Kolkata] [API_HIT] /khatalink/customer/Food_orders.php | Speed: 20ms | IP: ::1
[30-May-2026 22:40:06 Europe/Berlin] [API_HIT] /khatalink/customer/Food_order_tracking.php?order_id=40 | Speed: 3ms | IP: ::1
[30-May-2026 22:40:07 Europe/Berlin] [API_HIT] /khatalink/shop/ajax_check_pickup_code.php?order_id=35 | Speed: 3ms | IP: ::1
[30-May-2026 22:40:11 Europe/Berlin] [API_HIT] /khatalink/shop/ajax_check_pickup_code.php?order_id=35 | Speed: 3ms | IP: ::1
[30-May-2026 22:40:16 Europe/Berlin] [API_HIT] /khatalink/shop/ajax_check_pickup_code.php?order_id=35 | Speed: 3ms | IP: ::1
[30-May-2026 22:40:16 Europe/Berlin] [API_HIT] /khatalink/delivery/Groceries_tasks.php | Speed: 25ms | IP: ::1
[30-May-2026 22:40:19 Europe/Berlin] FCM HTTP 200 Response for customer (ID: 10): {
  "name": "projects/khatalink-63041/messages/16373985-73a5-4aaf-8d1a-f6e20ad9d8d9"
}

[30-May-2026 22:40:20 Europe/Berlin] FCM HTTP 200 Response for customer (ID: 10): {
  "name": "projects/khatalink-63041/messages/0:1780173621077305%3a1eff913a1eff91"
}

[30-May-2026 22:40:20 Europe/Berlin] [API_HIT] /khatalink/delivery/Groceries_tasks.php | Speed: 1506ms | IP: ::1
[30-May-2026 22:40:20 Europe/Berlin] [API_HIT] /khatalink/delivery/Groceries_tasks.php?success=Delivery+code+%28DCC%29+sent+to+customer%21 | Speed: 19ms | IP: ::1
[30-May-2026 22:40:23 Europe/Berlin] [API_HIT] /khatalink/customer/ajax_get_order_status.php?order_id=40&customer_id=10 | Speed: 4ms | IP: ::1
[30-May-2026 22:40:23 Europe/Berlin] [API_HIT] /khatalink/customer/Food_order_tracking.php?order_id=40 | Speed: 3ms | IP: ::1
[30-May-2026 22:40:33 Europe/Berlin] FCM HTTP 200 Response for customer (ID: 10): {
  "name": "projects/khatalink-63041/messages/fc392ef5-f5ae-4a28-a293-537f9d0f5ed1"
}

[30-May-2026 22:40:34 Europe/Berlin] FCM HTTP 200 Response for customer (ID: 10): {
  "name": "projects/khatalink-63041/messages/0:1780173635035510%3a1eff913a1eff91"
}

[30-May-2026 22:40:35 Europe/Berlin] FCM HTTP 200 Response for shop (ID: 9): {
  "name": "projects/khatalink-63041/messages/dc10611f-f13f-4ca7-b834-39422a4aa498"
}

[30-May-2026 22:40:35 Europe/Berlin] [API_HIT] /khatalink/delivery/Groceries_tasks.php?success=Delivery+code+%28DCC%29+sent+to+customer%21 | Speed: 2932ms | IP: ::1
[30-May-2026 22:40:35 Europe/Berlin] [API_HIT] /khatalink/delivery/Groceries_tasks.php?success=Delivered%21+Collect+Cash%3A+%E2%82%B9225.20 | Speed: 23ms | IP: ::1
[30-May-2026 22:40:35 Europe/Berlin] [API_HIT] /khatalink/delivery/ajax_update_location.php | Speed: 4ms | IP: ::1
[30-May-2026 22:40:36 Europe/Berlin] [API_HIT] /khatalink/delivery/dashboard.php | Speed: 32ms | IP: ::1
[30-May-2026 22:40:36 Europe/Berlin] [API_HIT] /khatalink/delivery/ajax_update_location.php | Speed: 62ms | IP: ::1
[30-May-2026 22:40:39 Europe/Berlin] [API_HIT] /khatalink/customer/ajax_get_order_status.php?order_id=40&customer_id=10 | Speed: 3ms | IP: ::1
[30-May-2026 22:40:39 Europe/Berlin] [API_HIT] /khatalink/customer/Food_order_tracking.php?order_id=40 | Speed: 2ms | IP: ::1
[30-May-2026 22:40:41 Europe/Berlin] [API_HIT] /khatalink/shop/ajax_check_pickup_code.php?order_id=35 | Speed: 2ms | IP: ::1
[30-May-2026 22:40:41 Europe/Berlin] [API_HIT] /khatalink/shop/ajax_check_pickup_code.php?order_id=40 | Speed: 4ms | IP: ::1
[30-May-2026 22:40:46 Europe/Berlin] [API_HIT] /khatalink/shop/ajax_check_pickup_code.php?order_id=35 | Speed: 3ms | IP: ::1
[30-May-2026 22:40:46 Europe/Berlin] [API_HIT] /khatalink/shop/ajax_check_pickup_code.php?order_id=40 | Speed: 2ms | IP: ::1
[30-May-2026 22:40:52 Europe/Berlin] [API_HIT] /khatalink/shop/ajax_check_pickup_code.php?order_id=35 | Speed: 3ms | IP: ::1
[30-May-2026 22:40:52 Europe/Berlin] [API_HIT] /khatalink/shop/ajax_check_pickup_code.php?order_id=40 | Speed: 2ms | IP: ::1
[30-May-2026 22:40:54 Europe/Berlin] [API_HIT] /khatalink/customer/ajax_get_order_status.php?order_id=40&customer_id=10 | Speed: 3ms | IP: ::1
[30-May-2026 22:40:54 Europe/Berlin] [API_HIT] /khatalink/customer/Food_order_tracking.php?order_id=40 | Speed: 21ms | IP: ::1
[30-May-2026 22:40:57 Europe/Berlin] [API_HIT] /khatalink/shop/ajax_check_pickup_code.php?order_id=35 | Speed: 3ms | IP: ::1
[30-May-2026 22:40:57 Europe/Berlin] [API_HIT] /khatalink/shop/ajax_check_pickup_code.php?order_id=40 | Speed: 4ms | IP: ::1
[30-May-2026 22:41:01 Europe/Berlin] [API_HIT] /khatalink/shop/ajax_check_pickup_code.php?order_id=35 | Speed: 2ms | IP: ::1
[30-May-2026 22:41:01 Europe/Berlin] [API_HIT] /khatalink/shop/ajax_check_pickup_code.php?order_id=40 | Speed: 3ms | IP: ::1
[30-May-2026 22:41:06 Europe/Berlin] [API_HIT] /khatalink/shop/ajax_check_pickup_code.php?order_id=41 | Speed: 2ms | IP: ::1
[30-May-2026 22:41:06 Europe/Berlin] [API_HIT] /khatalink/shop/ajax_check_pickup_code.php?order_id=40 | Speed: 4ms | IP: ::1
[30-May-2026 22:41:06 Europe/Berlin] [API_HIT] /khatalink/shop/restaurant_dashboard.php?msg=Status+Updated | Speed: 7ms | IP: ::1
[30-May-2026 22:41:07 Europe/Berlin] [API_HIT] /khatalink/shop/ajax_check_pickup_code.php?order_id=35 | Speed: 2ms | IP: ::1
[30-May-2026 22:41:07 Europe/Berlin] [API_HIT] /khatalink/shop/ajax_check_pickup_code.php?order_id=40 | Speed: 2ms | IP: ::1
[30-May-2026 22:41:10 Europe/Berlin] FCM HTTP 200 Response for delivery (ID: 7): {
  "name": "projects/khatalink-63041/messages/cd382a72-26cf-4e54-9e02-6cc416cbf4fd"
}

[30-May-2026 22:41:12 Europe/Berlin] FCM HTTP 200 Response for customer (ID: 10): {
  "name": "projects/khatalink-63041/messages/56181854-568f-4946-a4dd-50d43c1c9279"
}

[30-May-2026 22:41:13 Europe/Berlin] FCM HTTP 200 Response for customer (ID: 10): {
  "name": "projects/khatalink-63041/messages/0:1780173673954573%3a1eff913a1eff91"
}

[30-May-2026 22:41:13 Europe/Berlin] [API_HIT] /khatalink/shop/restaurant_dashboard.php?msg=Status+Updated | Speed: 5400ms | IP: ::1
[30-May-2026 22:41:13 Europe/Berlin] [API_HIT] /khatalink/delivery/ajax_update_location.php | Speed: 1695ms | IP: ::1
[30-May-2026 22:41:13 Europe/Berlin] [API_HIT] /khatalink/customer/ajax_get_order_status.php?order_id=40&customer_id=10 | Speed: 4ms | IP: ::1
[30-May-2026 22:41:13 Europe/Berlin] [API_HIT] /khatalink/shop/ajax_check_pickup_code.php?order_id=35 | Speed: 2ms | IP: ::1
[30-May-2026 22:41:13 Europe/Berlin] [API_HIT] /khatalink/shop/ajax_check_pickup_code.php?order_id=41 | Speed: 2ms | IP: ::1
[30-May-2026 22:41:13 Europe/Berlin] [API_HIT] /khatalink/shop/ajax_check_pickup_code.php?order_id=40 | Speed: 2ms | IP: ::1
[30-May-2026 22:41:13 Europe/Berlin] [API_HIT] /khatalink/shop/restaurant_dashboard.php?msg=Status+Updated | Speed: 9ms | IP: ::1
[30-May-2026 22:41:13 Europe/Berlin] [API_HIT] /khatalink/customer/Food_order_tracking.php?order_id=40 | Speed: 2ms | IP: ::1
[30-May-2026 22:41:13 Europe/Berlin] [API_HIT] /khatalink/shop/restaurant_dashboard.php?msg=Status+Updated | Speed: 8ms | IP: ::1
[30-May-2026 22:41:17 Europe/Berlin] [API_HIT] /khatalink/shop/ajax_check_pickup_code.php?order_id=35 | Speed: 3ms | IP: ::1
[30-May-2026 22:41:17 Europe/Berlin] [API_HIT] /khatalink/shop/ajax_check_pickup_code.php?order_id=40 | Speed: 4ms | IP: ::1
[30-May-2026 22:41:19 Europe/Berlin] [API_HIT] /khatalink/shop/ajax_check_pickup_code.php?order_id=41 | Speed: 5ms | IP: ::1
[30-May-2026 22:41:19 Europe/Berlin] [API_HIT] /khatalink/shop/ajax_check_pickup_code.php?order_id=34 | Speed: 3ms | IP: ::1
[30-May-2026 22:41:22 Europe/Berlin] [API_HIT] /khatalink/shop/ajax_check_pickup_code.php?order_id=35 | Speed: 4ms | IP: ::1
[30-May-2026 22:41:22 Europe/Berlin] [API_HIT] /khatalink/shop/ajax_check_pickup_code.php?order_id=40 | Speed: 6ms | IP: ::1
[30-May-2026 22:41:26 Europe/Berlin] [API_HIT] /khatalink/shop/ajax_check_pickup_code.php?order_id=35 | Speed: 3ms | IP: ::1
[30-May-2026 22:41:26 Europe/Berlin] [API_HIT] /khatalink/shop/ajax_check_pickup_code.php?order_id=40 | Speed: 5ms | IP: ::1
[30-May-2026 22:41:29 Europe/Berlin] [API_HIT] /khatalink/customer/ajax_get_order_status.php?order_id=40&customer_id=10 | Speed: 3ms | IP: ::1
[30-May-2026 22:41:29 Europe/Berlin] [API_HIT] /khatalink/customer/Food_order_tracking.php?order_id=40 | Speed: 3ms | IP: ::1
[30-May-2026 22:41:31 Europe/Berlin] [API_HIT] /khatalink/shop/ajax_check_pickup_code.php?order_id=35 | Speed: 4ms | IP: ::1
[30-May-2026 22:41:31 Europe/Berlin] [API_HIT] /khatalink/shop/ajax_check_pickup_code.php?order_id=40 | Speed: 2ms | IP: ::1
[30-May-2026 22:41:34 Europe/Berlin] [API_HIT] /khatalink/shop/ajax_check_pickup_code.php?order_id=41 | Speed: 4ms | IP: ::1
[30-May-2026 22:41:34 Europe/Berlin] [API_HIT] /khatalink/shop/ajax_check_pickup_code.php?order_id=34 | Speed: 5ms | IP: ::1
[30-May-2026 22:41:37 Europe/Berlin] [API_HIT] /khatalink/shop/ajax_check_pickup_code.php?order_id=35 | Speed: 20ms | IP: ::1
[30-May-2026 22:41:38 Europe/Berlin] [API_HIT] /khatalink/shop/ajax_check_pickup_code.php?order_id=40 | Speed: 3ms | IP: ::1
[30-May-2026 22:41:40 Europe/Berlin] [API_HIT] /khatalink/shop/ajax_check_pickup_code.php?order_id=41 | Speed: 2ms | IP: ::1
[30-May-2026 22:41:40 Europe/Berlin] [API_HIT] /khatalink/shop/ajax_check_pickup_code.php?order_id=34 | Speed: 6ms | IP: ::1
[30-May-2026 22:41:41 Europe/Berlin] [API_HIT] /khatalink/delivery/ajax_update_location.php | Speed: 4ms | IP: ::1
[30-May-2026 22:41:42 Europe/Berlin] [API_HIT] /khatalink/shop/ajax_check_pickup_code.php?order_id=35 | Speed: 4ms | IP: ::1
[30-May-2026 22:41:42 Europe/Berlin] [API_HIT] /khatalink/shop/ajax_check_pickup_code.php?order_id=40 | Speed: 4ms | IP: ::1
[30-May-2026 22:41:44 Europe/Berlin] [API_HIT] /khatalink/shop/ajax_check_pickup_code.php?order_id=41 | Speed: 4ms | IP: ::1
[30-May-2026 22:41:44 Europe/Berlin] [API_HIT] /khatalink/shop/ajax_check_pickup_code.php?order_id=34 | Speed: 3ms | IP: ::1
[30-May-2026 22:41:45 Europe/Berlin] [API_HIT] /khatalink/customer/ajax_get_order_status.php?order_id=40&customer_id=10 | Speed: 5ms | IP: ::1
[30-May-2026 22:41:45 Europe/Berlin] [API_HIT] /khatalink/customer/Food_order_tracking.php?order_id=40 | Speed: 4ms | IP: ::1
[30-May-2026 22:41:47 Europe/Berlin] [API_HIT] /khatalink/shop/ajax_check_pickup_code.php?order_id=35 | Speed: 3ms | IP: ::1
[30-May-2026 22:41:47 Europe/Berlin] [API_HIT] /khatalink/shop/ajax_check_pickup_code.php?order_id=40 | Speed: 2ms | IP: ::1
[30-May-2026 22:41:52 Europe/Berlin] [API_HIT] /khatalink/shop/ajax_check_pickup_code.php?order_id=35 | Speed: 13ms | IP: ::1
[30-May-2026 22:41:52 Europe/Berlin] [API_HIT] /khatalink/shop/ajax_check_pickup_code.php?order_id=40 | Speed: 2ms | IP: ::1
[30-May-2026 22:41:52 Europe/Berlin] [API_HIT] /khatalink/shop/restaurant_dashboard.php?msg=Status+Updated | Speed: 9ms | IP: ::1
[30-May-2026 22:41:57 Europe/Berlin] [API_HIT] /khatalink/shop/ajax_check_pickup_code.php?order_id=35 | Speed: 2ms | IP: ::1
[30-May-2026 22:41:57 Europe/Berlin] [API_HIT] /khatalink/shop/ajax_check_pickup_code.php?order_id=40 | Speed: 4ms | IP: ::1
[30-May-2026 22:41:58 Europe/Berlin] [API_HIT] /khatalink/shop/ajax_check_pickup_code.php?order_id=41 | Speed: 2ms | IP: ::1
[30-May-2026 22:41:58 Europe/Berlin] [API_HIT] /khatalink/shop/ajax_check_pickup_code.php?order_id=34 | Speed: 13ms | IP: ::1
[30-May-2026 22:42:01 Europe/Berlin] [API_HIT] /khatalink/customer/ajax_get_order_status.php?order_id=40&customer_id=10 | Speed: 4ms | IP: ::1
[30-May-2026 22:42:01 Europe/Berlin] [API_HIT] /khatalink/customer/Food_order_tracking.php?order_id=40 | Speed: 27ms | IP: ::1
[30-May-2026 22:42:01 Europe/Berlin] [API_HIT] /khatalink/shop/ajax_check_pickup_code.php?order_id=35 | Speed: 2ms | IP: ::1
[30-May-2026 22:42:01 Europe/Berlin] [API_HIT] /khatalink/shop/ajax_check_pickup_code.php?order_id=40 | Speed: 4ms | IP: ::1
[30-May-2026 22:42:03 Europe/Berlin] [API_HIT] /khatalink/shop/ajax_check_pickup_code.php?order_id=41 | Speed: 2ms | IP: ::1
[30-May-2026 22:42:03 Europe/Berlin] [API_HIT] /khatalink/shop/ajax_check_pickup_code.php?order_id=34 | Speed: 2ms | IP: ::1
[30-May-2026 22:42:05 Europe/Berlin] [API_HIT] /khatalink/shop/restaurant_order_details.php?order_id=35 | Speed: 3ms | IP: ::1
[30-May-2026 22:42:06 Europe/Berlin] [API_HIT] /khatalink/shop/ajax_check_pickup_code.php?order_id=35 | Speed: 2ms | IP: ::1
[30-May-2026 22:42:07 Europe/Berlin] [API_HIT] /khatalink/delivery/ajax_update_location.php | Speed: 5ms | IP: ::1
[30-May-2026 22:42:07 Europe/Berlin] [API_HIT] /khatalink/shop/ajax_check_pickup_code.php?order_id=40 | Speed: 2ms | IP: ::1
[30-May-2026 22:42:07 Europe/Berlin] [API_HIT] /khatalink/shop/restaurant_dashboard.php?msg=Status+Updated | Speed: 10ms | IP: ::1
[30-May-2026 22:42:09 Europe/Berlin] [API_HIT] /khatalink/shop/restaurant_order_details.php?order_id=40 | Speed: 4ms | IP: ::1
[30-May-2026 22:42:12 Europe/Berlin] [API_HIT] /khatalink/shop/ajax_check_pickup_code.php?order_id=35 | Speed: 13ms | IP: ::1
[30-May-2026 22:42:12 Europe/Berlin] [API_HIT] /khatalink/shop/ajax_check_pickup_code.php?order_id=40 | Speed: 3ms | IP: ::1
[30-May-2026 22:42:13 Europe/Berlin] [API_HIT] /khatalink/shop/ajax_check_pickup_code.php?order_id=41 | Speed: 3ms | IP: ::1
[30-May-2026 22:42:13 Europe/Berlin] [API_HIT] /khatalink/shop/ajax_check_pickup_code.php?order_id=34 | Speed: 2ms | IP: ::1
[30-May-2026 22:42:14 Europe/Berlin] [API_HIT] /khatalink/delivery/Groceries_tasks.php | Speed: 17ms | IP: ::1
[30-May-2026 22:42:17 Europe/Berlin] [API_HIT] /khatalink/customer/ajax_get_order_status.php?order_id=40&customer_id=10 | Speed: 3ms | IP: ::1
[30-May-2026 22:42:18 Europe/Berlin] [API_HIT] /khatalink/customer/Food_order_tracking.php?order_id=40 | Speed: 4ms | IP: ::1
[30-May-2026 22:42:18 Europe/Berlin] [API_HIT] /khatalink/delivery/ajax_update_location.php | Speed: 6ms | IP: ::1
[30-May-2026 22:42:19 Europe/Berlin] [API_HIT] /khatalink/delivery/dashboard.php | Speed: 22ms | IP: ::1
[30-May-2026 22:42:20 Europe/Berlin] [API_HIT] /khatalink/delivery/ajax_update_location.php | Speed: 4ms | IP: ::1
[30-May-2026 22:42:24 Europe/Berlin] [API_HIT] /khatalink/shop/ajax_check_pickup_code.php?order_id=35 | Speed: 3ms | IP: ::1
[30-May-2026 22:42:24 Europe/Berlin] [API_HIT] /khatalink/shop/ajax_check_pickup_code.php?order_id=40 | Speed: 3ms | IP: ::1
[30-May-2026 22:42:29 Europe/Berlin] [API_HIT] /khatalink/shop/ajax_check_pickup_code.php?order_id=35 | Speed: 5ms | IP: ::1
[30-May-2026 22:42:29 Europe/Berlin] [API_HIT] /khatalink/shop/ajax_check_pickup_code.php?order_id=40 | Speed: 4ms | IP: ::1
[30-May-2026 22:42:34 Europe/Berlin] [API_HIT] /khatalink/customer/ajax_get_order_status.php?order_id=40&customer_id=10 | Speed: 28ms | IP: ::1
[30-May-2026 22:42:34 Europe/Berlin] [API_HIT] /khatalink/customer/Food_order_tracking.php?order_id=40 | Speed: 3ms | IP: ::1
[30-May-2026 22:42:34 Europe/Berlin] [API_HIT] /khatalink/shop/ajax_check_pickup_code.php?order_id=35 | Speed: 4ms | IP: ::1
[30-May-2026 22:42:34 Europe/Berlin] [API_HIT] /khatalink/shop/ajax_check_pickup_code.php?order_id=40 | Speed: 21ms | IP: ::1
[30-May-2026 22:42:39 Europe/Berlin] [API_HIT] /khatalink/shop/ajax_check_pickup_code.php?order_id=35 | Speed: 4ms | IP: ::1
[30-May-2026 22:42:39 Europe/Berlin] [API_HIT] /khatalink/shop/ajax_check_pickup_code.php?order_id=40 | Speed: 5ms | IP: ::1
[30-May-2026 22:42:44 Europe/Berlin] [API_HIT] /khatalink/shop/ajax_check_pickup_code.php?order_id=35 | Speed: 3ms | IP: ::1
[30-May-2026 22:42:44 Europe/Berlin] [API_HIT] /khatalink/shop/ajax_check_pickup_code.php?order_id=40 | Speed: 2ms | IP: ::1
[30-May-2026 22:42:49 Europe/Berlin] [API_HIT] /khatalink/shop/ajax_check_pickup_code.php?order_id=35 | Speed: 4ms | IP: ::1
[30-May-2026 22:42:50 Europe/Berlin] [API_HIT] /khatalink/customer/ajax_get_order_status.php?order_id=40&customer_id=10 | Speed: 2ms | IP: ::1
[30-May-2026 22:42:50 Europe/Berlin] [API_HIT] /khatalink/shop/ajax_check_pickup_code.php?order_id=40 | Speed: 4ms | IP: ::1
[30-May-2026 22:42:50 Europe/Berlin] [API_HIT] /khatalink/customer/Food_order_tracking.php?order_id=40 | Speed: 4ms | IP: ::1
[30-May-2026 22:42:54 Europe/Berlin] [API_HIT] /khatalink/delivery/ajax_update_location.php | Speed: 7ms | IP: ::1
[30-May-2026 22:42:54 Europe/Berlin] [API_HIT] /khatalink/shop/ajax_check_pickup_code.php?order_id=35 | Speed: 3ms | IP: ::1
[30-May-2026 22:42:55 Europe/Berlin] [API_HIT] /khatalink/shop/ajax_check_pickup_code.php?order_id=40 | Speed: 3ms | IP: ::1
[30-May-2026 22:42:59 Europe/Berlin] [API_HIT] /khatalink/shop/ajax_check_pickup_code.php?order_id=35 | Speed: 28ms | IP: ::1
[30-May-2026 22:42:59 Europe/Berlin] [API_HIT] /khatalink/shop/ajax_check_pickup_code.php?order_id=40 | Speed: 2ms | IP: ::1
[30-May-2026 22:43:04 Europe/Berlin] [API_HIT] /khatalink/shop/ajax_check_pickup_code.php?order_id=35 | Speed: 4ms | IP: ::1
[30-May-2026 22:43:04 Europe/Berlin] [API_HIT] /khatalink/delivery/dashboard.php | Speed: 20ms | IP: ::1
[30-May-2026 22:43:04 Europe/Berlin] [API_HIT] /khatalink/shop/ajax_check_pickup_code.php?order_id=40 | Speed: 3ms | IP: ::1
[30-May-2026 22:43:07 Europe/Berlin] [API_HIT] /khatalink/customer/ajax_get_order_status.php?order_id=40&customer_id=10 | Speed: 2ms | IP: ::1
[30-May-2026 22:43:08 Europe/Berlin] [API_HIT] /khatalink/customer/Food_order_tracking.php?order_id=40 | Speed: 3ms | IP: ::1
[30-May-2026 22:43:10 Europe/Berlin] [API_HIT] /khatalink/delivery/ajax_update_location.php | Speed: 5ms | IP: ::1
[30-May-2026 22:43:11 Europe/Berlin] [API_HIT] /khatalink/shop/ajax_check_pickup_code.php?order_id=35 | Speed: 4ms | IP: ::1
[30-May-2026 22:43:11 Europe/Berlin] [API_HIT] /khatalink/shop/ajax_check_pickup_code.php?order_id=40 | Speed: 2ms | IP: ::1
[30-May-2026 22:43:15 Europe/Berlin] [API_HIT] /khatalink/shop/ajax_check_pickup_code.php?order_id=35 | Speed: 2ms | IP: ::1
[30-May-2026 22:43:15 Europe/Berlin] [API_HIT] /khatalink/shop/ajax_check_pickup_code.php?order_id=40 | Speed: 2ms | IP: ::1
[30-May-2026 22:43:20 Europe/Berlin] [API_HIT] /khatalink/shop/ajax_check_pickup_code.php?order_id=35 | Speed: 4ms | IP: ::1
[30-May-2026 22:43:20 Europe/Berlin] [API_HIT] /khatalink/shop/ajax_check_pickup_code.php?order_id=40 | Speed: 2ms | IP: ::1
[30-May-2026 22:43:24 Europe/Berlin] [API_HIT] /khatalink/customer/ajax_get_order_status.php?order_id=40&customer_id=10 | Speed: 3ms | IP: ::1
[30-May-2026 22:43:25 Europe/Berlin] [API_HIT] /khatalink/customer/Food_order_tracking.php?order_id=40 | Speed: 3ms | IP: ::1
[30-May-2026 22:43:25 Europe/Berlin] [API_HIT] /khatalink/shop/ajax_check_pickup_code.php?order_id=35 | Speed: 4ms | IP: ::1
[30-May-2026 22:43:25 Europe/Berlin] [API_HIT] /khatalink/shop/ajax_check_pickup_code.php?order_id=40 | Speed: 3ms | IP: ::1
[30-May-2026 22:43:30 Europe/Berlin] [API_HIT] /khatalink/shop/ajax_check_pickup_code.php?order_id=35 | Speed: 2ms | IP: ::1
[30-May-2026 22:43:30 Europe/Berlin] [API_HIT] /khatalink/shop/ajax_check_pickup_code.php?order_id=40 | Speed: 52ms | IP: ::1
[30-May-2026 22:43:35 Europe/Berlin] [API_HIT] /khatalink/shop/ajax_check_pickup_code.php?order_id=35 | Speed: 2ms | IP: ::1
[30-May-2026 22:43:36 Europe/Berlin] [API_HIT] /khatalink/shop/ajax_check_pickup_code.php?order_id=40 | Speed: 2ms | IP: ::1
[30-May-2026 22:43:39 Europe/Berlin] [API_HIT] /khatalink/delivery/ajax_update_location.php | Speed: 5ms | IP: ::1
[30-May-2026 22:43:40 Europe/Berlin] [API_HIT] /khatalink/shop/ajax_check_pickup_code.php?order_id=35 | Speed: 2ms | IP: ::1
[30-May-2026 22:43:41 Europe/Berlin] [API_HIT] /khatalink/shop/ajax_check_pickup_code.php?order_id=40 | Speed: 2ms | IP: ::1
[30-May-2026 22:43:41 Europe/Berlin] [API_HIT] /khatalink/customer/ajax_get_order_status.php?order_id=40&customer_id=10 | Speed: 2ms | IP: ::1
[30-May-2026 22:43:41 Europe/Berlin] [API_HIT] /khatalink/customer/Food_order_tracking.php?order_id=40 | Speed: 4ms | IP: ::1
[30-May-2026 22:43:45 Europe/Berlin] [API_HIT] /khatalink/shop/ajax_check_pickup_code.php?order_id=35 | Speed: 2ms | IP: ::1
[30-May-2026 22:43:45 Europe/Berlin] [API_HIT] /khatalink/shop/ajax_check_pickup_code.php?order_id=40 | Speed: 2ms | IP: ::1
[30-May-2026 22:43:50 Europe/Berlin] [API_HIT] /khatalink/shop/ajax_check_pickup_code.php?order_id=35 | Speed: 2ms | IP: ::1
[30-May-2026 22:43:50 Europe/Berlin] [API_HIT] /khatalink/delivery/dashboard.php | Speed: 38ms | IP: ::1
[30-May-2026 22:43:55 Europe/Berlin] [API_HIT] /khatalink/delivery/ajax_update_location.php | Speed: 4ms | IP: ::1
[30-May-2026 22:43:56 Europe/Berlin] [API_HIT] /khatalink/shop/ajax_check_pickup_code.php?order_id=35 | Speed: 2ms | IP: ::1
[30-May-2026 22:43:56 Europe/Berlin] [API_HIT] /khatalink/shop/ajax_check_pickup_code.php?order_id=40 | Speed: 3ms | IP: ::1
[30-May-2026 22:43:57 Europe/Berlin] [API_HIT] /khatalink/customer/ajax_get_order_status.php?order_id=40&customer_id=10 | Speed: 3ms | IP: ::1
[30-May-2026 22:43:57 Europe/Berlin] [API_HIT] /khatalink/customer/Food_order_tracking.php?order_id=40 | Speed: 23ms | IP: ::1
[30-May-2026 22:44:00 Europe/Berlin] [API_HIT] /khatalink/shop/ajax_check_pickup_code.php?order_id=35 | Speed: 2ms | IP: ::1
[30-May-2026 22:44:01 Europe/Berlin] [API_HIT] /khatalink/shop/ajax_check_pickup_code.php?order_id=40 | Speed: 2ms | IP: ::1
[30-May-2026 22:44:05 Europe/Berlin] [API_HIT] /khatalink/shop/ajax_check_pickup_code.php?order_id=35 | Speed: 3ms | IP: ::1
[30-May-2026 22:44:06 Europe/Berlin] [API_HIT] /khatalink/shop/ajax_check_pickup_code.php?order_id=40 | Speed: 6ms | IP: ::1
[30-May-2026 22:44:10 Europe/Berlin] [API_HIT] /khatalink/shop/ajax_check_pickup_code.php?order_id=35 | Speed: 2ms | IP: ::1
[30-May-2026 22:44:10 Europe/Berlin] [API_HIT] /khatalink/shop/ajax_check_pickup_code.php?order_id=40 | Speed: 2ms | IP: ::1
[30-May-2026 22:44:15 Europe/Berlin] [API_HIT] /khatalink/shop/ajax_check_pickup_code.php?order_id=35 | Speed: 3ms | IP: ::1
[30-May-2026 22:44:16 Europe/Berlin] [API_HIT] /khatalink/shop/ajax_check_pickup_code.php?order_id=40 | Speed: 3ms | IP: ::1
[30-May-2026 22:44:16 Europe/Berlin] [API_HIT] /khatalink/shop/ajax_check_pickup_code.php?order_id=41 | Speed: 2ms | IP: ::1
[30-May-2026 22:44:16 Europe/Berlin] [API_HIT] /khatalink/shop/ajax_check_pickup_code.php?order_id=34 | Speed: 2ms | IP: ::1
[30-May-2026 22:44:18 Europe/Berlin] [API_HIT] /khatalink/shop/ajax_check_pickup_code.php?order_id=41 | Speed: 3ms | IP: ::1
[30-May-2026 22:44:18 Europe/Berlin] [API_HIT] /khatalink/shop/ajax_check_pickup_code.php?order_id=34 | Speed: 2ms | IP: ::1
[30-May-2026 22:44:18 Europe/Berlin] [API_HIT] /khatalink/customer/ajax_get_order_status.php?order_id=40&customer_id=10 | Speed: 2ms | IP: ::1
[30-May-2026 22:44:18 Europe/Berlin] [API_HIT] /khatalink/customer/Food_order_tracking.php?order_id=40 | Speed: 3ms | IP: ::1
[30-May-2026 22:44:22 Europe/Berlin] [API_HIT] /khatalink/shop/ajax_check_pickup_code.php?order_id=35 | Speed: 2ms | IP: ::1
[30-May-2026 22:44:23 Europe/Berlin] [API_HIT] /khatalink/shop/ajax_check_pickup_code.php?order_id=41 | Speed: 2ms | IP: ::1
[30-May-2026 22:44:23 Europe/Berlin] [API_HIT] /khatalink/shop/ajax_check_pickup_code.php?order_id=34 | Speed: 3ms | IP: ::1
[30-May-2026 22:44:25 Europe/Berlin] [API_HIT] /khatalink/shop/ajax_check_pickup_code.php?order_id=40 | Speed: 2ms | IP: ::1
[30-May-2026 22:44:26 Europe/Berlin] [API_HIT] /khatalink/delivery/ajax_update_location.php | Speed: 41ms | IP: ::1
[30-May-2026 22:44:26 Europe/Berlin] [API_HIT] /khatalink/shop/ajax_check_pickup_code.php?order_id=35 | Speed: 4ms | IP: ::1
[30-May-2026 22:44:26 Europe/Berlin] [API_HIT] /khatalink/shop/ajax_check_pickup_code.php?order_id=40 | Speed: 2ms | IP: ::1
[30-May-2026 22:44:30 Europe/Berlin] [API_HIT] /khatalink/shop/ajax_check_pickup_code.php?order_id=35 | Speed: 2ms | IP: ::1
[30-May-2026 22:44:31 Europe/Berlin] [API_HIT] /khatalink/shop/ajax_check_pickup_code.php?order_id=40 | Speed: 2ms | IP: ::1
[30-May-2026 22:44:33 Europe/Berlin] [API_HIT] /khatalink/shop/ajax_check_pickup_code.php?order_id=41 | Speed: 2ms | IP: ::1
[30-May-2026 22:44:33 Europe/Berlin] [API_HIT] /khatalink/shop/ajax_check_pickup_code.php?order_id=34 | Speed: 3ms | IP: ::1
[30-May-2026 22:44:34 Europe/Berlin] [API_HIT] /khatalink/shop/restaurant_order_details.php?order_id=41 | Speed: 6ms | IP: ::1
[30-May-2026 22:44:36 Europe/Berlin] [API_HIT] /khatalink/customer/ajax_get_order_status.php?order_id=40&customer_id=10 | Speed: 2ms | IP: ::1
[30-May-2026 22:44:36 Europe/Berlin] [API_HIT] /khatalink/customer/Food_order_tracking.php?order_id=40 | Speed: 4ms | IP: ::1
[30-May-2026 22:44:37 Europe/Berlin] [API_HIT] /khatalink/shop/restaurant_dashboard.php?msg=Status+Updated | Speed: 11ms | IP: ::1
[30-May-2026 22:44:39 Europe/Berlin] [API_HIT] /khatalink/shop/restaurant_order_details.php?order_id=34 | Speed: 4ms | IP: ::1
[30-May-2026 22:44:43 Europe/Berlin] [API_HIT] /khatalink/shop/ajax_check_pickup_code.php?order_id=35 | Speed: 16ms | IP: ::1
[30-May-2026 22:44:43 Europe/Berlin] [API_HIT] /khatalink/shop/ajax_check_pickup_code.php?order_id=35 | Speed: 2ms | IP: ::1
[30-May-2026 22:44:43 Europe/Berlin] [API_HIT] /khatalink/shop/ajax_check_pickup_code.php?order_id=40 | Speed: 3ms | IP: ::1
[30-May-2026 22:44:43 Europe/Berlin] [API_HIT] /khatalink/shop/ajax_check_pickup_code.php?order_id=40 | Speed: 3ms | IP: ::1
[30-May-2026 22:44:46 Europe/Berlin] [API_HIT] /khatalink/shop/ajax_check_pickup_code.php?order_id=35 | Speed: 2ms | IP: ::1
[30-May-2026 22:44:46 Europe/Berlin] [API_HIT] /khatalink/shop/ajax_check_pickup_code.php?order_id=40 | Speed: 2ms | IP: ::1
[30-May-2026 22:44:52 Europe/Berlin] [API_HIT] /khatalink/shop/ajax_check_pickup_code.php?order_id=35 | Speed: 3ms | IP: ::1
[30-May-2026 22:44:53 Europe/Berlin] [API_HIT] /khatalink/shop/restaurant_dashboard.php | Speed: 15ms | IP: ::1
[30-May-2026 22:44:56 Europe/Berlin] [API_HIT] /khatalink/shop/ajax_check_pickup_code.php?order_id=35 | Speed: 2ms | IP: ::1
[30-May-2026 22:44:57 Europe/Berlin] [API_HIT] /khatalink/shop/restaurant_order_details.php?order_id=35 | Speed: 4ms | IP: ::1
[30-May-2026 22:45:00 Europe/Berlin] [API_HIT] /khatalink/shop/ajax_check_pickup_code.php?order_id=40 | Speed: 26ms | IP: ::1
[30-May-2026 22:45:00 Europe/Berlin] [API_HIT] /khatalink/customer/ajax_get_order_status.php?order_id=40&customer_id=10 | Speed: 5ms | IP: ::1
[30-May-2026 22:45:00 Europe/Berlin] [API_HIT] /khatalink/delivery/ajax_update_location.php | Speed: 4ms | IP: ::1
[30-May-2026 22:45:00 Europe/Berlin] [API_HIT] /khatalink/shop/ajax_check_pickup_code.php?order_id=40 | Speed: 7ms | IP: ::1
[30-May-2026 22:45:01 Europe/Berlin] [API_HIT] /khatalink/shop/ajax_check_pickup_code.php?order_id=35 | Speed: 2ms | IP: ::1
[30-May-2026 22:45:04 Europe/Berlin] [API_HIT] /khatalink/shop/ajax_check_pickup_code.php?order_id=40 | Speed: 3ms | IP: ::1
[30-May-2026 22:45:06 Europe/Berlin] [API_HIT] /khatalink/shop/ajax_check_pickup_code.php?order_id=35 | Speed: 3ms | IP: ::1
[30-May-2026 22:45:08 Europe/Berlin] [API_HIT] /khatalink/shop/restaurant_dashboard.php | Speed: 10ms | IP: ::1
[30-May-2026 22:45:10 Europe/Berlin] [API_HIT] /khatalink/shop/ajax_check_pickup_code.php?order_id=40 | Speed: 2ms | IP: ::1
[30-May-2026 22:45:11 Europe/Berlin] [API_HIT] /khatalink/customer/ajax_get_order_status.php?order_id=40&customer_id=10 | Speed: 3ms | IP: ::1
[30-May-2026 22:45:11 Europe/Berlin] [API_HIT] /khatalink/customer/Food_order_tracking.php?order_id=40 | Speed: 9ms | IP: ::1
[30-May-2026 22:45:12 Europe/Berlin] [API_HIT] /khatalink/shop/ajax_check_pickup_code.php?order_id=35 | Speed: 2ms | IP: ::1
[30-May-2026 22:45:13 Europe/Berlin] [API_HIT] /khatalink/shop/ajax_check_pickup_code.php?order_id=40 | Speed: 2ms | IP: ::1
[30-May-2026 22:45:15 Europe/Berlin] [API_HIT] /khatalink/shop/ajax_check_pickup_code.php?order_id=41 | Speed: 3ms | IP: ::1
[30-May-2026 22:45:15 Europe/Berlin] [API_HIT] /khatalink/shop/ajax_check_pickup_code.php?order_id=34 | Speed: 86ms | IP: ::1
[30-May-2026 22:45:16 Europe/Berlin] [API_HIT] /khatalink/shop/ajax_check_pickup_code.php?order_id=35 | Speed: 3ms | IP: ::1
[30-May-2026 22:45:17 Europe/Berlin] [API_HIT] /khatalink/shop/restaurant_order_details.php?order_id=41 | Speed: 4ms | IP: ::1
[30-May-2026 22:45:17 Europe/Berlin] [API_HIT] /khatalink/shop/ajax_check_pickup_code.php?order_id=40 | Speed: 2ms | IP: ::1
[30-May-2026 22:45:21 Europe/Berlin] [API_HIT] /khatalink/shop/ajax_check_pickup_code.php?order_id=35 | Speed: 3ms | IP: ::1
[30-May-2026 22:45:23 Europe/Berlin] [API_HIT] /khatalink/shop/ajax_check_pickup_code.php?order_id=40 | Speed: 3ms | IP: ::1
[30-May-2026 22:45:23 Europe/Berlin] [API_HIT] /khatalink/shop/restaurant_dashboard.php | Speed: 16ms | IP: ::1
[30-May-2026 22:45:26 Europe/Berlin] [API_HIT] /khatalink/shop/restaurant_order_details.php?order_id=34 | Speed: 4ms | IP: ::1
[30-May-2026 22:45:26 Europe/Berlin] [API_HIT] /khatalink/shop/ajax_check_pickup_code.php?order_id=35 | Speed: 2ms | IP: ::1
[30-May-2026 22:45:28 Europe/Berlin] [API_HIT] /khatalink/customer/ajax_get_order_status.php?order_id=40&customer_id=10 | Speed: 4ms | IP: ::1
[30-May-2026 22:45:28 Europe/Berlin] [API_HIT] /khatalink/delivery/ajax_update_location.php | Speed: 12ms | IP: ::1
[30-May-2026 22:45:28 Europe/Berlin] [API_HIT] /khatalink/shop/ajax_check_pickup_code.php?order_id=40 | Speed: 2ms | IP: ::1
[30-May-2026 22:45:28 Europe/Berlin] [API_HIT] /khatalink/customer/Food_order_tracking.php?order_id=40 | Speed: 7ms | IP: ::1
[30-May-2026 22:45:29 Europe/Berlin] [API_HIT] /khatalink/shop/restaurant_dashboard.php | Speed: 12ms | IP: ::1
[30-May-2026 22:45:31 Europe/Berlin] [API_HIT] /khatalink/shop/ajax_check_pickup_code.php?order_id=35 | Speed: 2ms | IP: ::1
[30-May-2026 22:45:31 Europe/Berlin] [API_HIT] /khatalink/shop/ajax_check_pickup_code.php?order_id=40 | Speed: 3ms | IP: ::1
[30-May-2026 22:45:35 Europe/Berlin] [API_HIT] /khatalink/shop/ajax_check_pickup_code.php?order_id=41 | Speed: 3ms | IP: ::1
[30-May-2026 22:45:35 Europe/Berlin] [API_HIT] /khatalink/shop/ajax_check_pickup_code.php?order_id=34 | Speed: 2ms | IP: ::1
[30-May-2026 22:45:39 Europe/Berlin] [API_HIT] /khatalink/shop/ajax_check_pickup_code.php?order_id=35 | Speed: 2ms | IP: ::1
[30-May-2026 22:45:39 Europe/Berlin] [API_HIT] /khatalink/shop/ajax_check_pickup_code.php?order_id=40 | Speed: 2ms | IP: ::1
[30-May-2026 22:45:40 Europe/Berlin] [API_HIT] /khatalink/shop/ajax_check_pickup_code.php?order_id=41 | Speed: 3ms | IP: ::1
[30-May-2026 22:45:40 Europe/Berlin] [API_HIT] /khatalink/shop/ajax_check_pickup_code.php?order_id=34 | Speed: 3ms | IP: ::1
[30-May-2026 22:45:45 Europe/Berlin] [API_HIT] /khatalink/customer/ajax_get_order_status.php?order_id=40&customer_id=10 | Speed: 3ms | IP: ::1
[30-May-2026 22:45:45 Europe/Berlin] [API_HIT] /khatalink/customer/Food_order_tracking.php?order_id=40 | Speed: 4ms | IP: ::1
[30-May-2026 22:45:45 Europe/Berlin] [API_HIT] /khatalink/shop/ajax_check_pickup_code.php?order_id=41 | Speed: 3ms | IP: ::1
[30-May-2026 22:45:45 Europe/Berlin] [API_HIT] /khatalink/shop/ajax_check_pickup_code.php?order_id=34 | Speed: 4ms | IP: ::1
[30-May-2026 22:45:50 Europe/Berlin] [API_HIT] /khatalink/shop/ajax_check_pickup_code.php?order_id=41 | Speed: 3ms | IP: ::1
[30-May-2026 22:45:50 Europe/Berlin] [API_HIT] /khatalink/shop/ajax_check_pickup_code.php?order_id=34 | Speed: 2ms | IP: ::1
[30-May-2026 22:45:51 Europe/Berlin] [API_HIT] /khatalink/delivery/ajax_update_location.php | Speed: 4ms | IP: ::1
[30-May-2026 22:45:55 Europe/Berlin] [API_HIT] /khatalink/shop/ajax_check_pickup_code.php?order_id=41 | Speed: 3ms | IP: ::1
[30-May-2026 22:45:55 Europe/Berlin] [API_HIT] /khatalink/shop/ajax_check_pickup_code.php?order_id=34 | Speed: 3ms | IP: ::1
[30-May-2026 22:46:00 Europe/Berlin] [API_HIT] /khatalink/shop/ajax_check_pickup_code.php?order_id=41 | Speed: 3ms | IP: ::1
[30-May-2026 22:46:00 Europe/Berlin] [API_HIT] /khatalink/shop/ajax_check_pickup_code.php?order_id=34 | Speed: 2ms | IP: ::1
[30-May-2026 22:46:01 Europe/Berlin] [API_HIT] /khatalink/customer/ajax_get_order_status.php?order_id=40&customer_id=10 | Speed: 3ms | IP: ::1
[30-May-2026 22:46:01 Europe/Berlin] [API_HIT] /khatalink/customer/Food_order_tracking.php?order_id=40 | Speed: 3ms | IP: ::1
[30-May-2026 22:46:05 Europe/Berlin] [API_HIT] /khatalink/shop/ajax_check_pickup_code.php?order_id=41 | Speed: 3ms | IP: ::1
[30-May-2026 22:46:05 Europe/Berlin] [API_HIT] /khatalink/shop/ajax_check_pickup_code.php?order_id=34 | Speed: 2ms | IP: ::1
[30-May-2026 22:46:10 Europe/Berlin] [API_HIT] /khatalink/shop/ajax_check_pickup_code.php?order_id=41 | Speed: 3ms | IP: ::1
[30-May-2026 22:46:10 Europe/Berlin] [API_HIT] /khatalink/shop/ajax_check_pickup_code.php?order_id=34 | Speed: 3ms | IP: ::1
[30-May-2026 22:46:15 Europe/Berlin] [API_HIT] /khatalink/shop/ajax_check_pickup_code.php?order_id=41 | Speed: 2ms | IP: ::1
[30-May-2026 22:46:15 Europe/Berlin] [API_HIT] /khatalink/shop/ajax_check_pickup_code.php?order_id=34 | Speed: 2ms | IP: ::1
[30-May-2026 22:46:17 Europe/Berlin] [API_HIT] /khatalink/customer/ajax_get_order_status.php?order_id=40&customer_id=10 | Speed: 2ms | IP: ::1
[30-May-2026 22:46:17 Europe/Berlin] [API_HIT] /khatalink/customer/Food_order_tracking.php?order_id=40 | Speed: 3ms | IP: ::1
[30-May-2026 22:46:20 Europe/Berlin] [API_HIT] /khatalink/shop/ajax_check_pickup_code.php?order_id=41 | Speed: 3ms | IP: ::1
[30-May-2026 22:46:20 Europe/Berlin] [API_HIT] /khatalink/shop/ajax_check_pickup_code.php?order_id=34 | Speed: 2ms | IP: ::1
[30-May-2026 22:46:21 Europe/Berlin] [API_HIT] /khatalink/shop/ajax_check_pickup_code.php?order_id=35 | Speed: 3ms | IP: ::1
[30-May-2026 22:46:22 Europe/Berlin] [API_HIT] /khatalink/shop/ajax_check_pickup_code.php?order_id=40 | Speed: 3ms | IP: ::1
[30-May-2026 22:46:23 Europe/Berlin] [API_HIT] /khatalink/delivery/dashboard.php | Speed: 36ms | IP: ::1
[30-May-2026 22:46:25 Europe/Berlin] [API_HIT] /khatalink/delivery/ajax_update_location.php | Speed: 4ms | IP: ::1
[30-May-2026 22:46:26 Europe/Berlin] [API_HIT] /khatalink/delivery/dashboard.php | Speed: 8ms | IP: ::1
[30-May-2026 22:46:27 Europe/Berlin] [API_HIT] /khatalink/delivery/dashboard.php?msg=Verification+Requested | Speed: 29ms | IP: ::1
[30-May-2026 22:46:28 Europe/Berlin] [API_HIT] /khatalink/delivery/ajax_update_location.php | Speed: 5ms | IP: ::1
[30-May-2026 22:46:30 Europe/Berlin] [API_HIT] /khatalink/delivery/dashboard.php?msg=Verification+Requested | Speed: 4ms | IP: ::1
[30-May-2026 22:46:30 Europe/Berlin] [API_HIT] /khatalink/delivery/dashboard.php?msg=Verification+Requested | Speed: 21ms | IP: ::1
[30-May-2026 22:46:34 Europe/Berlin] [API_HIT] /khatalink/customer/ajax_get_order_status.php?order_id=40&customer_id=10 | Speed: 3ms | IP: ::1
[30-May-2026 22:46:35 Europe/Berlin] [API_HIT] /khatalink/customer/Food_order_tracking.php?order_id=40 | Speed: 3ms | IP: ::1
[30-May-2026 22:46:35 Europe/Berlin] [API_HIT] /khatalink/shop/ajax_check_pickup_code.php?order_id=41 | Speed: 2ms | IP: ::1
[30-May-2026 22:46:36 Europe/Berlin] [API_HIT] /khatalink/shop/ajax_check_pickup_code.php?order_id=34 | Speed: 2ms | IP: ::1
[30-May-2026 22:46:37 Europe/Berlin] [API_HIT] /khatalink/shop/ajax_check_pickup_code.php?order_id=35 | Speed: 3ms | IP: ::1
[30-May-2026 22:46:37 Europe/Berlin] [API_HIT] /khatalink/shop/restaurant_dashboard.php | Speed: 6ms | IP: ::1
[30-May-2026 22:46:37 Europe/Berlin] [API_HIT] /khatalink/shop/ajax_check_pickup_code.php?order_id=40 | Speed: 2ms | IP: ::1
[30-May-2026 22:46:41 Europe/Berlin] [API_HIT] /khatalink/shop/ajax_check_pickup_code.php?order_id=35 | Speed: 2ms | IP: ::1
[30-May-2026 22:46:42 Europe/Berlin] [API_HIT] /khatalink/shop/ajax_check_pickup_code.php?order_id=40 | Speed: 3ms | IP: ::1
[30-May-2026 22:46:43 Europe/Berlin] [API_HIT] /khatalink/shop/ajax_check_pickup_code.php?order_id=41 | Speed: 2ms | IP: ::1
[30-May-2026 22:46:43 Europe/Berlin] [API_HIT] /khatalink/shop/ajax_check_pickup_code.php?order_id=34 | Speed: 2ms | IP: ::1
[30-May-2026 22:46:46 Europe/Berlin] [API_HIT] /khatalink/shop/ajax_check_pickup_code.php?order_id=35 | Speed: 3ms | IP: ::1
[30-May-2026 22:46:47 Europe/Berlin] [API_HIT] /khatalink/shop/ajax_check_pickup_code.php?order_id=40 | Speed: 3ms | IP: ::1
[30-May-2026 22:46:52 Europe/Berlin] [API_HIT] /khatalink/delivery/ajax_update_location.php | Speed: 6ms | IP: ::1
[30-May-2026 22:46:52 Europe/Berlin] [API_HIT] /khatalink/shop/ajax_check_pickup_code.php?order_id=35 | Speed: 4ms | IP: ::1
[30-May-2026 22:46:52 Europe/Berlin] [API_HIT] /khatalink/customer/ajax_get_order_status.php?order_id=40&customer_id=10 | Speed: 6ms | IP: ::1
[30-May-2026 22:46:52 Europe/Berlin] [API_HIT] /khatalink/delivery/dashboard.php?msg=Verification+Requested | Speed: 7ms | IP: ::1
[30-May-2026 22:46:52 Europe/Berlin] [API_HIT] /khatalink/shop/ajax_check_pickup_code.php?order_id=40 | Speed: 3ms | IP: ::1
[30-May-2026 22:46:52 Europe/Berlin] [API_HIT] /khatalink/delivery/dashboard.php?msg=Cash+Handover+Verified | Speed: 23ms | IP: ::1
[30-May-2026 22:46:52 Europe/Berlin] [API_HIT] /khatalink/customer/Food_order_tracking.php?order_id=40 | Speed: 3ms | IP: ::1
[30-May-2026 22:46:53 Europe/Berlin] [API_HIT] /khatalink/delivery/ajax_update_location.php | Speed: 4ms | IP: ::1
[30-May-2026 22:46:58 Europe/Berlin] [API_HIT] /khatalink/shop/ajax_check_pickup_code.php?order_id=41 | Speed: 2ms | IP: ::1
[30-May-2026 22:46:58 Europe/Berlin] [API_HIT] /khatalink/shop/ajax_check_pickup_code.php?order_id=34 | Speed: 2ms | IP: ::1
[30-May-2026 22:46:59 Europe/Berlin] [API_HIT] /khatalink/shop/ajax_check_pickup_code.php?order_id=35 | Speed: 2ms | IP: ::1
[30-May-2026 22:47:03 Europe/Berlin] [API_HIT] /khatalink/shop/ajax_check_pickup_code.php?order_id=35 | Speed: 2ms | IP: ::1
[30-May-2026 22:47:08 Europe/Berlin] [API_HIT] /khatalink/shop/ajax_check_pickup_code.php?order_id=35 | Speed: 3ms | IP: ::1
[30-May-2026 22:47:09 Europe/Berlin] [API_HIT] /khatalink/customer/ajax_get_order_status.php?order_id=40&customer_id=10 | Speed: 3ms | IP: ::1
[30-May-2026 22:47:09 Europe/Berlin] [API_HIT] /khatalink/customer/Food_order_tracking.php?order_id=40 | Speed: 4ms | IP: ::1
[30-May-2026 22:47:09 Europe/Berlin] [API_HIT] /khatalink/delivery/dashboard.php?msg=Cash+Handover+Verified | Speed: 31ms | IP: ::1
[30-May-2026 22:47:14 Europe/Berlin] [API_HIT] /khatalink/delivery/dashboard.php?msg=Cash+Handover+Verified | Speed: 17ms | IP: ::1
[30-May-2026 22:47:14 Europe/Berlin] [API_HIT] /khatalink/delivery/ajax_update_location.php | Speed: 5ms | IP: ::1
[30-May-2026 22:47:15 Europe/Berlin] [API_HIT] /khatalink/shop/ajax_check_pickup_code.php?order_id=35 | Speed: 2ms | IP: ::1
[30-May-2026 22:47:15 Europe/Berlin] [API_HIT] /khatalink/delivery/dashboard.php?msg=Cash+Handover+Verified | Speed: 20ms | IP: ::1
[30-May-2026 22:47:16 Europe/Berlin] [API_HIT] /khatalink/delivery/ajax_update_location.php | Speed: 3ms | IP: ::1
[30-May-2026 22:47:25 Europe/Berlin] [API_HIT] /khatalink/customer/ajax_get_order_status.php?order_id=40&customer_id=10 | Speed: 4ms | IP: ::1
[30-May-2026 22:47:25 Europe/Berlin] [API_HIT] /khatalink/customer/Food_order_tracking.php?order_id=40 | Speed: 3ms | IP: ::1
[30-May-2026 22:47:26 Europe/Berlin] [API_HIT] /khatalink/customer/cashfree_order.php | Speed: 589ms | IP: ::1
[30-May-2026 22:47:29 Europe/Berlin] [API_HIT] /khatalink/delivery/dashboard.php?msg=Cash+Handover+Verified | Speed: 23ms | IP: ::1
[30-May-2026 22:47:33 Europe/Berlin] [API_HIT] /khatalink/shop/ajax_check_pickup_code.php?order_id=41 | Speed: 3ms | IP: ::1
[30-May-2026 22:47:34 Europe/Berlin] [API_HIT] /khatalink/shop/ajax_check_pickup_code.php?order_id=34 | Speed: 3ms | IP: ::1
[30-May-2026 22:47:35 Europe/Berlin] [API_HIT] /khatalink/shop/restaurant_dashboard.php | Speed: 10ms | IP: ::1
[30-May-2026 22:47:41 Europe/Berlin] [API_HIT] /khatalink/customer/ajax_get_order_status.php?order_id=40&customer_id=10 | Speed: 3ms | IP: ::1
[30-May-2026 22:47:41 Europe/Berlin] [API_HIT] /khatalink/customer/Food_order_tracking.php?order_id=40 | Speed: 3ms | IP: ::1
[30-May-2026 22:47:41 Europe/Berlin] [API_HIT] /khatalink/shop/ajax_check_pickup_code.php?order_id=41 | Speed: 3ms | IP: ::1
[30-May-2026 22:47:42 Europe/Berlin] [API_HIT] /khatalink/shop/ajax_check_pickup_code.php?order_id=34 | Speed: 4ms | IP: ::1
[30-May-2026 22:47:45 Europe/Berlin] [API_HIT] /khatalink/delivery/Groceries_tasks.php | Speed: 25ms | IP: ::1
[30-May-2026 22:47:48 Europe/Berlin] [API_HIT] /khatalink/delivery/ajax_update_location.php | Speed: 4ms | IP: ::1
[30-May-2026 22:47:50 Europe/Berlin] FCM HTTP 200 Response for shop (ID: 9): {
  "name": "projects/khatalink-63041/messages/06df3c24-9f00-4797-85bc-b67f2acf2b49"
}

[30-May-2026 22:47:50 Europe/Berlin] [API_HIT] /khatalink/delivery/Groceries_tasks.php | Speed: 1297ms | IP: ::1
[30-May-2026 22:47:56 Europe/Berlin] [API_HIT] /khatalink/delivery/Groceries_tasks.php | Speed: 17ms | IP: ::1
[30-May-2026 22:47:57 Europe/Berlin] [API_HIT] /khatalink/customer/ajax_get_order_status.php?order_id=40&customer_id=10 | Speed: 2ms | IP: ::1
[30-May-2026 22:47:58 Europe/Berlin] [API_HIT] /khatalink/customer/Food_order_tracking.php?order_id=40 | Speed: 6ms | IP: ::1
[30-May-2026 22:47:58 Europe/Berlin] [API_HIT] /khatalink/delivery/dashboard.php | Speed: 20ms | IP: ::1
[30-May-2026 22:48:02 Europe/Berlin] [API_HIT] /khatalink/shop/ajax_check_pickup_code.php?order_id=41 | Speed: 3ms | IP: ::1
[30-May-2026 22:48:02 Europe/Berlin] [API_HIT] /khatalink/shop/restaurant_dashboard.php | Speed: 9ms | IP: ::1
[30-May-2026 22:48:02 Europe/Berlin] [API_HIT] /khatalink/shop/ajax_check_pickup_code.php?order_id=34 | Speed: 2ms | IP: ::1
[30-May-2026 22:48:05 Europe/Berlin] [API_HIT] /khatalink/shop/restaurant_dashboard.php | Speed: 9ms | IP: ::1
[31-May-2026 02:18:11 Asia/Kolkata] [API_HIT] /khatalink/customer/Food_orders.php | Speed: 5ms | IP: ::1
[30-May-2026 22:48:13 Europe/Berlin] [API_HIT] /khatalink/customer/Food_order_tracking.php?order_id=41 | Speed: 3ms | IP: ::1
[30-May-2026 22:48:20 Europe/Berlin] [API_HIT] /khatalink/shop/ajax_check_pickup_code.php?order_id=41 | Speed: 3ms | IP: ::1
[30-May-2026 22:48:20 Europe/Berlin] [API_HIT] /khatalink/shop/ajax_check_pickup_code.php?order_id=34 | Speed: 3ms | IP: ::1
[30-May-2026 22:48:23 Europe/Berlin] [API_HIT] /khatalink/shop/restaurant_dashboard.php | Speed: 6ms | IP: ::1
[30-May-2026 22:48:28 Europe/Berlin] [API_HIT] /khatalink/customer/ajax_get_order_status.php?order_id=41&customer_id=10 | Speed: 3ms | IP: ::1
[31-May-2026 02:18:28 Asia/Kolkata] [API_HIT] /khatalink/customer/Food_orders.php | Speed: 3ms | IP: ::1
[30-May-2026 22:48:28 Europe/Berlin] [API_HIT] /khatalink/customer/Food_order_tracking.php?order_id=41 | Speed: 3ms | IP: ::1
[31-May-2026 02:18:31 Asia/Kolkata] [API_HIT] /khatalink/customer/Food_orders.php | Speed: 3ms | IP: ::1
[30-May-2026 22:48:35 Europe/Berlin] [API_HIT] /khatalink/delivery/ajax_update_location.php | Speed: 8ms | IP: ::1
[30-May-2026 22:48:35 Europe/Berlin] [API_HIT] /khatalink/delivery/ajax_update_location.php | Speed: 2ms | IP: ::1
[30-May-2026 22:48:43 Europe/Berlin] [API_HIT] /khatalink/shop/ajax_check_pickup_code.php?order_id=41 | Speed: 5ms | IP: ::1
[30-May-2026 22:48:43 Europe/Berlin] [API_HIT] /khatalink/shop/ajax_check_pickup_code.php?order_id=34 | Speed: 2ms | IP: ::1
[30-May-2026 22:48:48 Europe/Berlin] [API_HIT] /khatalink/shop/ajax_check_pickup_code.php?order_id=41 | Speed: 3ms | IP: ::1
[30-May-2026 22:48:48 Europe/Berlin] [API_HIT] /khatalink/shop/ajax_check_pickup_code.php?order_id=34 | Speed: 2ms | IP: ::1
[30-May-2026 22:48:53 Europe/Berlin] [API_HIT] /khatalink/shop/ajax_check_pickup_code.php?order_id=41 | Speed: 4ms | IP: ::1
[30-May-2026 22:48:53 Europe/Berlin] [API_HIT] /khatalink/shop/ajax_check_pickup_code.php?order_id=34 | Speed: 3ms | IP: ::1
[30-May-2026 22:48:58 Europe/Berlin] [API_HIT] /khatalink/shop/ajax_check_pickup_code.php?order_id=41 | Speed: 3ms | IP: ::1
[30-May-2026 22:48:58 Europe/Berlin] [API_HIT] /khatalink/shop/ajax_check_pickup_code.php?order_id=34 | Speed: 2ms | IP: ::1
[30-May-2026 22:49:04 Europe/Berlin] [API_HIT] /khatalink/shop/ajax_check_pickup_code.php?order_id=41 | Speed: 4ms | IP: ::1
[30-May-2026 22:49:05 Europe/Berlin] [API_HIT] /khatalink/shop/ajax_check_pickup_code.php?order_id=34 | Speed: 2ms | IP: ::1
[30-May-2026 22:49:05 Europe/Berlin] [API_HIT] /khatalink/delivery/ajax_update_location.php | Speed: 6ms | IP: ::1
[30-May-2026 22:49:08 Europe/Berlin] [API_HIT] /khatalink/shop/ajax_check_pickup_code.php?order_id=41 | Speed: 3ms | IP: ::1
[30-May-2026 22:49:08 Europe/Berlin] [API_HIT] /khatalink/shop/ajax_check_pickup_code.php?order_id=34 | Speed: 2ms | IP: ::1
[30-May-2026 22:49:13 Europe/Berlin] [API_HIT] /khatalink/shop/ajax_check_pickup_code.php?order_id=41 | Speed: 3ms | IP: ::1
[30-May-2026 22:49:13 Europe/Berlin] [API_HIT] /khatalink/shop/ajax_check_pickup_code.php?order_id=34 | Speed: 2ms | IP: ::1
[30-May-2026 22:49:18 Europe/Berlin] [API_HIT] /khatalink/shop/ajax_check_pickup_code.php?order_id=41 | Speed: 4ms | IP: ::1
[30-May-2026 22:49:18 Europe/Berlin] [API_HIT] /khatalink/shop/ajax_check_pickup_code.php?order_id=34 | Speed: 3ms | IP: ::1
[30-May-2026 22:49:23 Europe/Berlin] [API_HIT] /khatalink/shop/ajax_check_pickup_code.php?order_id=41 | Speed: 3ms | IP: ::1
[30-May-2026 22:49:23 Europe/Berlin] [API_HIT] /khatalink/shop/ajax_check_pickup_code.php?order_id=34 | Speed: 3ms | IP: ::1
[30-May-2026 22:49:28 Europe/Berlin] [API_HIT] /khatalink/shop/ajax_check_pickup_code.php?order_id=41 | Speed: 12ms | IP: ::1
[30-May-2026 22:49:28 Europe/Berlin] [API_HIT] /khatalink/shop/ajax_check_pickup_code.php?order_id=34 | Speed: 2ms | IP: ::1
[30-May-2026 22:49:30 Europe/Berlin] [API_HIT] /khatalink/delivery/ajax_update_location.php | Speed: 4ms | IP: ::1
[30-May-2026 22:49:33 Europe/Berlin] [API_HIT] /khatalink/shop/ajax_check_pickup_code.php?order_id=41 | Speed: 3ms | IP: ::1
[30-May-2026 22:49:33 Europe/Berlin] [API_HIT] /khatalink/shop/ajax_check_pickup_code.php?order_id=34 | Speed: 2ms | IP: ::1
[30-May-2026 22:49:38 Europe/Berlin] [API_HIT] /khatalink/shop/ajax_check_pickup_code.php?order_id=41 | Speed: 3ms | IP: ::1
[30-May-2026 22:49:38 Europe/Berlin] [API_HIT] /khatalink/shop/ajax_check_pickup_code.php?order_id=34 | Speed: 3ms | IP: ::1
[30-May-2026 22:49:43 Europe/Berlin] [API_HIT] /khatalink/shop/ajax_check_pickup_code.php?order_id=41 | Speed: 3ms | IP: ::1
[30-May-2026 22:49:43 Europe/Berlin] [API_HIT] /khatalink/shop/ajax_check_pickup_code.php?order_id=34 | Speed: 3ms | IP: ::1
[30-May-2026 22:49:48 Europe/Berlin] [API_HIT] /khatalink/shop/ajax_check_pickup_code.php?order_id=41 | Speed: 3ms | IP: ::1
[30-May-2026 22:49:48 Europe/Berlin] [API_HIT] /khatalink/shop/ajax_check_pickup_code.php?order_id=34 | Speed: 2ms | IP: ::1
[30-May-2026 22:49:53 Europe/Berlin] [API_HIT] /khatalink/shop/ajax_check_pickup_code.php?order_id=41 | Speed: 3ms | IP: ::1
[30-May-2026 22:49:53 Europe/Berlin] [API_HIT] /khatalink/shop/ajax_check_pickup_code.php?order_id=34 | Speed: 2ms | IP: ::1
[30-May-2026 22:49:58 Europe/Berlin] [API_HIT] /khatalink/shop/ajax_check_pickup_code.php?order_id=41 | Speed: 3ms | IP: ::1
[30-May-2026 22:49:58 Europe/Berlin] [API_HIT] /khatalink/shop/ajax_check_pickup_code.php?order_id=34 | Speed: 3ms | IP: ::1
[30-May-2026 22:50:04 Europe/Berlin] [API_HIT] /khatalink/shop/ajax_check_pickup_code.php?order_id=41 | Speed: 2ms | IP: ::1
[30-May-2026 22:50:04 Europe/Berlin] [API_HIT] /khatalink/delivery/ajax_update_location.php | Speed: 3ms | IP: ::1
[30-May-2026 22:50:05 Europe/Berlin] [API_HIT] /khatalink/shop/ajax_check_pickup_code.php?order_id=34 | Speed: 2ms | IP: ::1
[30-May-2026 22:50:08 Europe/Berlin] [API_HIT] /khatalink/shop/ajax_check_pickup_code.php?order_id=41 | Speed: 23ms | IP: ::1
[30-May-2026 22:50:08 Europe/Berlin] [API_HIT] /khatalink/shop/ajax_check_pickup_code.php?order_id=34 | Speed: 3ms | IP: ::1
[30-May-2026 22:50:14 Europe/Berlin] [API_HIT] /khatalink/shop/ajax_check_pickup_code.php?order_id=41 | Speed: 2ms | IP: ::1
[30-May-2026 22:50:15 Europe/Berlin] [API_HIT] /khatalink/shop/ajax_check_pickup_code.php?order_id=34 | Speed: 3ms | IP: ::1
[30-May-2026 22:50:18 Europe/Berlin] [API_HIT] /khatalink/shop/ajax_check_pickup_code.php?order_id=41 | Speed: 3ms | IP: ::1
[30-May-2026 22:50:18 Europe/Berlin] [API_HIT] /khatalink/shop/ajax_check_pickup_code.php?order_id=34 | Speed: 3ms | IP: ::1
[30-May-2026 22:50:23 Europe/Berlin] [API_HIT] /khatalink/shop/ajax_check_pickup_code.php?order_id=41 | Speed: 2ms | IP: ::1
[30-May-2026 22:50:23 Europe/Berlin] [API_HIT] /khatalink/shop/ajax_check_pickup_code.php?order_id=34 | Speed: 2ms | IP: ::1
[30-May-2026 22:50:28 Europe/Berlin] [API_HIT] /khatalink/shop/ajax_check_pickup_code.php?order_id=41 | Speed: 2ms | IP: ::1
[30-May-2026 22:50:28 Europe/Berlin] [API_HIT] /khatalink/shop/ajax_check_pickup_code.php?order_id=34 | Speed: 2ms | IP: ::1
[30-May-2026 22:50:34 Europe/Berlin] [API_HIT] /khatalink/shop/ajax_check_pickup_code.php?order_id=41 | Speed: 3ms | IP: ::1
[30-May-2026 22:50:34 Europe/Berlin] [API_HIT] /khatalink/delivery/ajax_update_location.php | Speed: 5ms | IP: ::1
[30-May-2026 22:50:35 Europe/Berlin] [API_HIT] /khatalink/shop/ajax_check_pickup_code.php?order_id=34 | Speed: 3ms | IP: ::1
[30-May-2026 22:50:38 Europe/Berlin] [API_HIT] /khatalink/shop/ajax_check_pickup_code.php?order_id=41 | Speed: 4ms | IP: ::1
[30-May-2026 22:50:38 Europe/Berlin] [API_HIT] /khatalink/shop/ajax_check_pickup_code.php?order_id=34 | Speed: 3ms | IP: ::1
[30-May-2026 22:50:43 Europe/Berlin] [API_HIT] /khatalink/shop/ajax_check_pickup_code.php?order_id=41 | Speed: 3ms | IP: ::1
[30-May-2026 22:50:43 Europe/Berlin] [API_HIT] /khatalink/shop/ajax_check_pickup_code.php?order_id=34 | Speed: 2ms | IP: ::1
[30-May-2026 22:50:48 Europe/Berlin] [API_HIT] /khatalink/shop/ajax_check_pickup_code.php?order_id=41 | Speed: 2ms | IP: ::1
[30-May-2026 22:50:48 Europe/Berlin] [API_HIT] /khatalink/shop/ajax_check_pickup_code.php?order_id=34 | Speed: 2ms | IP: ::1
[30-May-2026 22:50:53 Europe/Berlin] [API_HIT] /khatalink/shop/ajax_check_pickup_code.php?order_id=41 | Speed: 3ms | IP: ::1
[30-May-2026 22:50:53 Europe/Berlin] [API_HIT] /khatalink/shop/ajax_check_pickup_code.php?order_id=34 | Speed: 3ms | IP: ::1
[30-May-2026 22:51:02 Europe/Berlin] [API_HIT] /khatalink/delivery/ajax_update_location.php | Speed: 4ms | IP: ::1
[30-May-2026 22:51:43 Europe/Berlin] [API_HIT] /khatalink/delivery/ajax_update_location.php | Speed: 4ms | IP: ::1
[30-May-2026 22:52:43 Europe/Berlin] [API_HIT] /khatalink/delivery/ajax_update_location.php | Speed: 3ms | IP: ::1
[30-May-2026 22:53:44 Europe/Berlin] [API_HIT] /khatalink/delivery/ajax_update_location.php | Speed: 5ms | IP: ::1
[31-May-2026 13:35:08 Europe/Berlin] [API_HIT] /khatalink/delivery/ajax_update_location.php | Speed: 14ms | IP: ::1
[31-May-2026 13:35:08 Europe/Berlin] [API_HIT] /khatalink/delivery/ajax_update_location.php | Speed: 8ms | IP: ::1
[31-May-2026 13:35:41 Europe/Berlin] [API_HIT] /khatalink/delivery/ajax_update_location.php | Speed: 8ms | IP: ::1
[31-May-2026 13:36:39 Europe/Berlin] [API_HIT] /khatalink/delivery/ajax_update_location.php | Speed: 34ms | IP: ::1
[31-May-2026 13:37:43 Europe/Berlin] [API_HIT] /khatalink/delivery/ajax_update_location.php | Speed: 7ms | IP: ::1
[31-May-2026 13:38:43 Europe/Berlin] [API_HIT] /khatalink/delivery/ajax_update_location.php | Speed: 7ms | IP: ::1
[31-May-2026 13:39:44 Europe/Berlin] [API_HIT] /khatalink/delivery/ajax_update_location.php | Speed: 6ms | IP: ::1
[31-May-2026 13:40:43 Europe/Berlin] [API_HIT] /khatalink/delivery/ajax_update_location.php | Speed: 6ms | IP: ::1
[31-May-2026 13:41:43 Europe/Berlin] [API_HIT] /khatalink/delivery/ajax_update_location.php | Speed: 6ms | IP: ::1
[31-May-2026 13:42:43 Europe/Berlin] [API_HIT] /khatalink/delivery/ajax_update_location.php | Speed: 6ms | IP: ::1
[31-May-2026 13:43:43 Europe/Berlin] [API_HIT] /khatalink/delivery/ajax_update_location.php | Speed: 8ms | IP: ::1
[31-May-2026 13:44:43 Europe/Berlin] [API_HIT] /khatalink/delivery/ajax_update_location.php | Speed: 7ms | IP: ::1
[31-May-2026 13:45:43 Europe/Berlin] [API_HIT] /khatalink/delivery/ajax_update_location.php | Speed: 6ms | IP: ::1
[31-May-2026 13:46:43 Europe/Berlin] [API_HIT] /khatalink/delivery/ajax_update_location.php | Speed: 5ms | IP: ::1
[31-May-2026 13:47:43 Europe/Berlin] [API_HIT] /khatalink/delivery/ajax_update_location.php | Speed: 7ms | IP: ::1
[31-May-2026 13:49:44 Europe/Berlin] [API_HIT] /khatalink/delivery/ajax_update_location.php | Speed: 7ms | IP: ::1
[31-May-2026 13:50:43 Europe/Berlin] [API_HIT] /khatalink/delivery/ajax_update_location.php | Speed: 8ms | IP: ::1
[31-May-2026 13:51:43 Europe/Berlin] [API_HIT] /khatalink/delivery/ajax_update_location.php | Speed: 6ms | IP: ::1
[31-May-2026 13:52:43 Europe/Berlin] [API_HIT] /khatalink/delivery/ajax_update_location.php | Speed: 5ms | IP: ::1
[31-May-2026 13:53:43 Europe/Berlin] [API_HIT] /khatalink/delivery/ajax_update_location.php | Speed: 5ms | IP: ::1
[31-May-2026 13:54:43 Europe/Berlin] [API_HIT] /khatalink/delivery/ajax_update_location.php | Speed: 5ms | IP: ::1
[31-May-2026 13:55:43 Europe/Berlin] [API_HIT] /khatalink/delivery/ajax_update_location.php | Speed: 6ms | IP: ::1
[31-May-2026 13:56:43 Europe/Berlin] [API_HIT] /khatalink/delivery/ajax_update_location.php | Speed: 7ms | IP: ::1
[31-May-2026 13:57:43 Europe/Berlin] [API_HIT] /khatalink/delivery/ajax_update_location.php | Speed: 5ms | IP: ::1
[31-May-2026 13:58:43 Europe/Berlin] [API_HIT] /khatalink/delivery/ajax_update_location.php | Speed: 6ms | IP: ::1
[31-May-2026 13:59:43 Europe/Berlin] [API_HIT] /khatalink/delivery/ajax_update_location.php | Speed: 6ms | IP: ::1
[31-May-2026 14:00:43 Europe/Berlin] [API_HIT] /khatalink/delivery/ajax_update_location.php | Speed: 7ms | IP: ::1
[31-May-2026 14:01:43 Europe/Berlin] [API_HIT] /khatalink/delivery/ajax_update_location.php | Speed: 8ms | IP: ::1
[31-May-2026 14:02:43 Europe/Berlin] [API_HIT] /khatalink/delivery/ajax_update_location.php | Speed: 7ms | IP: ::1
[31-May-2026 14:03:43 Europe/Berlin] [API_HIT] /khatalink/delivery/ajax_update_location.php | Speed: 5ms | IP: ::1
[31-May-2026 14:04:45 Europe/Berlin] [API_HIT] /khatalink/delivery/ajax_update_location.php | Speed: 7ms | IP: ::1
[31-May-2026 14:05:43 Europe/Berlin] [API_HIT] /khatalink/delivery/ajax_update_location.php | Speed: 32ms | IP: ::1
[31-May-2026 14:06:39 Europe/Berlin] [API_HIT] /khatalink/delivery/ajax_update_location.php | Speed: 6ms | IP: ::1
[31-May-2026 14:07:44 Europe/Berlin] [API_HIT] /khatalink/delivery/ajax_update_location.php | Speed: 4ms | IP: ::1
[31-May-2026 14:08:43 Europe/Berlin] [API_HIT] /khatalink/delivery/ajax_update_location.php | Speed: 6ms | IP: ::1
[31-May-2026 14:09:43 Europe/Berlin] [API_HIT] /khatalink/delivery/ajax_update_location.php | Speed: 9ms | IP: ::1
[31-May-2026 14:10:43 Europe/Berlin] [API_HIT] /khatalink/delivery/ajax_update_location.php | Speed: 7ms | IP: ::1
[31-May-2026 14:11:44 Europe/Berlin] [API_HIT] /khatalink/delivery/ajax_update_location.php | Speed: 10ms | IP: ::1
[31-May-2026 14:12:40 Europe/Berlin] [API_HIT] /khatalink/delivery/ajax_update_location.php | Speed: 10ms | IP: ::1
[31-May-2026 14:13:43 Europe/Berlin] [API_HIT] /khatalink/delivery/ajax_update_location.php | Speed: 9ms | IP: ::1
[31-May-2026 14:14:43 Europe/Berlin] [API_HIT] /khatalink/delivery/ajax_update_location.php | Speed: 7ms | IP: ::1
[31-May-2026 14:15:43 Europe/Berlin] [API_HIT] /khatalink/delivery/ajax_update_location.php | Speed: 5ms | IP: ::1
[31-May-2026 14:16:45 Europe/Berlin] [API_HIT] /khatalink/delivery/ajax_update_location.php | Speed: 7ms | IP: ::1
[31-May-2026 14:17:43 Europe/Berlin] [API_HIT] /khatalink/delivery/ajax_update_location.php | Speed: 6ms | IP: ::1
[31-May-2026 14:18:43 Europe/Berlin] [API_HIT] /khatalink/delivery/ajax_update_location.php | Speed: 7ms | IP: ::1
[31-May-2026 14:19:43 Europe/Berlin] [API_HIT] /khatalink/delivery/ajax_update_location.php | Speed: 7ms | IP: ::1
[31-May-2026 14:20:39 Europe/Berlin] [API_HIT] /khatalink/delivery/ajax_update_location.php | Speed: 20ms | IP: ::1
[31-May-2026 14:21:43 Europe/Berlin] [API_HIT] /khatalink/delivery/ajax_update_location.php | Speed: 12ms | IP: ::1
[31-May-2026 14:22:43 Europe/Berlin] [API_HIT] /khatalink/delivery/ajax_update_location.php | Speed: 8ms | IP: ::1
[31-May-2026 14:23:43 Europe/Berlin] [API_HIT] /khatalink/delivery/ajax_update_location.php | Speed: 9ms | IP: ::1
[31-May-2026 14:24:43 Europe/Berlin] [API_HIT] /khatalink/delivery/ajax_update_location.php | Speed: 16ms | IP: ::1
[31-May-2026 14:25:43 Europe/Berlin] [API_HIT] /khatalink/delivery/ajax_update_location.php | Speed: 7ms | IP: ::1
[31-May-2026 14:26:43 Europe/Berlin] [API_HIT] /khatalink/delivery/ajax_update_location.php | Speed: 7ms | IP: ::1
[31-May-2026 14:27:43 Europe/Berlin] [API_HIT] /khatalink/delivery/ajax_update_location.php | Speed: 10ms | IP: ::1
[31-May-2026 14:28:43 Europe/Berlin] [API_HIT] /khatalink/delivery/ajax_update_location.php | Speed: 8ms | IP: ::1
[31-May-2026 14:29:43 Europe/Berlin] [API_HIT] /khatalink/delivery/ajax_update_location.php | Speed: 9ms | IP: ::1
[31-May-2026 14:30:39 Europe/Berlin] [API_HIT] /khatalink/delivery/ajax_update_location.php | Speed: 11ms | IP: ::1
[31-May-2026 14:31:49 Europe/Berlin] [API_HIT] /khatalink/delivery/ajax_update_location.php | Speed: 7ms | IP: ::1
[31-May-2026 14:43:40 Europe/Berlin] [API_HIT] /khatalink/delivery/ajax_update_location.php | Speed: 10ms | IP: ::1
[31-May-2026 14:44:43 Europe/Berlin] [API_HIT] /khatalink/delivery/ajax_update_location.php | Speed: 7ms | IP: ::1
[31-May-2026 14:45:43 Europe/Berlin] [API_HIT] /khatalink/delivery/ajax_update_location.php | Speed: 7ms | IP: ::1
[31-May-2026 14:46:44 Europe/Berlin] [API_HIT] /khatalink/delivery/ajax_update_location.php | Speed: 6ms | IP: ::1
[31-May-2026 14:47:43 Europe/Berlin] [API_HIT] /khatalink/delivery/ajax_update_location.php | Speed: 10ms | IP: ::1
[31-May-2026 14:48:43 Europe/Berlin] [API_HIT] /khatalink/delivery/ajax_update_location.php | Speed: 22ms | IP: ::1
[31-May-2026 14:49:43 Europe/Berlin] [API_HIT] /khatalink/delivery/ajax_update_location.php | Speed: 33ms | IP: ::1
[31-May-2026 14:50:43 Europe/Berlin] [API_HIT] /khatalink/delivery/ajax_update_location.php | Speed: 12ms | IP: ::1
[31-May-2026 14:51:43 Europe/Berlin] [API_HIT] /khatalink/delivery/ajax_update_location.php | Speed: 5ms | IP: ::1
[31-May-2026 14:52:43 Europe/Berlin] [API_HIT] /khatalink/delivery/ajax_update_location.php | Speed: 19ms | IP: ::1
[01-Jun-2026 10:14:58 Europe/Berlin] [API_HIT] /khatalink/customer/dashboard.php | Speed: 390ms | IP: ::1
[01-Jun-2026 10:14:59 Europe/Berlin] [API_HIT] /khatalink/auth/login.php?type=customer | Speed: 41ms | IP: ::1
[01-Jun-2026 10:15:10 Europe/Berlin] LOGIN_SUCCESS: User ID: 10, Type: customer (Web), IP: ::1
[01-Jun-2026 10:15:12 Europe/Berlin] FCM HTTP 200 Response for customer (ID: 10): {
  "name": "projects/khatalink-63041/messages/c0100a52-d04a-4335-b787-d034f52e0899"
}

[01-Jun-2026 10:15:13 Europe/Berlin] FCM HTTP 200 Response for customer (ID: 10): {
  "name": "projects/khatalink-63041/messages/0:1780301712558927%3a1eff913a1eff91"
}

[01-Jun-2026 10:15:13 Europe/Berlin] [API_HIT] /khatalink/auth/login.php?type=customer | Speed: 3658ms | IP: ::1
[01-Jun-2026 10:15:13 Europe/Berlin] [API_HIT] /khatalink/customer/dashboard.php | Speed: 218ms | IP: ::1
[01-Jun-2026 11:26:59 Europe/Berlin] [API_HIT] /khatalink/admin/login.php | Speed: 39ms | IP: ::1
[01-Jun-2026 11:27:01 Europe/Berlin] LOGIN_SUCCESS: User ID: 5, Type: admin, IP: ::1
[01-Jun-2026 11:27:01 Europe/Berlin] [API_HIT] /khatalink/admin/login.php | Speed: 124ms | IP: ::1
[01-Jun-2026 11:27:02 Europe/Berlin] [API_HIT] /khatalink/admin/dashboard.php | Speed: 107ms | IP: ::1
[01-Jun-2026 11:27:05 Europe/Berlin] [API_HIT] /khatalink/admin/hacker_terminal.php | Speed: 2ms | IP: ::1
[01-Jun-2026 11:27:22 Europe/Berlin] [API_HIT] /khatalink/admin/hacker_terminal.php | Speed: 2ms | IP: ::1
[01-Jun-2026 11:27:57 Europe/Berlin] [API_HIT] /khatalink/admin/hacker_terminal.php | Speed: 2ms | IP: ::1
[01-Jun-2026 11:27:57 Europe/Berlin] [API_HIT] /khatalink/admin/hacker_terminal.php | Speed: 4ms | IP: ::1
[01-Jun-2026 17:34:35 Europe/Berlin] [API_HIT] /khatalink/customer/dashboard.php | Speed: 14ms | IP: ::1
[01-Jun-2026 17:34:35 Europe/Berlin] [API_HIT] /khatalink/auth/login.php?type=customer | Speed: 5ms | IP: ::1
[01-Jun-2026 17:34:50 Europe/Berlin] LOGIN_SUCCESS: User ID: 10, Type: customer (Web), IP: ::1
[01-Jun-2026 17:34:51 Europe/Berlin] FCM HTTP 200 Response for customer (ID: 10): {
  "name": "projects/khatalink-63041/messages/07cee084-98cf-4a64-bbad-ae685fa146d8"
}

[01-Jun-2026 17:34:52 Europe/Berlin] FCM HTTP 200 Response for customer (ID: 10): {
  "name": "projects/khatalink-63041/messages/0:1780328090836765%3a1eff913a1eff91"
}

[01-Jun-2026 17:34:52 Europe/Berlin] [API_HIT] /khatalink/auth/login.php?type=customer | Speed: 1449ms | IP: ::1
[01-Jun-2026 17:34:52 Europe/Berlin] [API_HIT] /khatalink/customer/dashboard.php | Speed: 16ms | IP: ::1
[01-Jun-2026 21:05:20 Asia/Kolkata] [API_HIT] /khatalink/customer/Groceries_home.php | Speed: 70ms | IP: ::1
[01-Jun-2026 17:35:21 Europe/Berlin] [API_HIT] /khatalink/customer/ajax_sync_cart.php | Speed: 7ms | IP: ::1
[01-Jun-2026 21:05:26 Asia/Kolkata] [API_HIT] /khatalink/customer/Groceries_home.php?lat=20.0709&lng=86.2210&radius=6 | Speed: 20ms | IP: ::1
[01-Jun-2026 17:35:26 Europe/Berlin] [API_HIT] /khatalink/customer/ajax_get_registry_location.php?lat=20.070923&lng=86.22100999999999 | Speed: 8ms | IP: ::1
[01-Jun-2026 17:36:27 Europe/Berlin] [API_HIT] /khatalink/auth/login.php?type=shop | Speed: 3ms | IP: ::1
[01-Jun-2026 17:36:43 Europe/Berlin] LOGIN_SUCCESS: User ID: 9, Type: shop (Web), IP: ::1
[01-Jun-2026 17:36:44 Europe/Berlin] FCM HTTP 200 Response for shop (ID: 9): {
  "name": "projects/khatalink-63041/messages/ed2326a1-12ef-4001-8df3-e2ebf19529bb"
}

[01-Jun-2026 17:36:44 Europe/Berlin] [API_HIT] /khatalink/auth/login.php?type=shop | Speed: 984ms | IP: ::1
[01-Jun-2026 17:36:45 Europe/Berlin] [API_HIT] /khatalink/shop/restaurant_dashboard.php | Speed: 85ms | IP: ::1
[01-Jun-2026 17:36:50 Europe/Berlin] [API_HIT] /khatalink/shop/ajax_check_pickup_code.php?order_id=41 | Speed: 2ms | IP: ::1
[01-Jun-2026 17:36:50 Europe/Berlin] [API_HIT] /khatalink/shop/ajax_check_pickup_code.php?order_id=34 | Speed: 4ms | IP: ::1
[01-Jun-2026 17:36:55 Europe/Berlin] [API_HIT] /khatalink/shop/ajax_check_pickup_code.php?order_id=41 | Speed: 5ms | IP: ::1
[01-Jun-2026 17:36:55 Europe/Berlin] [API_HIT] /khatalink/shop/ajax_check_pickup_code.php?order_id=34 | Speed: 4ms | IP: ::1
[01-Jun-2026 17:37:00 Europe/Berlin] [API_HIT] /khatalink/shop/ajax_check_pickup_code.php?order_id=41 | Speed: 5ms | IP: ::1
[01-Jun-2026 17:37:00 Europe/Berlin] [API_HIT] /khatalink/shop/ajax_check_pickup_code.php?order_id=34 | Speed: 2ms | IP: ::1
[01-Jun-2026 17:37:00 Europe/Berlin] [API_HIT] /khatalink/shop/restaurant_menu.php | Speed: 4ms | IP: ::1
[01-Jun-2026 17:37:04 Europe/Berlin] [API_HIT] /khatalink/shop/restaurant_dashboard.php | Speed: 6ms | IP: ::1
[01-Jun-2026 17:37:10 Europe/Berlin] [API_HIT] /khatalink/shop/ajax_check_pickup_code.php?order_id=41 | Speed: 3ms | IP: ::1
[01-Jun-2026 17:37:10 Europe/Berlin] [API_HIT] /khatalink/shop/ajax_check_pickup_code.php?order_id=34 | Speed: 2ms | IP: ::1
[01-Jun-2026 17:37:15 Europe/Berlin] [API_HIT] /khatalink/shop/ajax_check_pickup_code.php?order_id=41 | Speed: 3ms | IP: ::1
[01-Jun-2026 17:37:15 Europe/Berlin] [API_HIT] /khatalink/shop/ajax_check_pickup_code.php?order_id=34 | Speed: 3ms | IP: ::1
[01-Jun-2026 17:37:20 Europe/Berlin] [API_HIT] /khatalink/shop/ajax_check_pickup_code.php?order_id=41 | Speed: 5ms | IP: ::1
[01-Jun-2026 17:37:20 Europe/Berlin] [API_HIT] /khatalink/shop/ajax_check_pickup_code.php?order_id=34 | Speed: 5ms | IP: ::1
[01-Jun-2026 17:37:25 Europe/Berlin] [API_HIT] /khatalink/shop/ajax_check_pickup_code.php?order_id=41 | Speed: 4ms | IP: ::1
[01-Jun-2026 17:37:25 Europe/Berlin] [API_HIT] /khatalink/shop/ajax_check_pickup_code.php?order_id=34 | Speed: 4ms | IP: ::1
[01-Jun-2026 17:37:30 Europe/Berlin] [API_HIT] /khatalink/shop/ajax_check_pickup_code.php?order_id=41 | Speed: 2ms | IP: ::1
[01-Jun-2026 17:37:30 Europe/Berlin] [API_HIT] /khatalink/shop/ajax_check_pickup_code.php?order_id=34 | Speed: 2ms | IP: ::1
[01-Jun-2026 17:37:34 Europe/Berlin] [API_HIT] /khatalink/auth/login.php?type=shop | Speed: 4ms | IP: ::1
[01-Jun-2026 17:46:44 Europe/Berlin] [API_HIT] /khatalink/admin/login.php | Speed: 30ms | IP: ::1
[01-Jun-2026 17:46:52 Europe/Berlin] [API_HIT] /khatalink/admin/login.php | Speed: 4ms | IP: ::1
[01-Jun-2026 17:47:05 Europe/Berlin] LOGIN_SUCCESS: User ID: 5, Type: admin, IP: ::1
[01-Jun-2026 17:47:05 Europe/Berlin] [API_HIT] /khatalink/admin/login.php | Speed: 74ms | IP: ::1
[01-Jun-2026 17:47:06 Europe/Berlin] [API_HIT] /khatalink/admin/dashboard.php | Speed: 11ms | IP: ::1
[01-Jun-2026 17:48:08 Europe/Berlin] [API_HIT] /khatalink/admin/hacker_terminal.php | Speed: 36ms | IP: ::1
[01-Jun-2026 17:48:14 Europe/Berlin] [API_HIT] /khatalink/admin/hacker_terminal.php | Speed: 2ms | IP: ::1
[01-Jun-2026 17:49:22 Europe/Berlin] [API_HIT] /khatalink/admin/hacker_terminal.php | Speed: 2ms | IP: ::1
[01-Jun-2026 17:49:22 Europe/Berlin] [API_HIT] /khatalink/admin/hacker_terminal.php | Speed: 3ms | IP: ::1
[07-Jun-2026 00:32:50 Europe/Berlin] [API_HIT] /khatalink/auth/login.php?type=customer | Speed: 225ms | IP: ::1
[07-Jun-2026 00:33:05 Europe/Berlin] [API_HIT] /khatalink/auth/login.php?type=customer | Speed: 157ms | IP: ::1
[07-Jun-2026 00:33:11 Europe/Berlin] [API_HIT] /khatalink/auth/login.php?type=customer | Speed: 4ms | IP: ::1
[07-Jun-2026 00:33:21 Europe/Berlin] LOGIN_SUCCESS: User ID: 10, Type: customer (Web), IP: ::1
[07-Jun-2026 00:33:22 Europe/Berlin] FCM HTTP 200 Response for customer (ID: 10): {
  "name": "projects/khatalink-63041/messages/08034831-9ae5-4f03-9d63-ae69a5f71e58"
}

[07-Jun-2026 00:33:23 Europe/Berlin] FCM HTTP 200 Response for customer (ID: 10): {
  "name": "projects/khatalink-63041/messages/0:1780785204626149%3a1eff913a1eff91"
}

[07-Jun-2026 00:33:23 Europe/Berlin] [API_HIT] /khatalink/auth/login.php?type=customer | Speed: 1690ms | IP: ::1
[07-Jun-2026 00:33:23 Europe/Berlin] [API_HIT] /khatalink/customer/dashboard.php | Speed: 84ms | IP: ::1
[07-Jun-2026 04:03:34 Asia/Kolkata] [API_HIT] /khatalink/customer/Food_home.php | Speed: 96ms | IP: ::1
[07-Jun-2026 04:03:36 Asia/Kolkata] [API_HIT] /khatalink/customer/Food_home.php?lat=20.342273189699572&lng=85.81134126180257&radius=6 | Speed: 143ms | IP: ::1
[07-Jun-2026 00:33:36 Europe/Berlin] [API_HIT] /khatalink/customer/ajax_get_registry_location.php?lat=20.342273189699572&lng=85.81134126180257 | Speed: 586ms | IP: ::1
[07-Jun-2026 00:33:37 Europe/Berlin] [API_HIT] /khatalink/customer/ajax_get_registry_location.php?lat=20.3422731897&lng=85.811341261803 | Speed: 3ms | IP: ::1
[07-Jun-2026 04:03:46 Asia/Kolkata] [API_HIT] /khatalink/customer/Food_home.php | Speed: 2ms | IP: ::1
[07-Jun-2026 00:33:47 Europe/Berlin] [API_HIT] /khatalink/customer/ajax_get_registry_location.php?lat=20.342273189699572&lng=85.81134126180257 | Speed: 3ms | IP: ::1
[07-Jun-2026 04:03:47 Asia/Kolkata] [API_HIT] /khatalink/customer/Food_home.php?lat=20.342273189699572&lng=85.81134126180257&radius=6 | Speed: 3ms | IP: ::1
[07-Jun-2026 00:33:47 Europe/Berlin] [API_HIT] /khatalink/customer/ajax_get_registry_location.php?lat=20.3422731897&lng=85.811341261803 | Speed: 2ms | IP: ::1
[07-Jun-2026 00:33:49 Europe/Berlin] [API_HIT] /khatalink/customer/dashboard.php | Speed: 6ms | IP: ::1
[07-Jun-2026 04:03:51 Asia/Kolkata] [API_HIT] /khatalink/customer/Groceries_home.php | Speed: 96ms | IP: ::1
[07-Jun-2026 00:33:52 Europe/Berlin] [API_HIT] /khatalink/customer/ajax_sync_cart.php | Speed: 4ms | IP: ::1
[07-Jun-2026 00:33:56 Europe/Berlin] [API_HIT] /khatalink/customer/ajax_get_registry_location.php?lat=20.34218262763048&lng=85.81137222755196 | Speed: 5ms | IP: ::1
[07-Jun-2026 04:03:56 Asia/Kolkata] [API_HIT] /khatalink/customer/Groceries_home.php?lat=20.3422&lng=85.8114&radius=6 | Speed: 39ms | IP: ::1
[07-Jun-2026 00:34:00 Europe/Berlin] [API_HIT] /khatalink/customer/ajax_get_registry_location.php?lat=20.3422&lng=85.8114 | Speed: 3ms | IP: ::1
[07-Jun-2026 00:34:00 Europe/Berlin] [API_HIT] /khatalink/customer/ajax_sync_cart.php | Speed: 3ms | IP: ::1
[07-Jun-2026 04:04:30 Asia/Kolkata] [API_HIT] /khatalink/customer/ajax_get_mall_status.php | Speed: 79ms | IP: ::1
[07-Jun-2026 04:04:40 Asia/Kolkata] [API_HIT] /khatalink/customer/Groceries_home.php | Speed: 32ms | IP: ::1
[07-Jun-2026 00:34:42 Europe/Berlin] [API_HIT] /khatalink/customer/ajax_sync_cart.php | Speed: 3ms | IP: ::1
[07-Jun-2026 04:04:42 Asia/Kolkata] [API_HIT] /khatalink/customer/Groceries_home.php?lat=20.3422&lng=85.8114&radius=6 | Speed: 18ms | IP: ::1
[07-Jun-2026 00:34:42 Europe/Berlin] [API_HIT] /khatalink/customer/ajax_get_registry_location.php?lat=20.34218262763048&lng=85.81137222755196 | Speed: 2ms | IP: ::1
[07-Jun-2026 00:34:44 Europe/Berlin] [API_HIT] /khatalink/customer/ajax_sync_cart.php | Speed: 3ms | IP: ::1
[07-Jun-2026 00:34:44 Europe/Berlin] [API_HIT] /khatalink/customer/ajax_get_registry_location.php?lat=20.3422&lng=85.8114 | Speed: 3ms | IP: ::1
[07-Jun-2026 00:34:45 Europe/Berlin] [API_HIT] /khatalink/customer/dashboard.php | Speed: 5ms | IP: ::1
[07-Jun-2026 00:38:56 Europe/Berlin] [API_HIT] /khatalink/auth/login.php?type=shop | Speed: 43ms | IP: ::1
[07-Jun-2026 00:39:04 Europe/Berlin] LOGIN_SUCCESS: User ID: 9, Type: shop (Web), IP: ::1
[07-Jun-2026 00:39:06 Europe/Berlin] FCM HTTP 200 Response for shop (ID: 9): {
  "name": "projects/khatalink-63041/messages/9c5afb3c-32bd-4457-8747-d82810baa00a"
}

[07-Jun-2026 00:39:06 Europe/Berlin] [API_HIT] /khatalink/auth/login.php?type=shop | Speed: 1394ms | IP: ::1
[07-Jun-2026 00:39:06 Europe/Berlin] [API_HIT] /khatalink/shop/restaurant_dashboard.php | Speed: 146ms | IP: ::1
[07-Jun-2026 00:39:11 Europe/Berlin] [API_HIT] /khatalink/shop/ajax_check_pickup_code.php?order_id=41 | Speed: 2ms | IP: ::1
[07-Jun-2026 00:39:12 Europe/Berlin] [API_HIT] /khatalink/shop/ajax_check_pickup_code.php?order_id=34 | Speed: 2ms | IP: ::1
[07-Jun-2026 00:39:20 Europe/Berlin] [API_HIT] /khatalink/auth/login.php?type=shop | Speed: 3ms | IP: ::1
[07-Jun-2026 00:40:17 Europe/Berlin] LOGIN_SUCCESS: User ID: 8, Type: shop (Web), IP: ::1
[07-Jun-2026 00:40:18 Europe/Berlin] FCM HTTP 200 Response for shop (ID: 8): {
  "name": "projects/khatalink-63041/messages/1de1d6dd-0699-46a0-887a-35c2953151cb"
}

[07-Jun-2026 00:40:18 Europe/Berlin] [API_HIT] /khatalink/auth/login.php?type=shop | Speed: 854ms | IP: ::1
[07-Jun-2026 04:10:18 Asia/Kolkata] [API_HIT] /khatalink/shop/dashboard.php | Speed: 121ms | IP: ::1
[07-Jun-2026 00:40:19 Europe/Berlin] [API_HIT] /khatalink/shop/ajax_save_token.php | Speed: 4ms | IP: ::1
[07-Jun-2026 04:10:29 Asia/Kolkata] [API_HIT] /khatalink/shop/dashboard.php | Speed: 19ms | IP: ::1
[07-Jun-2026 00:40:30 Europe/Berlin] [API_HIT] /khatalink/shop/ajax_save_token.php | Speed: 3ms | IP: ::1
[07-Jun-2026 04:10:34 Asia/Kolkata] [API_HIT] /khatalink/shop/dashboard.php | Speed: 20ms | IP: ::1
[07-Jun-2026 00:40:34 Europe/Berlin] [API_HIT] /khatalink/shop/ajax_save_token.php | Speed: 4ms | IP: ::1
[07-Jun-2026 04:10:40 Asia/Kolkata] [API_HIT] /khatalink/shop/dashboard.php | Speed: 18ms | IP: ::1
[07-Jun-2026 00:40:40 Europe/Berlin] [API_HIT] /khatalink/shop/ajax_save_token.php | Speed: 4ms | IP: ::1
[07-Jun-2026 00:40:55 Europe/Berlin] [API_HIT] /khatalink/auth/login.php?type=customer | Speed: 3ms | IP: ::1
[07-Jun-2026 00:41:00 Europe/Berlin] LOGIN_SUCCESS: User ID: 10, Type: customer (Web), IP: ::1
[07-Jun-2026 00:41:01 Europe/Berlin] FCM HTTP 200 Response for customer (ID: 10): {
  "name": "projects/khatalink-63041/messages/c937c1a8-1cf7-434b-9528-6f06f34e651f"
}

[07-Jun-2026 00:41:01 Europe/Berlin] FCM HTTP 200 Response for customer (ID: 10): {
  "name": "projects/khatalink-63041/messages/0:1780785662913274%3a1eff913a1eff91"
}

[07-Jun-2026 00:41:01 Europe/Berlin] [API_HIT] /khatalink/auth/login.php?type=customer | Speed: 1109ms | IP: ::1
[07-Jun-2026 00:41:02 Europe/Berlin] [API_HIT] /khatalink/customer/dashboard.php | Speed: 27ms | IP: ::1
[07-Jun-2026 04:11:04 Asia/Kolkata] [API_HIT] /khatalink/customer/Groceries_home.php | Speed: 19ms | IP: ::1
[07-Jun-2026 00:41:05 Europe/Berlin] [API_HIT] /khatalink/customer/ajax_sync_cart.php | Speed: 4ms | IP: ::1
[07-Jun-2026 00:41:09 Europe/Berlin] [API_HIT] /khatalink/customer/ajax_get_registry_location.php?lat=20.34222900001248&lng=85.81157356216798 | Speed: 2ms | IP: ::1
[07-Jun-2026 04:11:10 Asia/Kolkata] [API_HIT] /khatalink/customer/Groceries_home.php?lat=20.3422&lng=85.8116&radius=6 | Speed: 17ms | IP: ::1
[07-Jun-2026 00:41:11 Europe/Berlin] [API_HIT] /khatalink/customer/ajax_get_registry_location.php?lat=20.3422&lng=85.8116 | Speed: 2ms | IP: ::1
[07-Jun-2026 00:41:11 Europe/Berlin] [API_HIT] /khatalink/customer/ajax_sync_cart.php | Speed: 2ms | IP: ::1
[07-Jun-2026 04:11:18 Asia/Kolkata] [API_HIT] /khatalink/customer/Groceries_home.php?lat=20.3422&lng=85.8116&radius=6 | Speed: 16ms | IP: ::1
[07-Jun-2026 00:41:19 Europe/Berlin] [API_HIT] /khatalink/customer/ajax_sync_cart.php | Speed: 2ms | IP: ::1
[07-Jun-2026 00:41:19 Europe/Berlin] [API_HIT] /khatalink/customer/ajax_get_registry_location.php?lat=20.3422&lng=85.8116 | Speed: 4ms | IP: ::1
[07-Jun-2026 04:11:23 Asia/Kolkata] [API_HIT] /khatalink/customer/ajax_get_mall_status.php | Speed: 2ms | IP: ::1
[07-Jun-2026 04:11:26 Asia/Kolkata] [API_HIT] /khatalink/customer/Groceries_home.php?lat=20.3422&lng=85.8116&radius=6 | Speed: 18ms | IP: ::1
[07-Jun-2026 00:41:26 Europe/Berlin] [API_HIT] /khatalink/customer/ajax_sync_cart.php | Speed: 3ms | IP: ::1
[07-Jun-2026 00:41:26 Europe/Berlin] [API_HIT] /khatalink/customer/ajax_get_registry_location.php?lat=20.3422&lng=85.8116 | Speed: 3ms | IP: ::1
[07-Jun-2026 00:41:29 Europe/Berlin] [API_HIT] /khatalink/customer/dashboard.php | Speed: 6ms | IP: ::1
[07-Jun-2026 00:41:34 Europe/Berlin] [API_HIT] /khatalink/auth/login.php?type=shop | Speed: 6ms | IP: ::1
[07-Jun-2026 00:41:38 Europe/Berlin] LOGIN_SUCCESS: User ID: 8, Type: shop (Web), IP: ::1
[07-Jun-2026 00:41:39 Europe/Berlin] FCM HTTP 200 Response for shop (ID: 8): {
  "name": "projects/khatalink-63041/messages/93b6ce0b-8f5a-4b7e-84fc-1691ec0a490f"
}

[07-Jun-2026 00:41:39 Europe/Berlin] [API_HIT] /khatalink/auth/login.php?type=shop | Speed: 830ms | IP: ::1
[07-Jun-2026 04:11:39 Asia/Kolkata] [API_HIT] /khatalink/shop/dashboard.php | Speed: 23ms | IP: ::1
[07-Jun-2026 00:41:39 Europe/Berlin] [API_HIT] /khatalink/shop/ajax_save_token.php | Speed: 8ms | IP: ::1
[07-Jun-2026 04:11:41 Asia/Kolkata] [API_HIT] /khatalink/customer/ajax_get_mall_status.php | Speed: 4ms | IP: ::1
[07-Jun-2026 04:11:46 Asia/Kolkata] [API_HIT] /khatalink/customer/ajax_get_mall_status.php | Speed: 2ms | IP: ::1
[07-Jun-2026 04:11:48 Asia/Kolkata] [API_HIT] /khatalink/customer/Groceries_home.php?lat=20.3422&lng=85.8116&radius=6 | Speed: 3ms | IP: ::1
[07-Jun-2026 00:41:48 Europe/Berlin] [API_HIT] /khatalink/auth/login.php?type=customer | Speed: 3ms | IP: ::1
[07-Jun-2026 00:41:52 Europe/Berlin] LOGIN_SUCCESS: User ID: 10, Type: customer (Web), IP: ::1
[07-Jun-2026 00:41:53 Europe/Berlin] FCM HTTP 200 Response for customer (ID: 10): {
  "name": "projects/khatalink-63041/messages/0c31309d-7543-4c01-83fa-c7fa9e660cad"
}

[07-Jun-2026 00:41:54 Europe/Berlin] FCM HTTP 200 Response for customer (ID: 10): {
  "name": "projects/khatalink-63041/messages/0:1780785715353511%3a1eff913a1eff91"
}

[07-Jun-2026 00:41:54 Europe/Berlin] [API_HIT] /khatalink/auth/login.php?type=customer | Speed: 1232ms | IP: ::1
[07-Jun-2026 00:41:54 Europe/Berlin] [API_HIT] /khatalink/customer/dashboard.php | Speed: 5ms | IP: ::1
[07-Jun-2026 04:11:56 Asia/Kolkata] [API_HIT] /khatalink/customer/Groceries_home.php | Speed: 18ms | IP: ::1
[07-Jun-2026 00:41:56 Europe/Berlin] [API_HIT] /khatalink/customer/ajax_sync_cart.php | Speed: 3ms | IP: ::1
[07-Jun-2026 00:42:00 Europe/Berlin] [API_HIT] /khatalink/customer/ajax_get_registry_location.php?lat=20.342237582280504&lng=85.81144091380138 | Speed: 3ms | IP: ::1
[07-Jun-2026 04:12:00 Asia/Kolkata] [API_HIT] /khatalink/customer/Groceries_home.php?lat=20.3422&lng=85.8114&radius=6 | Speed: 18ms | IP: ::1
[07-Jun-2026 00:42:01 Europe/Berlin] [API_HIT] /khatalink/customer/ajax_sync_cart.php | Speed: 3ms | IP: ::1
[07-Jun-2026 00:42:01 Europe/Berlin] [API_HIT] /khatalink/customer/ajax_get_registry_location.php?lat=20.3422&lng=85.8114 | Speed: 3ms | IP: ::1
[07-Jun-2026 04:12:13 Asia/Kolkata] [API_HIT] /khatalink/customer/ajax_get_mall_status.php | Speed: 3ms | IP: ::1
[07-Jun-2026 04:12:14 Asia/Kolkata] [API_HIT] /khatalink/customer/Groceries_home.php?lat=20.3422&lng=85.8114&radius=6 | Speed: 15ms | IP: ::1
[07-Jun-2026 00:42:15 Europe/Berlin] [API_HIT] /khatalink/customer/ajax_sync_cart.php | Speed: 3ms | IP: ::1
[07-Jun-2026 00:42:15 Europe/Berlin] [API_HIT] /khatalink/customer/ajax_get_registry_location.php?lat=20.3422&lng=85.8114 | Speed: 3ms | IP: ::1
[07-Jun-2026 04:12:18 Asia/Kolkata] [API_HIT] /khatalink/shop/dashboard.php | Speed: 19ms | IP: ::1
[07-Jun-2026 00:42:19 Europe/Berlin] [API_HIT] /khatalink/shop/ajax_save_token.php | Speed: 4ms | IP: ::1
[07-Jun-2026 04:12:20 Asia/Kolkata] [API_HIT] /khatalink/shop/dashboard.php | Speed: 19ms | IP: ::1
[07-Jun-2026 00:42:21 Europe/Berlin] [API_HIT] /khatalink/shop/ajax_save_token.php | Speed: 8ms | IP: ::1
[07-Jun-2026 04:12:22 Asia/Kolkata] [API_HIT] /khatalink/customer/ajax_get_mall_status.php | Speed: 2ms | IP: ::1
[07-Jun-2026 04:12:23 Asia/Kolkata] [API_HIT] /khatalink/customer/Groceries_home.php?lat=20.3422&lng=85.8114&radius=6 | Speed: 16ms | IP: ::1
[07-Jun-2026 00:42:24 Europe/Berlin] [API_HIT] /khatalink/customer/ajax_sync_cart.php | Speed: 2ms | IP: ::1
[07-Jun-2026 00:42:24 Europe/Berlin] [API_HIT] /khatalink/customer/ajax_get_registry_location.php?lat=20.3422&lng=85.8114 | Speed: 3ms | IP: ::1
[07-Jun-2026 04:12:53 Asia/Kolkata] [API_HIT] /khatalink/customer/ajax_get_mall_status.php | Speed: 3ms | IP: ::1
[07-Jun-2026 04:13:23 Asia/Kolkata] [API_HIT] /khatalink/customer/ajax_get_mall_status.php | Speed: 2ms | IP: ::1
[07-Jun-2026 04:13:53 Asia/Kolkata] [API_HIT] /khatalink/customer/ajax_get_mall_status.php | Speed: 2ms | IP: ::1
[07-Jun-2026 04:14:23 Asia/Kolkata] [API_HIT] /khatalink/customer/ajax_get_mall_status.php | Speed: 2ms | IP: ::1
[07-Jun-2026 04:14:53 Asia/Kolkata] [API_HIT] /khatalink/customer/ajax_get_mall_status.php | Speed: 2ms | IP: ::1
[07-Jun-2026 04:15:23 Asia/Kolkata] [API_HIT] /khatalink/customer/ajax_get_mall_status.php | Speed: 2ms | IP: ::1
[07-Jun-2026 04:16:47 Asia/Kolkata] [API_HIT] /khatalink/customer/ajax_get_mall_status.php | Speed: 3ms | IP: ::1
[07-Jun-2026 00:47:13 Europe/Berlin] [API_HIT] /khatalink/shop/add_customer.php | Speed: 35ms | IP: ::1
[07-Jun-2026 04:17:19 Asia/Kolkata] [API_HIT] /khatalink/shop/dashboard.php | Speed: 26ms | IP: ::1
[07-Jun-2026 00:47:19 Europe/Berlin] [API_HIT] /khatalink/shop/ajax_save_token.php | Speed: 4ms | IP: ::1
[07-Jun-2026 04:17:47 Asia/Kolkata] [API_HIT] /khatalink/customer/ajax_get_mall_status.php | Speed: 2ms | IP: ::1
[07-Jun-2026 00:47:47 Europe/Berlin] [API_HIT] /khatalink/shop/settlement_status.php | Speed: 5ms | IP: ::1
[07-Jun-2026 04:17:49 Asia/Kolkata] [API_HIT] /khatalink/shop/dashboard.php | Speed: 21ms | IP: ::1
[07-Jun-2026 00:47:50 Europe/Berlin] [API_HIT] /khatalink/shop/ajax_save_token.php | Speed: 5ms | IP: ::1
[07-Jun-2026 00:47:52 Europe/Berlin] [API_HIT] /khatalink/shop/add_customer.php | Speed: 3ms | IP: ::1
[07-Jun-2026 04:18:00 Asia/Kolkata] [API_HIT] /khatalink/shop/dashboard.php | Speed: 20ms | IP: ::1
[07-Jun-2026 00:48:00 Europe/Berlin] [API_HIT] /khatalink/shop/ajax_save_token.php | Speed: 4ms | IP: ::1
[07-Jun-2026 04:18:02 Asia/Kolkata] [API_HIT] /khatalink/customer/ajax_get_mall_status.php | Speed: 2ms | IP: ::1
[07-Jun-2026 04:18:02 Asia/Kolkata] [API_HIT] /khatalink/customer/ajax_get_mall_status.php | Speed: 4ms | IP: ::1
[07-Jun-2026 04:18:03 Asia/Kolkata] [API_HIT] /khatalink/customer/Groceries_home.php?lat=20.3422&lng=85.8114&radius=6 | Speed: 16ms | IP: ::1
[07-Jun-2026 00:48:04 Europe/Berlin] [API_HIT] /khatalink/customer/ajax_sync_cart.php | Speed: 2ms | IP: ::1
[07-Jun-2026 00:48:04 Europe/Berlin] [API_HIT] /khatalink/customer/ajax_get_registry_location.php?lat=20.3422&lng=85.8114 | Speed: 2ms | IP: ::1
[07-Jun-2026 00:48:07 Europe/Berlin] [API_HIT] /khatalink/shop/Groceries_dashboard.php | Speed: 14ms | IP: ::1
[07-Jun-2026 04:18:11 Asia/Kolkata] [API_HIT] /khatalink/shop/dashboard.php | Speed: 20ms | IP: ::1
[07-Jun-2026 00:48:11 Europe/Berlin] [API_HIT] /khatalink/shop/ajax_save_token.php | Speed: 3ms | IP: ::1
[07-Jun-2026 00:48:15 Europe/Berlin] [API_HIT] /khatalink/shop/inventory.php | Speed: 11ms | IP: ::1
[07-Jun-2026 04:18:18 Asia/Kolkata] [API_HIT] /khatalink/customer/ajax_get_mall_status.php | Speed: 2ms | IP: ::1
[07-Jun-2026 04:18:19 Asia/Kolkata] [API_HIT] /khatalink/customer/Groceries_home.php?lat=20.3422&lng=85.8114&radius=6 | Speed: 18ms | IP: ::1
[07-Jun-2026 00:48:19 Europe/Berlin] [API_HIT] /khatalink/customer/ajax_sync_cart.php | Speed: 2ms | IP: ::1
[07-Jun-2026 00:48:19 Europe/Berlin] [API_HIT] /khatalink/customer/ajax_get_registry_location.php?lat=20.3422&lng=85.8114 | Speed: 2ms | IP: ::1
[07-Jun-2026 00:48:49 Europe/Berlin] [API_HIT] /khatalink/admin/login.php | Speed: 2ms | IP: ::1
[07-Jun-2026 04:18:49 Asia/Kolkata] [API_HIT] /khatalink/customer/ajax_get_mall_status.php | Speed: 2ms | IP: ::1
[07-Jun-2026 00:48:53 Europe/Berlin] LOGIN_SUCCESS: User ID: 5, Type: admin, IP: ::1
[07-Jun-2026 00:48:53 Europe/Berlin] [API_HIT] /khatalink/admin/login.php | Speed: 80ms | IP: ::1
[07-Jun-2026 00:48:53 Europe/Berlin] [API_HIT] /khatalink/admin/dashboard.php | Speed: 15ms | IP: ::1
[07-Jun-2026 00:49:03 Europe/Berlin] [API_HIT] /khatalink/admin/mall_control.php | Speed: 3ms | IP: ::1
[07-Jun-2026 00:49:16 Europe/Berlin] [API_HIT] /khatalink/admin/mall_control.php | Speed: 6ms | IP: ::1
[07-Jun-2026 04:19:17 Asia/Kolkata] [API_HIT] /khatalink/customer/ajax_get_mall_status.php | Speed: 4ms | IP: ::1
[07-Jun-2026 04:19:18 Asia/Kolkata] [API_HIT] /khatalink/customer/Groceries_home.php?lat=20.3422&lng=85.8114&radius=6 | Speed: 3ms | IP: ::1
[07-Jun-2026 00:49:23 Europe/Berlin] [API_HIT] /khatalink/admin/mall_control.php | Speed: 8ms | IP: ::1
[07-Jun-2026 04:19:27 Asia/Kolkata] [API_HIT] /khatalink/customer/Groceries_home.php?lat=20.3422&lng=85.8114&radius=6 | Speed: 17ms | IP: ::1
[07-Jun-2026 00:49:28 Europe/Berlin] [API_HIT] /khatalink/customer/ajax_sync_cart.php | Speed: 3ms | IP: ::1
[07-Jun-2026 00:49:28 Europe/Berlin] [API_HIT] /khatalink/customer/ajax_get_registry_location.php?lat=20.3422&lng=85.8114 | Speed: 4ms | IP: ::1
[07-Jun-2026 04:19:58 Asia/Kolkata] [API_HIT] /khatalink/customer/ajax_get_mall_status.php | Speed: 2ms | IP: ::1
[07-Jun-2026 04:20:28 Asia/Kolkata] [API_HIT] /khatalink/customer/ajax_get_mall_status.php | Speed: 2ms | IP: ::1
[07-Jun-2026 04:20:58 Asia/Kolkata] [API_HIT] /khatalink/customer/ajax_get_mall_status.php | Speed: 2ms | IP: ::1
[07-Jun-2026 04:21:29 Asia/Kolkata] [API_HIT] /khatalink/customer/ajax_get_mall_status.php | Speed: 5ms | IP: ::1
[07-Jun-2026 04:21:58 Asia/Kolkata] [API_HIT] /khatalink/customer/ajax_get_mall_status.php | Speed: 3ms | IP: ::1
[07-Jun-2026 04:22:20 Asia/Kolkata] [API_HIT] /khatalink/customer/ajax_get_mall_status.php | Speed: 2ms | IP: ::1
[07-Jun-2026 04:22:23 Asia/Kolkata] [API_HIT] /khatalink/customer/Groceries_home.php?lat=20.3422&lng=85.8114&radius=6 | Speed: 12ms | IP: ::1
[07-Jun-2026 00:52:23 Europe/Berlin] [API_HIT] /khatalink/customer/ajax_sync_cart.php | Speed: 2ms | IP: ::1
[07-Jun-2026 00:52:23 Europe/Berlin] [API_HIT] /khatalink/customer/ajax_get_registry_location.php?lat=20.3422&lng=85.8114 | Speed: 3ms | IP: ::1
[07-Jun-2026 04:22:23 Asia/Kolkata] [API_HIT] /khatalink/customer/ajax_get_mall_status.php | Speed: 4ms | IP: ::1
[07-Jun-2026 04:22:48 Asia/Kolkata] [API_HIT] /khatalink/customer/Groceries_home.php?lat=20.3422&lng=85.8114&radius=6 | Speed: 16ms | IP: ::1
[07-Jun-2026 00:52:49 Europe/Berlin] [API_HIT] /khatalink/customer/ajax_sync_cart.php | Speed: 2ms | IP: ::1
[07-Jun-2026 00:52:49 Europe/Berlin] [API_HIT] /khatalink/customer/ajax_get_registry_location.php?lat=20.3422&lng=85.8114 | Speed: 3ms | IP: ::1
[07-Jun-2026 04:22:49 Asia/Kolkata] [API_HIT] /khatalink/customer/ajax_get_mall_status.php | Speed: 2ms | IP: ::1
[07-Jun-2026 04:22:54 Asia/Kolkata] [API_HIT] /khatalink/shop/dashboard.php | Speed: 23ms | IP: ::1
[07-Jun-2026 00:52:55 Europe/Berlin] [API_HIT] /khatalink/shop/ajax_save_token.php | Speed: 3ms | IP: ::1
[07-Jun-2026 04:23:19 Asia/Kolkata] [API_HIT] /khatalink/customer/ajax_get_mall_status.php | Speed: 3ms | IP: ::1
[07-Jun-2026 04:23:50 Asia/Kolkata] [API_HIT] /khatalink/customer/ajax_get_mall_status.php | Speed: 2ms | IP: ::1
[07-Jun-2026 04:24:19 Asia/Kolkata] [API_HIT] /khatalink/customer/ajax_get_mall_status.php | Speed: 2ms | IP: ::1
[07-Jun-2026 04:24:49 Asia/Kolkata] [API_HIT] /khatalink/customer/ajax_get_mall_status.php | Speed: 2ms | IP: ::1
[07-Jun-2026 04:25:19 Asia/Kolkata] [API_HIT] /khatalink/customer/ajax_get_mall_status.php | Speed: 3ms | IP: ::1
[07-Jun-2026 04:25:41 Asia/Kolkata] [API_HIT] /khatalink/customer/ajax_get_mall_status.php | Speed: 3ms | IP: ::1
[07-Jun-2026 04:25:42 Asia/Kolkata] [API_HIT] /khatalink/customer/Groceries_home.php?lat=20.3422&lng=85.8114&radius=6 | Speed: 16ms | IP: ::1
[07-Jun-2026 00:55:43 Europe/Berlin] [API_HIT] /khatalink/customer/ajax_sync_cart.php | Speed: 3ms | IP: ::1
[07-Jun-2026 04:25:43 Asia/Kolkata] [API_HIT] /khatalink/customer/ajax_get_mall_status.php | Speed: 3ms | IP: ::1
[07-Jun-2026 00:55:43 Europe/Berlin] [API_HIT] /khatalink/customer/ajax_get_registry_location.php?lat=20.3422&lng=85.8114 | Speed: 3ms | IP: ::1
[07-Jun-2026 04:25:48 Asia/Kolkata] [API_HIT] /khatalink/shop/dashboard.php | Speed: 25ms | IP: ::1
[07-Jun-2026 00:55:48 Europe/Berlin] [API_HIT] /khatalink/shop/ajax_save_token.php | Speed: 4ms | IP: ::1
[07-Jun-2026 04:25:49 Asia/Kolkata] [API_HIT] /khatalink/shop/dashboard.php | Speed: 23ms | IP: ::1
[07-Jun-2026 00:55:50 Europe/Berlin] [API_HIT] /khatalink/shop/ajax_save_token.php | Speed: 4ms | IP: ::1
[07-Jun-2026 04:25:54 Asia/Kolkata] [API_HIT] /khatalink/shop/dashboard.php | Speed: 30ms | IP: ::1
[07-Jun-2026 00:55:55 Europe/Berlin] [API_HIT] /khatalink/shop/ajax_save_token.php | Speed: 5ms | IP: ::1
[07-Jun-2026 00:55:56 Europe/Berlin] [API_HIT] /khatalink/shop/Groceries_dashboard.php | Speed: 6ms | IP: ::1
[07-Jun-2026 04:26:00 Asia/Kolkata] [API_HIT] /khatalink/customer/ajax_get_mall_status.php | Speed: 3ms | IP: ::1
[07-Jun-2026 04:26:01 Asia/Kolkata] [API_HIT] /khatalink/customer/Groceries_home.php?lat=20.3422&lng=85.8114&radius=6 | Speed: 16ms | IP: ::1
[07-Jun-2026 00:56:02 Europe/Berlin] [API_HIT] /khatalink/customer/ajax_sync_cart.php | Speed: 2ms | IP: ::1
[07-Jun-2026 00:56:02 Europe/Berlin] [API_HIT] /khatalink/customer/ajax_get_registry_location.php?lat=20.3422&lng=85.8114 | Speed: 2ms | IP: ::1
[07-Jun-2026 04:26:02 Asia/Kolkata] [API_HIT] /khatalink/customer/ajax_get_mall_status.php | Speed: 2ms | IP: ::1
[07-Jun-2026 04:26:09 Asia/Kolkata] [API_HIT] /khatalink/shop/dashboard.php | Speed: 20ms | IP: ::1
[07-Jun-2026 00:56:09 Europe/Berlin] [API_HIT] /khatalink/shop/ajax_save_token.php | Speed: 7ms | IP: ::1
[07-Jun-2026 04:26:15 Asia/Kolkata] [API_HIT] /khatalink/customer/ajax_get_mall_status.php | Speed: 3ms | IP: ::1
[07-Jun-2026 04:26:32 Asia/Kolkata] [API_HIT] /khatalink/customer/ajax_get_mall_status.php | Speed: 2ms | IP: ::1
[07-Jun-2026 04:27:03 Asia/Kolkata] [API_HIT] /khatalink/customer/ajax_get_mall_status.php | Speed: 2ms | IP: ::1
[07-Jun-2026 04:27:32 Asia/Kolkata] [API_HIT] /khatalink/customer/ajax_get_mall_status.php | Speed: 3ms | IP: ::1
[07-Jun-2026 04:27:48 Asia/Kolkata] [API_HIT] /khatalink/customer/ajax_get_mall_status.php | Speed: 2ms | IP: ::1
[07-Jun-2026 04:28:02 Asia/Kolkata] [API_HIT] /khatalink/customer/ajax_get_mall_status.php | Speed: 3ms | IP: ::1
[07-Jun-2026 04:28:26 Asia/Kolkata] [API_HIT] /khatalink/customer/Groceries_home.php?lat=20.3422&lng=85.8114&radius=6 | Speed: 21ms | IP: ::1
[07-Jun-2026 00:58:27 Europe/Berlin] [API_HIT] /khatalink/customer/ajax_sync_cart.php | Speed: 3ms | IP: ::1
[07-Jun-2026 04:28:27 Asia/Kolkata] [API_HIT] /khatalink/customer/ajax_get_mall_status.php | Speed: 3ms | IP: ::1
[07-Jun-2026 00:58:27 Europe/Berlin] [API_HIT] /khatalink/customer/ajax_get_registry_location.php?lat=20.3422&lng=85.8114 | Speed: 26ms | IP: ::1
[07-Jun-2026 04:28:56 Asia/Kolkata] [API_HIT] /khatalink/customer/ajax_get_mall_status.php | Speed: 4ms | IP: ::1
[07-Jun-2026 04:29:28 Asia/Kolkata] [API_HIT] /khatalink/customer/ajax_get_mall_status.php | Speed: 3ms | IP: ::1
[07-Jun-2026 04:29:40 Asia/Kolkata] [API_HIT] /khatalink/customer/ajax_get_mall_status.php | Speed: 2ms | IP: ::1
[07-Jun-2026 04:29:41 Asia/Kolkata] [API_HIT] /khatalink/customer/Groceries_orders.php | Speed: 9ms | IP: ::1
[07-Jun-2026 04:29:44 Asia/Kolkata] [API_HIT] /khatalink/customer/Groceries_order_details.php?id=33 | Speed: 4ms | IP: ::1
[07-Jun-2026 04:29:50 Asia/Kolkata] [API_HIT] /khatalink/customer/Groceries_orders.php | Speed: 4ms | IP: ::1
[07-Jun-2026 04:29:51 Asia/Kolkata] [API_HIT] /khatalink/customer/Groceries_home.php | Speed: 41ms | IP: ::1
[07-Jun-2026 00:59:51 Europe/Berlin] [API_HIT] /khatalink/customer/ajax_sync_cart.php | Speed: 3ms | IP: ::1
[07-Jun-2026 04:29:51 Asia/Kolkata] [API_HIT] /khatalink/customer/ajax_get_mall_status.php | Speed: 2ms | IP: ::1
[07-Jun-2026 00:59:52 Europe/Berlin] [API_HIT] /khatalink/customer/ajax_get_registry_location.php?lat=20.34207973798165&lng=85.81145245431192 | Speed: 55ms | IP: ::1
[07-Jun-2026 04:29:52 Asia/Kolkata] [API_HIT] /khatalink/customer/Groceries_home.php?lat=20.3421&lng=85.8115&radius=6 | Speed: 40ms | IP: ::1
[07-Jun-2026 00:59:53 Europe/Berlin] [API_HIT] /khatalink/customer/ajax_sync_cart.php | Speed: 3ms | IP: ::1
[07-Jun-2026 00:59:53 Europe/Berlin] [API_HIT] /khatalink/customer/ajax_get_registry_location.php?lat=20.3421&lng=85.8115 | Speed: 2ms | IP: ::1
[07-Jun-2026 04:29:53 Asia/Kolkata] [API_HIT] /khatalink/customer/ajax_get_mall_status.php | Speed: 3ms | IP: ::1
[07-Jun-2026 04:30:00 Asia/Kolkata] [API_HIT] /khatalink/shop/dashboard.php | Speed: 26ms | IP: ::1
[07-Jun-2026 01:00:00 Europe/Berlin] [API_HIT] /khatalink/shop/ajax_save_token.php | Speed: 4ms | IP: ::1
[07-Jun-2026 04:30:01 Asia/Kolkata] [API_HIT] /khatalink/customer/ajax_get_mall_status.php | Speed: 2ms | IP: ::1
[07-Jun-2026 04:30:23 Asia/Kolkata] [API_HIT] /khatalink/customer/ajax_get_mall_status.php | Speed: 3ms | IP: ::1
[07-Jun-2026 04:30:37 Asia/Kolkata] [API_HIT] /khatalink/customer/ajax_get_mall_status.php | Speed: 3ms | IP: ::1
[07-Jun-2026 04:30:38 Asia/Kolkata] [API_HIT] /khatalink/customer/Groceries_home.php?lat=20.3421&lng=85.8115&radius=6 | Speed: 15ms | IP: ::1
[07-Jun-2026 01:00:39 Europe/Berlin] [API_HIT] /khatalink/customer/ajax_sync_cart.php | Speed: 2ms | IP: ::1
[07-Jun-2026 01:00:39 Europe/Berlin] [API_HIT] /khatalink/customer/ajax_get_registry_location.php?lat=20.3421&lng=85.8115 | Speed: 2ms | IP: ::1
[07-Jun-2026 04:30:39 Asia/Kolkata] [API_HIT] /khatalink/customer/ajax_get_mall_status.php | Speed: 2ms | IP: ::1
[07-Jun-2026 04:31:09 Asia/Kolkata] [API_HIT] /khatalink/customer/ajax_get_mall_status.php | Speed: 2ms | IP: ::1
[07-Jun-2026 01:01:21 Europe/Berlin] [API_HIT] /khatalink/admin/mall_control.php | Speed: 9ms | IP: ::1
[07-Jun-2026 04:31:22 Asia/Kolkata] [API_HIT] /khatalink/customer/ajax_get_mall_status.php | Speed: 3ms | IP: ::1
[07-Jun-2026 04:31:23 Asia/Kolkata] [API_HIT] /khatalink/customer/Groceries_home.php?lat=20.3421&lng=85.8115&radius=6 | Speed: 19ms | IP: ::1
[07-Jun-2026 01:01:23 Europe/Berlin] [API_HIT] /khatalink/customer/ajax_sync_cart.php | Speed: 2ms | IP: ::1
[07-Jun-2026 01:01:23 Europe/Berlin] [API_HIT] /khatalink/customer/ajax_get_registry_location.php?lat=20.3421&lng=85.8115 | Speed: 3ms | IP: ::1
[07-Jun-2026 04:31:23 Asia/Kolkata] [API_HIT] /khatalink/customer/ajax_get_mall_status.php | Speed: 3ms | IP: ::1
[07-Jun-2026 04:31:30 Asia/Kolkata] [API_HIT] /khatalink/customer/Groceries_home.php?lat=20.3421&lng=85.8115&radius=6 | Speed: 16ms | IP: ::1
[07-Jun-2026 01:01:31 Europe/Berlin] [API_HIT] /khatalink/customer/ajax_sync_cart.php | Speed: 2ms | IP: ::1
[07-Jun-2026 01:01:31 Europe/Berlin] [API_HIT] /khatalink/customer/ajax_get_registry_location.php?lat=20.3421&lng=85.8115 | Speed: 3ms | IP: ::1
[07-Jun-2026 04:31:31 Asia/Kolkata] [API_HIT] /khatalink/customer/ajax_get_mall_status.php | Speed: 2ms | IP: ::1
[07-Jun-2026 04:32:01 Asia/Kolkata] [API_HIT] /khatalink/customer/ajax_get_mall_status.php | Speed: 3ms | IP: ::1
[07-Jun-2026 01:02:14 Europe/Berlin] [API_HIT] /khatalink/admin/mall_control.php | Speed: 8ms | IP: ::1
[07-Jun-2026 04:32:15 Asia/Kolkata] [API_HIT] /khatalink/customer/ajax_get_mall_status.php | Speed: 2ms | IP: ::1
[07-Jun-2026 04:32:16 Asia/Kolkata] [API_HIT] /khatalink/customer/Groceries_home.php?lat=20.3421&lng=85.8115&radius=6 | Speed: 17ms | IP: ::1
[07-Jun-2026 01:02:17 Europe/Berlin] [API_HIT] /khatalink/customer/ajax_sync_cart.php | Speed: 3ms | IP: ::1
[07-Jun-2026 01:02:17 Europe/Berlin] [API_HIT] /khatalink/customer/ajax_get_registry_location.php?lat=20.3421&lng=85.8115 | Speed: 3ms | IP: ::1
[07-Jun-2026 04:32:17 Asia/Kolkata] [API_HIT] /khatalink/customer/ajax_get_mall_status.php | Speed: 2ms | IP: ::1
[07-Jun-2026 01:02:25 Europe/Berlin] [API_HIT] /khatalink/admin/mall_control.php | Speed: 28ms | IP: ::1
[07-Jun-2026 04:32:28 Asia/Kolkata] [API_HIT] /khatalink/shop/dashboard.php | Speed: 37ms | IP: ::1
[07-Jun-2026 01:02:28 Europe/Berlin] [API_HIT] /khatalink/shop/ajax_save_token.php | Speed: 4ms | IP: ::1
[07-Jun-2026 04:32:30 Asia/Kolkata] [API_HIT] /khatalink/customer/ajax_get_mall_status.php | Speed: 2ms | IP: ::1
[07-Jun-2026 04:32:31 Asia/Kolkata] [API_HIT] /khatalink/customer/Groceries_home.php?lat=20.3421&lng=85.8115&radius=6 | Speed: 14ms | IP: ::1
[07-Jun-2026 01:02:31 Europe/Berlin] [API_HIT] /khatalink/customer/ajax_sync_cart.php | Speed: 2ms | IP: ::1
[07-Jun-2026 04:32:32 Asia/Kolkata] [API_HIT] /khatalink/customer/ajax_get_mall_status.php | Speed: 2ms | IP: ::1
[07-Jun-2026 01:02:32 Europe/Berlin] [API_HIT] /khatalink/customer/ajax_get_registry_location.php?lat=20.3421&lng=85.8115 | Speed: 7ms | IP: ::1
[07-Jun-2026 04:32:45 Asia/Kolkata] [API_HIT] /khatalink/customer/ajax_get_mall_status.php | Speed: 3ms | IP: ::1
[07-Jun-2026 04:32:54 Asia/Kolkata] [API_HIT] /khatalink/customer/ajax_get_mall_status.php | Speed: 3ms | IP: ::1
[07-Jun-2026 04:32:59 Asia/Kolkata] [API_HIT] /khatalink/customer/Groceries_home.php?lat=20.3421&lng=85.8115&radius=6 | Speed: 16ms | IP: ::1
[07-Jun-2026 01:03:00 Europe/Berlin] [API_HIT] /khatalink/customer/ajax_sync_cart.php | Speed: 2ms | IP: ::1
[07-Jun-2026 04:33:00 Asia/Kolkata] [API_HIT] /khatalink/customer/ajax_get_mall_status.php | Speed: 4ms | IP: ::1
[07-Jun-2026 01:03:00 Europe/Berlin] [API_HIT] /khatalink/customer/ajax_get_registry_location.php?lat=20.3421&lng=85.8115 | Speed: 4ms | IP: ::1
[07-Jun-2026 04:33:02 Asia/Kolkata] [API_HIT] /khatalink/customer/Groceries_home.php?lat=20.3421&lng=85.8115&radius=6 | Speed: 17ms | IP: ::1
[07-Jun-2026 01:03:03 Europe/Berlin] [API_HIT] /khatalink/customer/ajax_get_registry_location.php?lat=20.3421&lng=85.8115 | Speed: 5ms | IP: ::1
[07-Jun-2026 01:03:03 Europe/Berlin] [API_HIT] /khatalink/customer/ajax_sync_cart.php | Speed: 5ms | IP: ::1
[07-Jun-2026 04:33:03 Asia/Kolkata] [API_HIT] /khatalink/customer/ajax_get_mall_status.php | Speed: 2ms | IP: ::1
[07-Jun-2026 04:33:33 Asia/Kolkata] [API_HIT] /khatalink/customer/ajax_get_mall_status.php | Speed: 2ms | IP: ::1
[07-Jun-2026 04:34:03 Asia/Kolkata] [API_HIT] /khatalink/customer/ajax_get_mall_status.php | Speed: 2ms | IP: ::1
[07-Jun-2026 04:34:24 Asia/Kolkata] [API_HIT] /khatalink/customer/ajax_get_mall_status.php | Speed: 2ms | IP: ::1
[07-Jun-2026 04:34:28 Asia/Kolkata] [API_HIT] /khatalink/customer/Groceries_home.php?lat=20.3421&lng=85.8115&radius=6 | Speed: 24ms | IP: ::1
[07-Jun-2026 01:04:28 Europe/Berlin] [API_HIT] /khatalink/customer/ajax_sync_cart.php | Speed: 3ms | IP: ::1
[07-Jun-2026 01:04:28 Europe/Berlin] [API_HIT] /khatalink/customer/ajax_get_registry_location.php?lat=20.3421&lng=85.8115 | Speed: 14ms | IP: ::1
[07-Jun-2026 04:34:29 Asia/Kolkata] [API_HIT] /khatalink/customer/ajax_get_mall_status.php | Speed: 2ms | IP: ::1
[07-Jun-2026 04:34:37 Asia/Kolkata] [API_HIT] /khatalink/customer/Groceries_home.php?lat=20.3421&lng=85.8115&search=&category=&radius=20&sort=default | Speed: 17ms | IP: ::1
[07-Jun-2026 01:04:38 Europe/Berlin] [API_HIT] /khatalink/customer/ajax_sync_cart.php | Speed: 5ms | IP: ::1
[07-Jun-2026 01:04:38 Europe/Berlin] [API_HIT] /khatalink/customer/ajax_get_registry_location.php?lat=20.3421&lng=85.8115 | Speed: 3ms | IP: ::1
[07-Jun-2026 04:34:38 Asia/Kolkata] [API_HIT] /khatalink/customer/ajax_get_mall_status.php | Speed: 3ms | IP: ::1
[07-Jun-2026 04:34:42 Asia/Kolkata] [API_HIT] /khatalink/customer/Groceries_home.php?lat=20.3421&lng=85.8115&radius=6 | Speed: 16ms | IP: ::1
[07-Jun-2026 01:04:42 Europe/Berlin] [API_HIT] /khatalink/customer/ajax_sync_cart.php | Speed: 2ms | IP: ::1
[07-Jun-2026 01:04:42 Europe/Berlin] [API_HIT] /khatalink/customer/ajax_get_registry_location.php?lat=20.3421&lng=85.8115 | Speed: 2ms | IP: ::1
[07-Jun-2026 04:34:45 Asia/Kolkata] [API_HIT] /khatalink/customer/Groceries_home.php | Speed: 19ms | IP: ::1
[07-Jun-2026 01:04:46 Europe/Berlin] [API_HIT] /khatalink/customer/ajax_sync_cart.php | Speed: 4ms | IP: ::1
[07-Jun-2026 01:04:47 Europe/Berlin] [API_HIT] /khatalink/customer/ajax_get_registry_location.php?lat=20.342132433157296&lng=85.81148657749053 | Speed: 3ms | IP: ::1
[07-Jun-2026 04:34:47 Asia/Kolkata] [API_HIT] /khatalink/customer/Groceries_home.php?lat=20.342132&lng=85.811487&radius=15 | Speed: 20ms | IP: ::1
[07-Jun-2026 01:04:47 Europe/Berlin] [API_HIT] /khatalink/customer/ajax_sync_cart.php | Speed: 3ms | IP: ::1
[07-Jun-2026 01:04:47 Europe/Berlin] [API_HIT] /khatalink/customer/ajax_get_registry_location.php?lat=20.342132&lng=85.811487 | Speed: 5ms | IP: ::1
[07-Jun-2026 04:34:48 Asia/Kolkata] [API_HIT] /khatalink/customer/ajax_get_mall_status.php | Speed: 5ms | IP: ::1
[07-Jun-2026 04:35:19 Asia/Kolkata] [API_HIT] /khatalink/customer/ajax_get_mall_status.php | Speed: 2ms | IP: ::1
[07-Jun-2026 04:35:42 Asia/Kolkata] [API_HIT] /khatalink/customer/ajax_get_mall_status.php | Speed: 2ms | IP: ::1
[07-Jun-2026 04:35:44 Asia/Kolkata] [API_HIT] /khatalink/customer/Groceries_home.php?lat=20.342132&lng=85.811487&radius=15 | Speed: 16ms | IP: ::1
[07-Jun-2026 01:05:45 Europe/Berlin] [API_HIT] /khatalink/customer/ajax_sync_cart.php | Speed: 4ms | IP: ::1
[07-Jun-2026 04:35:45 Asia/Kolkata] [API_HIT] /khatalink/customer/ajax_get_mall_status.php | Speed: 3ms | IP: ::1
[07-Jun-2026 01:05:45 Europe/Berlin] [API_HIT] /khatalink/customer/ajax_get_registry_location.php?lat=20.342132&lng=85.811487 | Speed: 2ms | IP: ::1
[07-Jun-2026 04:35:50 Asia/Kolkata] [API_HIT] /khatalink/shop/dashboard.php | Speed: 26ms | IP: ::1
[07-Jun-2026 01:05:50 Europe/Berlin] [API_HIT] /khatalink/shop/ajax_save_token.php | Speed: 30ms | IP: ::1
[07-Jun-2026 04:35:52 Asia/Kolkata] [API_HIT] /khatalink/shop/dashboard.php | Speed: 21ms | IP: ::1
[07-Jun-2026 01:05:52 Europe/Berlin] [API_HIT] /khatalink/shop/ajax_save_token.php | Speed: 18ms | IP: ::1
[07-Jun-2026 04:35:56 Asia/Kolkata] [API_HIT] /khatalink/customer/ajax_get_mall_status.php | Speed: 2ms | IP: ::1
[07-Jun-2026 04:35:58 Asia/Kolkata] [API_HIT] /khatalink/customer/Groceries_home.php?lat=20.342132&lng=85.811487&radius=15 | Speed: 15ms | IP: ::1
[07-Jun-2026 01:05:59 Europe/Berlin] [API_HIT] /khatalink/customer/ajax_sync_cart.php | Speed: 3ms | IP: ::1
[07-Jun-2026 04:36:00 Asia/Kolkata] [API_HIT] /khatalink/customer/ajax_get_mall_status.php | Speed: 2ms | IP: ::1
[07-Jun-2026 01:06:00 Europe/Berlin] [API_HIT] /khatalink/customer/ajax_get_registry_location.php?lat=20.342132&lng=85.811487 | Speed: 3ms | IP: ::1
[07-Jun-2026 04:36:29 Asia/Kolkata] [API_HIT] /khatalink/customer/ajax_get_mall_status.php | Speed: 26ms | IP: ::1
[07-Jun-2026 04:36:59 Asia/Kolkata] [API_HIT] /khatalink/customer/ajax_get_mall_status.php | Speed: 2ms | IP: ::1
[07-Jun-2026 04:37:29 Asia/Kolkata] [API_HIT] /khatalink/customer/ajax_get_mall_status.php | Speed: 2ms | IP: ::1
[07-Jun-2026 04:38:00 Asia/Kolkata] [API_HIT] /khatalink/customer/ajax_get_mall_status.php | Speed: 2ms | IP: ::1
[07-Jun-2026 04:38:29 Asia/Kolkata] [API_HIT] /khatalink/customer/ajax_get_mall_status.php | Speed: 3ms | IP: ::1
[07-Jun-2026 04:38:43 Asia/Kolkata] [API_HIT] /khatalink/customer/ajax_get_mall_status.php | Speed: 3ms | IP: ::1
[07-Jun-2026 04:38:45 Asia/Kolkata] PHP Fatal error:  Uncaught PDOException: SQLSTATE[42S22]: Column not found: 1054 Unknown column 'c.is_marketplace_visible' in 'where clause' in D:\xampp\htdocs\khatalink\customer\Groceries_home.php:153
Stack trace:
#0 D:\xampp\htdocs\khatalink\customer\Groceries_home.php(153): PDOStatement->execute(Array)
#1 {main}
  thrown in D:\xampp\htdocs\khatalink\customer\Groceries_home.php on line 153
[07-Jun-2026 04:38:45 Asia/Kolkata] [API_HIT] /khatalink/customer/Groceries_home.php?lat=20.342132&lng=85.811487&radius=15 | Speed: 10ms | IP: ::1
[07-Jun-2026 04:38:47 Asia/Kolkata] PHP Fatal error:  Uncaught PDOException: SQLSTATE[42S22]: Column not found: 1054 Unknown column 'c.is_marketplace_visible' in 'where clause' in D:\xampp\htdocs\khatalink\customer\Groceries_home.php:153
Stack trace:
#0 D:\xampp\htdocs\khatalink\customer\Groceries_home.php(153): PDOStatement->execute(Array)
#1 {main}
  thrown in D:\xampp\htdocs\khatalink\customer\Groceries_home.php on line 153
[07-Jun-2026 04:38:47 Asia/Kolkata] [API_HIT] /khatalink/customer/Groceries_home.php?lat=20.342132&lng=85.811487&radius=15 | Speed: 3ms | IP: ::1
[07-Jun-2026 01:09:07 Europe/Berlin] [API_HIT] /khatalink/admin/dashboard.php | Speed: 8ms | IP: ::1
[07-Jun-2026 01:09:10 Europe/Berlin] [API_HIT] /khatalink/admin/db_explorer.php | Speed: 3ms | IP: ::1
[07-Jun-2026 01:09:22 Europe/Berlin] [API_HIT] /khatalink/admin/db_explorer.php | Speed: 4ms | IP: ::1
[07-Jun-2026 01:09:23 Europe/Berlin] [API_HIT] /khatalink/admin/db_explorer.php | Speed: 1078ms | IP: ::1
[07-Jun-2026 01:09:30 Europe/Berlin] [API_HIT] /khatalink/admin/db_explorer.php?table=groceries_product_marketplace_cache | Speed: 232ms | IP: ::1
[07-Jun-2026 01:10:08 Europe/Berlin] [API_HIT] /khatalink/admin/db_explorer.php?table=customers | Speed: 258ms | IP: ::1
[07-Jun-2026 01:10:21 Europe/Berlin] [API_HIT] /khatalink/admin/db_explorer.php?table=groceries_product_marketplace_cache | Speed: 209ms | IP: ::1
[07-Jun-2026 01:11:31 Europe/Berlin] [API_HIT] /khatalink/auth/login.php?type=shop | Speed: 3ms | IP: ::1
[07-Jun-2026 01:11:34 Europe/Berlin] [API_HIT] /khatalink/auth/register.php?type=shop | Speed: 3ms | IP: ::1
[07-Jun-2026 01:12:01 Europe/Berlin] [API_HIT] /khatalink/admin/dashboard.php | Speed: 8ms | IP: ::1
[07-Jun-2026 01:12:06 Europe/Berlin] [API_HIT] /khatalink/admin/mall_shops.php | Speed: 5ms | IP: ::1
[07-Jun-2026 01:12:10 Europe/Berlin] [API_HIT] /khatalink/admin/mall_shop_details.php?id=8 | Speed: 7ms | IP: ::1
[07-Jun-2026 01:12:16 Europe/Berlin] [API_HIT] /khatalink/admin/mall_shop_details.php?id=9 | Speed: 4ms | IP: ::1
[07-Jun-2026 01:12:20 Europe/Berlin] [API_HIT] /khatalink/admin/mall_shops.php | Speed: 3ms | IP: ::1
[07-Jun-2026 04:43:30 Asia/Kolkata] [API_HIT] /khatalink/customer/Groceries_home.php?lat=20.342132&lng=85.811487&radius=15 | Speed: 2ms | IP: ::1
[07-Jun-2026 01:13:30 Europe/Berlin] [API_HIT] /khatalink/auth/login.php?type=customer | Speed: 3ms | IP: ::1
[07-Jun-2026 01:13:34 Europe/Berlin] LOGIN_SUCCESS: User ID: 10, Type: customer (Web), IP: ::1
[07-Jun-2026 01:13:35 Europe/Berlin] FCM HTTP 200 Response for customer (ID: 10): {
  "name": "projects/khatalink-63041/messages/ad979a75-b9df-4bb7-9063-e90a9558693c"
}

[07-Jun-2026 01:13:36 Europe/Berlin] FCM HTTP 200 Response for customer (ID: 10): {
  "name": "projects/khatalink-63041/messages/0:1780787617278150%3a1eff913a1eff91"
}

[07-Jun-2026 01:13:36 Europe/Berlin] [API_HIT] /khatalink/auth/login.php?type=customer | Speed: 1548ms | IP: ::1
[07-Jun-2026 01:13:36 Europe/Berlin] [API_HIT] /khatalink/customer/dashboard.php | Speed: 10ms | IP: ::1
[07-Jun-2026 04:43:38 Asia/Kolkata] [API_HIT] /khatalink/customer/Groceries_home.php | Speed: 15ms | IP: ::1
[07-Jun-2026 04:43:39 Asia/Kolkata] [API_HIT] /khatalink/customer/ajax_get_mall_status.php | Speed: 2ms | IP: ::1
[07-Jun-2026 01:13:39 Europe/Berlin] [API_HIT] /khatalink/customer/ajax_sync_cart.php | Speed: 2ms | IP: ::1
[07-Jun-2026 04:43:39 Asia/Kolkata] [API_HIT] /khatalink/customer/Groceries_home.php?lat=20.342244&lng=85.811557&radius=15 | Speed: 19ms | IP: ::1
[07-Jun-2026 01:13:39 Europe/Berlin] [API_HIT] /khatalink/customer/ajax_get_registry_location.php?lat=20.34224417611164&lng=85.81155700642346 | Speed: 2ms | IP: ::1
[07-Jun-2026 04:43:39 Asia/Kolkata] [API_HIT] /khatalink/customer/ajax_get_mall_status.php | Speed: 2ms | IP: ::1
[07-Jun-2026 01:13:39 Europe/Berlin] [API_HIT] /khatalink/customer/ajax_get_registry_location.php?lat=20.342244&lng=85.811557 | Speed: 10ms | IP: ::1
[07-Jun-2026 01:13:39 Europe/Berlin] [API_HIT] /khatalink/customer/ajax_sync_cart.php | Speed: 3ms | IP: ::1
[07-Jun-2026 01:13:43 Europe/Berlin] [API_HIT] /khatalink/customer/dashboard.php | Speed: 6ms | IP: ::1
[07-Jun-2026 01:20:57 Europe/Berlin] [API_HIT] /khatalink/customer/dashboard.php | Speed: 9ms | IP: ::1
[14-Jun-2026 06:45:54 Europe/Berlin] [API_HIT] /khatalink/auth/login.php?type=shop | Speed: 136ms | IP: ::1
[17-Jun-2026 07:57:07 Europe/Berlin] [API_HIT] /khatalink/auth/login.php?type=customer | Speed: 315ms | IP: ::1
[17-Jun-2026 07:58:18 Europe/Berlin] LOGIN_SUCCESS: User ID: 10, Type: customer (Web), IP: ::1
[17-Jun-2026 07:58:38 Europe/Berlin] FCM HTTP 200 Response for customer (ID: 10): {
  "name": "projects/khatalink-63041/messages/dd13f2b9-2f13-495b-8177-25c54d428bbe"
}

[17-Jun-2026 07:58:40 Europe/Berlin] FCM HTTP 404 Response for customer (ID: 10): {
  "error": {
    "code": 404,
    "message": "Requested entity was not found.",
    "status": "NOT_FOUND",
    "details": [
      {
        "@type": "type.googleapis.com/google.firebase.fcm.v1.FcmError",
        "errorCode": "UNREGISTERED"
      }
    ]
  }
}

[17-Jun-2026 07:58:40 Europe/Berlin] [API_HIT] /khatalink/auth/login.php?type=customer | Speed: 21627ms | IP: ::1
[17-Jun-2026 07:58:40 Europe/Berlin] [API_HIT] /khatalink/customer/dashboard.php | Speed: 77ms | IP: ::1
[17-Jun-2026 07:59:30 Europe/Berlin] [API_HIT] /khatalink/auth/login.php?type=shop | Speed: 10ms | IP: ::1
[17-Jun-2026 07:59:35 Europe/Berlin] [API_HIT] /khatalink/auth/login.php?type=shop | Speed: 25ms | IP: ::1
[17-Jun-2026 07:59:46 Europe/Berlin] LOGIN_SUCCESS: User ID: 8, Type: shop (Web), IP: ::1
[17-Jun-2026 07:59:47 Europe/Berlin] FCM HTTP 200 Response for shop (ID: 8): {
  "name": "projects/khatalink-63041/messages/7d590b89-dc3c-4424-baf0-55813cca54f4"
}

[17-Jun-2026 07:59:47 Europe/Berlin] [API_HIT] /khatalink/auth/login.php?type=shop | Speed: 1007ms | IP: ::1
[17-Jun-2026 11:29:47 Asia/Kolkata] [API_HIT] /khatalink/shop/dashboard.php | Speed: 57ms | IP: ::1
[17-Jun-2026 07:59:48 Europe/Berlin] [API_HIT] /khatalink/shop/ajax_save_token.php | Speed: 16ms | IP: ::1
[22-Jun-2026 11:53:43 Europe/Berlin] [API_HIT] /khatalink/admin/login.php | Speed: 135ms | IP: ::1
[22-Jun-2026 11:53:52 Europe/Berlin] [API_HIT] /khatalink/admin/login.php | Speed: 80ms | IP: ::1
[22-Jun-2026 11:54:00 Europe/Berlin] LOGIN_SUCCESS: User ID: 5, Type: admin, IP: ::1
[22-Jun-2026 11:54:00 Europe/Berlin] [API_HIT] /khatalink/admin/login.php | Speed: 70ms | IP: ::1
[22-Jun-2026 11:54:00 Europe/Berlin] [API_HIT] /khatalink/admin/dashboard.php | Speed: 82ms | IP: ::1
[22-Jun-2026 11:54:09 Europe/Berlin] PHP Warning:  Undefined array key "page_url" in D:\xampp\htdocs\khatalink\admin\visitors.php on line 145
[22-Jun-2026 11:54:09 Europe/Berlin] PHP Warning:  Undefined array key "page_url" in D:\xampp\htdocs\khatalink\admin\visitors.php on line 146
[22-Jun-2026 11:54:09 Europe/Berlin] PHP Warning:  Undefined array key "page_url" in D:\xampp\htdocs\khatalink\admin\visitors.php on line 145
[22-Jun-2026 11:54:09 Europe/Berlin] PHP Warning:  Undefined array key "page_url" in D:\xampp\htdocs\khatalink\admin\visitors.php on line 146
[22-Jun-2026 11:54:09 Europe/Berlin] [API_HIT] /khatalink/admin/visitors.php | Speed: 12ms | IP: ::1
[22-Jun-2026 11:54:24 Europe/Berlin] [API_HIT] /khatalink/admin/geo_registry_manager.php | Speed: 12ms | IP: ::1
[22-Jun-2026 11:54:34 Europe/Berlin] [API_HIT] /khatalink/admin/mall_control.php | Speed: 38ms | IP: ::1
[22-Jun-2026 11:54:43 Europe/Berlin] [API_HIT] /khatalink/admin/dashboard.php | Speed: 7ms | IP: ::1
[22-Jun-2026 11:54:48 Europe/Berlin] [API_HIT] /khatalink/admin/error_monitoring.php | Speed: 10ms | IP: ::1
[22-Jun-2026 11:55:10 Europe/Berlin] [API_HIT] /khatalink/admin/error_monitoring.php | Speed: 5ms | IP: ::1
[22-Jun-2026 11:55:28 Europe/Berlin] [API_HIT] /khatalink/admin/dashboard.php | Speed: 22ms | IP: ::1
[22-Jun-2026 11:55:32 Europe/Berlin] [API_HIT] /khatalink/admin/health_check.php | Speed: 74ms | IP: ::1
[22-Jun-2026 11:55:46 Europe/Berlin] [API_HIT] /khatalink/admin/db_explorer.php | Speed: 2ms | IP: ::1
[22-Jun-2026 11:55:53 Europe/Berlin] [API_HIT] /khatalink/admin/db_explorer.php | Speed: 3ms | IP: ::1
[22-Jun-2026 11:55:57 Europe/Berlin] [API_HIT] /khatalink/admin/db_explorer.php | Speed: 2ms | IP: ::1
[22-Jun-2026 11:56:11 Europe/Berlin] [API_HIT] /khatalink/admin/mall_shops.php | Speed: 6ms | IP: ::1
[22-Jun-2026 11:56:14 Europe/Berlin] [API_HIT] /khatalink/admin/mall_shop_details.php?id=8 | Speed: 14ms | IP: ::1
[22-Jun-2026 11:56:18 Europe/Berlin] [API_HIT] /khatalink/admin/mall_shops.php | Speed: 2ms | IP: ::1
[22-Jun-2026 11:56:21 Europe/Berlin] [API_HIT] /khatalink/admin/dashboard.php | Speed: 7ms | IP: ::1
[22-Jun-2026 11:56:37 Europe/Berlin] [API_HIT] /khatalink/admin/mall_shops.php | Speed: 3ms | IP: ::1
[22-Jun-2026 11:56:49 Europe/Berlin] [API_HIT] /khatalink/admin/dashboard.php | Speed: 9ms | IP: ::1
[22-Jun-2026 11:56:54 Europe/Berlin] [API_HIT] /khatalink/admin/db_explorer.php | Speed: 3ms | IP: ::1
[22-Jun-2026 11:57:16 Europe/Berlin] [API_HIT] /khatalink/admin/queries.php | Speed: 21ms | IP: ::1
[22-Jun-2026 11:57:49 Europe/Berlin] [API_HIT] /khatalink/admin/settlements.php | Speed: 22ms | IP: ::1
[22-Jun-2026 11:58:05 Europe/Berlin] [API_HIT] /khatalink/admin/reconcile_bonds.php | Speed: 5ms | IP: ::1
[22-Jun-2026 11:58:09 Europe/Berlin] [API_HIT] /khatalink/admin/mall_control.php | Speed: 3ms | IP: ::1
[22-Jun-2026 11:58:18 Europe/Berlin] [API_HIT] /khatalink/admin/mall_control.php | Speed: 24ms | IP: ::1
[22-Jun-2026 11:58:23 Europe/Berlin] [API_HIT] /khatalink/admin/dashboard.php | Speed: 12ms | IP: ::1
[22-Jun-2026 11:58:28 Europe/Berlin] [API_HIT] /khatalink/auth/login.php?type=customer | Speed: 4ms | IP: ::1
[22-Jun-2026 11:58:35 Europe/Berlin] LOGIN_SUCCESS: User ID: 10, Type: customer (Web), IP: ::1
[22-Jun-2026 11:58:36 Europe/Berlin] FCM HTTP 200 Response for customer (ID: 10): {
  "name": "projects/khatalink-63041/messages/a86e0439-9fca-435e-8d5f-23501e22d2b1"
}

[22-Jun-2026 11:58:37 Europe/Berlin] FCM HTTP 404 Response for customer (ID: 10): {
  "error": {
    "code": 404,
    "message": "Requested entity was not found.",
    "status": "NOT_FOUND",
    "details": [
      {
        "@type": "type.googleapis.com/google.firebase.fcm.v1.FcmError",
        "errorCode": "UNREGISTERED"
      }
    ]
  }
}

[22-Jun-2026 11:58:37 Europe/Berlin] [API_HIT] /khatalink/auth/login.php?type=customer | Speed: 1624ms | IP: ::1
[22-Jun-2026 11:58:37 Europe/Berlin] [API_HIT] /khatalink/customer/dashboard.php | Speed: 31ms | IP: ::1
[22-Jun-2026 15:28:46 Asia/Kolkata] [API_HIT] /khatalink/customer/Groceries_home.php | Speed: 3ms | IP: ::1
[23-Jun-2026 09:44:13 Europe/Berlin] [API_HIT] /khatalink/auth/login.php?type=shop | Speed: 161ms | IP: ::1
[23-Jun-2026 10:04:18 Europe/Berlin] [API_HIT] /khatalink/auth/login.php?type=shop | Speed: 11ms | IP: ::1
[23-Jun-2026 10:04:41 Europe/Berlin] [API_HIT] /khatalink/admin/dashboard.php | Speed: 4ms | IP: ::1
[23-Jun-2026 10:04:41 Europe/Berlin] [API_HIT] /khatalink/admin/login.php | Speed: 3ms | IP: ::1
[23-Jun-2026 10:04:48 Europe/Berlin] LOGIN_SUCCESS: User ID: 5, Type: admin, IP: ::1
[23-Jun-2026 10:04:48 Europe/Berlin] [API_HIT] /khatalink/admin/login.php | Speed: 200ms | IP: ::1
[23-Jun-2026 10:04:48 Europe/Berlin] [API_HIT] /khatalink/admin/dashboard.php | Speed: 73ms | IP: ::1
[23-Jun-2026 10:04:58 Europe/Berlin] [API_HIT] /khatalink/admin/hacker_terminal.php | Speed: 4ms | IP: ::1
[23-Jun-2026 10:05:33 Europe/Berlin] [API_HIT] /khatalink/admin/hacker_terminal.php | Speed: 3ms | IP: ::1
[23-Jun-2026 10:06:09 Europe/Berlin] [API_HIT] /khatalink/admin/hacker_terminal.php | Speed: 4ms | IP: ::1
[23-Jun-2026 10:06:09 Europe/Berlin] [API_HIT] /khatalink/admin/hacker_terminal.php | Speed: 6ms | IP: ::1
[23-Jun-2026 10:09:15 Europe/Berlin] [API_HIT] /khatalink/admin/hacker_terminal.php | Speed: 9ms | IP: ::1
[23-Jun-2026 10:09:17 Europe/Berlin] [API_HIT] /khatalink/admin/dashboard.php | Speed: 23ms | IP: ::1
[23-Jun-2026 10:09:22 Europe/Berlin] [API_HIT] /khatalink/admin/db_explorer.php | Speed: 869ms | IP: ::1
[23-Jun-2026 10:10:13 Europe/Berlin] [API_HIT] /khatalink/admin/db_explorer.php?table=payment_requests | Speed: 478ms | IP: ::1
[23-Jun-2026 10:10:14 Europe/Berlin] [API_HIT] /khatalink/admin/db_explorer.php?table=bond_payments | Speed: 474ms | IP: ::1
[23-Jun-2026 10:10:19 Europe/Berlin] [API_HIT] /khatalink/admin/db_explorer.php?table=db_access_logs | Speed: 335ms | IP: ::1
[23-Jun-2026 10:10:22 Europe/Berlin] [API_HIT] /khatalink/admin/db_explorer.php?table=groceries_product_marketplace_cache | Speed: 274ms | IP: ::1
[23-Jun-2026 10:10:43 Europe/Berlin] [API_HIT] /khatalink/admin/db_explorer.php | Speed: 426ms | IP: ::1
[23-Jun-2026 10:10:43 Europe/Berlin] [API_HIT] /khatalink/admin/db_explorer.php?table=groceries_product_marketplace_cache | Speed: 247ms | IP: ::1
[23-Jun-2026 10:10:51 Europe/Berlin] [API_HIT] /khatalink/admin/dashboard.php | Speed: 16ms | IP: ::1
[23-Jun-2026 10:11:01 Europe/Berlin] [API_HIT] /khatalink/admin/security_audit.php | Speed: 14ms | IP: ::1
[23-Jun-2026 10:11:08 Europe/Berlin] [API_HIT] /khatalink/admin/health_check.php | Speed: 36ms | IP: ::1
[23-Jun-2026 10:11:13 Europe/Berlin] [API_HIT] /khatalink/admin/health_check.php | Speed: 34ms | IP: ::1
[23-Jun-2026 10:11:36 Europe/Berlin] [API_HIT] /khatalink/admin/security_audit.php | Speed: 9ms | IP: ::1
[23-Jun-2026 10:11:40 Europe/Berlin] [API_HIT] /khatalink/admin/manage_coupons.php | Speed: 10ms | IP: ::1
[23-Jun-2026 10:12:05 Europe/Berlin] [API_HIT] /khatalink/admin/error_monitoring.php | Speed: 16ms | IP: ::1
[23-Jul-2026 20:22:38 Europe/Berlin] [API_HIT] /khatalink/auth/login.php?type=shop | Speed: 15ms | IP: ::1
[23-Jul-2026 20:22:58 Europe/Berlin] [API_HIT] /khatalink/auth/login.php?type=shop | Speed: 125ms | IP: ::1
[23-Jul-2026 20:23:13 Europe/Berlin] LOGIN_SUCCESS: User ID: 7, Type: shop (Web), IP: ::1
[23-Jul-2026 20:23:15 Europe/Berlin] FCM HTTP 200 Response for shop (ID: 7): {
  "name": "projects/khatalink-63041/messages/b2a15734-451d-4442-a0a8-c5348a4e204f"
}

[23-Jul-2026 20:23:15 Europe/Berlin] [API_HIT] /khatalink/auth/login.php?type=shop | Speed: 1596ms | IP: ::1
[23-Jul-2026 23:53:15 Asia/Kolkata] [API_HIT] /khatalink/shop/dashboard.php | Speed: 76ms | IP: ::1
[23-Jul-2026 20:23:16 Europe/Berlin] [API_HIT] /khatalink/shop/ajax_save_token.php | Speed: 49ms | IP: ::1
[23-Jul-2026 20:23:38 Europe/Berlin] [API_HIT] /khatalink/shop/Groceries_dashboard.php | Speed: 21ms | IP: ::1
[23-Jul-2026 20:23:55 Europe/Berlin] [API_HIT] /khatalink/shop/Groceries_quick_orders.php?order_id=29 | Speed: 21ms | IP: ::1
[23-Jul-2026 20:24:10 Europe/Berlin] [API_HIT] /khatalink/shop/Groceries_dashboard.php | Speed: 9ms | IP: ::1
[23-Jul-2026 23:54:12 Asia/Kolkata] [API_HIT] /khatalink/shop/dashboard.php | Speed: 35ms | IP: ::1
[23-Jul-2026 20:24:13 Europe/Berlin] [API_HIT] /khatalink/shop/ajax_save_token.php | Speed: 11ms | IP: ::1
[23-Jul-2026 20:24:22 Europe/Berlin] [API_HIT] /khatalink/auth/login.php?type=customer | Speed: 6ms | IP: ::1
[23-Jul-2026 20:24:26 Europe/Berlin] LOGIN_SUCCESS: User ID: 10, Type: customer (Web), IP: ::1
[23-Jul-2026 20:24:28 Europe/Berlin] FCM HTTP 200 Response for customer (ID: 10): {
  "name": "projects/khatalink-63041/messages/0cf47139-20a6-41ff-8506-40b82bf2fb4a"
}

[23-Jul-2026 20:24:29 Europe/Berlin] FCM HTTP 404 Response for customer (ID: 10): {
  "error": {
    "code": 404,
    "message": "NotRegistered",
    "status": "NOT_FOUND",
    "details": [
      {
        "@type": "type.googleapis.com/google.firebase.fcm.v1.FcmError",
        "errorCode": "UNREGISTERED"
      }
    ]
  }
}

[23-Jul-2026 20:24:29 Europe/Berlin] [API_HIT] /khatalink/auth/login.php?type=customer | Speed: 2951ms | IP: ::1
[23-Jul-2026 20:24:29 Europe/Berlin] [API_HIT] /khatalink/customer/dashboard.php | Speed: 13ms | IP: ::1
[23-Jul-2026 23:54:31 Asia/Kolkata] [API_HIT] /khatalink/customer/Groceries_home.php | Speed: 8ms | IP: ::1
[23-Jul-2026 20:24:33 Europe/Berlin] [API_HIT] /khatalink/customer/dashboard.php | Speed: 10ms | IP: ::1
[19-Aug-2026 10:57:18 Europe/Berlin] [API_HIT] /khatalink/auth/login.php?type=customer | Speed: 183ms | IP: ::1
[19-Aug-2026 10:57:48 Europe/Berlin] [API_HIT] /khatalink/auth/register.php?type=customer | Speed: 5ms | IP: ::1
[19-Aug-2026 11:06:03 Europe/Berlin] [API_HIT] /khatalink/auth/login.php?type=customer | Speed: 8ms | IP: ::1
[19-Aug-2026 11:06:18 Europe/Berlin] [API_HIT] /khatalink/auth/login.php?type=customer | Speed: 23ms | IP: ::1
[19-Aug-2026 11:06:21 Europe/Berlin] LOGIN_SUCCESS: User ID: 10, Type: customer (Web), IP: ::1
[19-Aug-2026 11:06:22 Europe/Berlin] FCM HTTP 200 Response for customer (ID: 10): {
  "name": "projects/khatalink-63041/messages/7da2caea-c4f7-4f47-be94-a8bff2e8edf4"
}

[19-Aug-2026 11:06:23 Europe/Berlin] FCM HTTP 404 Response for customer (ID: 10): {
  "error": {
    "code": 404,
    "message": "NotRegistered",
    "status": "NOT_FOUND",
    "details": [
      {
        "@type": "type.googleapis.com/google.firebase.fcm.v1.FcmError",
        "errorCode": "UNREGISTERED"
      }
    ]
  }
}

[19-Aug-2026 11:06:23 Europe/Berlin] [API_HIT] /khatalink/auth/login.php?type=customer | Speed: 1824ms | IP: ::1
[19-Aug-2026 11:06:23 Europe/Berlin] [API_HIT] /khatalink/customer/dashboard.php | Speed: 154ms | IP: ::1
[19-Aug-2026 14:36:34 Asia/Kolkata] [API_HIT] /khatalink/customer/Groceries_home.php | Speed: 22ms | IP: ::1
[19-Aug-2026 11:06:36 Europe/Berlin] [API_HIT] /khatalink/customer/dashboard.php | Speed: 10ms | IP: ::1
[19-Aug-2026 11:06:47 Europe/Berlin] [API_HIT] /khatalink/admin/login.php | Speed: 5ms | IP: ::1
[19-Aug-2026 11:06:49 Europe/Berlin] [API_HIT] /khatalink/admin/login.php | Speed: 26ms | IP: ::1
[19-Aug-2026 11:06:59 Europe/Berlin] [API_HIT] /khatalink/admin/login.php | Speed: 86ms | IP: ::1
[19-Aug-2026 11:07:08 Europe/Berlin] LOGIN_SUCCESS: User ID: 5, Type: admin, IP: ::1
[19-Aug-2026 11:07:08 Europe/Berlin] [API_HIT] /khatalink/admin/login.php | Speed: 96ms | IP: ::1
[19-Aug-2026 11:07:08 Europe/Berlin] [API_HIT] /khatalink/admin/dashboard.php | Speed: 66ms | IP: ::1
[19-Aug-2026 11:07:19 Europe/Berlin] [API_HIT] /khatalink/admin/mall_control.php | Speed: 14ms | IP: ::1
[19-Aug-2026 11:07:28 Europe/Berlin] [API_HIT] /khatalink/admin/mall_control.php | Speed: 3142ms | IP: ::1
[19-Aug-2026 14:37:37 Asia/Kolkata] [API_HIT] /khatalink/customer/Groceries_home.php | Speed: 589ms | IP: ::1
[19-Aug-2026 14:37:42 Asia/Kolkata] [API_HIT] /khatalink/customer/ajax_get_mall_status.php | Speed: 3ms | IP: ::1
[19-Aug-2026 11:07:42 Europe/Berlin] [API_HIT] /khatalink/customer/ajax_sync_cart.php | Speed: 25ms | IP: ::1
[19-Aug-2026 11:07:42 Europe/Berlin] [API_HIT] /khatalink/customer/ajax_get_registry_location.php?lat=20.340911719782778&lng=85.80790831306646 | Speed: 53ms | IP: ::1
[19-Aug-2026 14:37:42 Asia/Kolkata] [API_HIT] /khatalink/customer/Groceries_home.php?lat=20.340912&lng=85.807908&radius=15 | Speed: 51ms | IP: ::1
[19-Aug-2026 11:07:43 Europe/Berlin] [API_HIT] /khatalink/customer/ajax_sync_cart.php | Speed: 3ms | IP: ::1
[19-Aug-2026 11:07:43 Europe/Berlin] [API_HIT] /khatalink/customer/ajax_get_registry_location.php?lat=20.340912&lng=85.807908 | Speed: 5ms | IP: ::1
[19-Aug-2026 14:37:43 Asia/Kolkata] [API_HIT] /khatalink/customer/ajax_get_mall_status.php | Speed: 65ms | IP: ::1
[19-Aug-2026 14:37:55 Asia/Kolkata] [API_HIT] /khatalink/customer/Groceries_home.php?lat=20.340912&lng=85.807908&radius=15 | Speed: 26ms | IP: ::1
[19-Aug-2026 11:07:55 Europe/Berlin] [API_HIT] /khatalink/customer/ajax_sync_cart.php | Speed: 18ms | IP: ::1
[19-Aug-2026 11:07:55 Europe/Berlin] [API_HIT] /khatalink/customer/ajax_get_registry_location.php?lat=20.340912&lng=85.807908 | Speed: 14ms | IP: ::1
[19-Aug-2026 14:37:55 Asia/Kolkata] [API_HIT] /khatalink/customer/ajax_get_mall_status.php | Speed: 26ms | IP: ::1
[19-Aug-2026 11:08:17 Europe/Berlin] [API_HIT] /khatalink/auth/login.php | Speed: 8ms | IP: ::1
[19-Aug-2026 14:38:25 Asia/Kolkata] [API_HIT] /khatalink/customer/ajax_get_mall_status.php | Speed: 4ms | IP: ::1
[19-Aug-2026 11:08:29 Europe/Berlin] [API_HIT] /khatalink/auth/login.php | Speed: 11ms | IP: ::1
[19-Aug-2026 11:08:33 Europe/Berlin] [API_HIT] /khatalink/auth/login.php | Speed: 6ms | IP: ::1
[19-Aug-2026 11:08:46 Europe/Berlin] [API_HIT] /khatalink/auth/login.php | Speed: 6ms | IP: ::1
[19-Aug-2026 11:08:49 Europe/Berlin] [API_HIT] /khatalink/auth/register.php?type=shop | Speed: 10ms | IP: ::1
[19-Aug-2026 14:38:55 Asia/Kolkata] [API_HIT] /khatalink/customer/ajax_get_mall_status.php | Speed: 2ms | IP: ::1
[19-Aug-2026 11:08:57 Europe/Berlin] [API_HIT] /khatalink/admin/shops.php | Speed: 30ms | IP: ::1
[19-Aug-2026 11:09:06 Europe/Berlin] [API_HIT] /khatalink/admin/shop_details.php?id=7 | Speed: 14ms | IP: ::1
[19-Aug-2026 11:09:16 Europe/Berlin] [API_HIT] /khatalink/admin/export_shop_report.php?shop_id=7 | Speed: 15ms | IP: ::1
[19-Aug-2026 11:09:24 Europe/Berlin] [API_HIT] /khatalink/admin/mall_control.php | Speed: 8ms | IP: ::1
[19-Aug-2026 14:39:25 Asia/Kolkata] [API_HIT] /khatalink/customer/ajax_get_mall_status.php | Speed: 3ms | IP: ::1
[19-Aug-2026 11:09:26 Europe/Berlin] [API_HIT] /khatalink/admin/dashboard.php | Speed: 12ms | IP: ::1
[19-Aug-2026 11:09:40 Europe/Berlin] [API_HIT] /khatalink/admin/geo_registry_manager.php | Speed: 24ms | IP: ::1
[19-Aug-2026 14:39:55 Asia/Kolkata] [API_HIT] /khatalink/customer/ajax_get_mall_status.php | Speed: 3ms | IP: ::1
[19-Aug-2026 11:09:58 Europe/Berlin] [API_HIT] /khatalink/admin/dashboard.php | Speed: 23ms | IP: ::1
[19-Aug-2026 14:40:25 Asia/Kolkata] [API_HIT] /khatalink/customer/ajax_get_mall_status.php | Speed: 3ms | IP: ::1
[19-Aug-2026 14:40:55 Asia/Kolkata] [API_HIT] /khatalink/customer/ajax_get_mall_status.php | Speed: 3ms | IP: ::1
[19-Aug-2026 14:42:11 Asia/Kolkata] [API_HIT] /khatalink/customer/ajax_get_mall_status.php | Speed: 3ms | IP: ::1
[19-Aug-2026 14:43:12 Asia/Kolkata] [API_HIT] /khatalink/customer/ajax_get_mall_status.php | Speed: 4ms | IP: ::1
[19-Aug-2026 11:13:55 Europe/Berlin] [API_HIT] /khatalink/admin/dashboard.php | Speed: 55ms | IP: ::1
[19-Aug-2026 11:13:57 Europe/Berlin] [API_HIT] /khatalink/admin/dashboard.php | Speed: 11ms | IP: ::1
[19-Aug-2026 11:13:58 Europe/Berlin] [API_HIT] /khatalink/admin/dashboard.php | Speed: 13ms | IP: ::1
[19-Aug-2026 14:44:11 Asia/Kolkata] [API_HIT] /khatalink/customer/ajax_get_mall_status.php | Speed: 2ms | IP: ::1
[19-Aug-2026 11:14:22 Europe/Berlin] [API_HIT] /khatalink/admin/settlement_history.php | Speed: 19ms | IP: ::1
[19-Aug-2026 14:45:11 Asia/Kolkata] [API_HIT] /khatalink/customer/ajax_get_mall_status.php | Speed: 6ms | IP: ::1
[19-Aug-2026 11:16:06 Europe/Berlin] [API_HIT] /khatalink/admin/dashboard.php | Speed: 12ms | IP: ::1
[19-Aug-2026 14:46:11 Asia/Kolkata] [API_HIT] /khatalink/customer/ajax_get_mall_status.php | Speed: 3ms | IP: ::1
[19-Aug-2026 11:16:21 Europe/Berlin] [API_HIT] /khatalink/admin/ajax_factory_reset.php | Speed: 821ms | IP: ::1
[19-Aug-2026 11:16:24 Europe/Berlin] [API_HIT] /khatalink/admin/dashboard.php | Speed: 21ms | IP: ::1
[19-Aug-2026 11:16:33 Europe/Berlin] [API_HIT] /khatalink/admin/geo_registry_manager.php | Speed: 20ms | IP: ::1
[19-Aug-2026 11:16:37 Europe/Berlin] [API_HIT] /khatalink/admin/dashboard.php | Speed: 10ms | IP: ::1
[19-Aug-2026 14:46:44 Asia/Kolkata] [API_HIT] /khatalink/customer/ajax_get_mall_status.php | Speed: 52ms | IP: ::1
[19-Aug-2026 14:46:44 Asia/Kolkata] [API_HIT] /khatalink/customer/ajax_get_mall_status.php | Speed: 14ms | IP: ::1
[19-Aug-2026 11:16:46 Europe/Berlin] [API_HIT] /khatalink/customer/dashboard.php | Speed: 21ms | IP: ::1
[19-Aug-2026 11:16:46 Europe/Berlin] [API_HIT] /khatalink/auth/login.php?type=customer&error=Invalid%20session.%20Please%20login%20again. | Speed: 7ms | IP: ::1
[19-Aug-2026 11:16:49 Europe/Berlin] [API_HIT] /khatalink/auth/login.php?type=customer&error=Invalid%20session.%20Please%20login%20again. | Speed: 7ms | IP: ::1
[19-Aug-2026 11:17:02 Europe/Berlin] [API_HIT] /khatalink/admin/shops.php | Speed: 5ms | IP: ::1
[19-Aug-2026 11:17:02 Europe/Berlin] [API_HIT] /khatalink/admin/login.php | Speed: 3ms | IP: ::1
[19-Aug-2026 11:17:06 Europe/Berlin] LOGIN_SUCCESS: User ID: 5, Type: admin, IP: ::1
[19-Aug-2026 11:17:06 Europe/Berlin] [API_HIT] /khatalink/admin/login.php | Speed: 89ms | IP: ::1
[19-Aug-2026 11:17:06 Europe/Berlin] [API_HIT] /khatalink/admin/dashboard.php | Speed: 9ms | IP: ::1
[19-Aug-2026 11:17:10 Europe/Berlin] [API_HIT] /khatalink/admin/shops.php | Speed: 32ms | IP: ::1
[19-Aug-2026 11:17:28 Europe/Berlin] [API_HIT] /khatalink/admin/mall_control.php | Speed: 9ms | IP: ::1
[19-Aug-2026 11:17:34 Europe/Berlin] [API_HIT] /khatalink/admin/manage_categories.php | Speed: 5ms | IP: ::1
[19-Aug-2026 11:17:40 Europe/Berlin] [API_HIT] /khatalink/admin/customers.php | Speed: 51ms | IP: ::1
[19-Aug-2026 11:17:43 Europe/Berlin] PHP Warning:  Undefined array key "page_url" in D:\xampp\htdocs\khatalink\admin\visitors.php on line 145
[19-Aug-2026 11:17:43 Europe/Berlin] PHP Warning:  Undefined array key "page_url" in D:\xampp\htdocs\khatalink\admin\visitors.php on line 146
[19-Aug-2026 11:17:43 Europe/Berlin] [API_HIT] /khatalink/admin/visitors.php | Speed: 13ms | IP: ::1
[19-Aug-2026 11:17:47 Europe/Berlin] [API_HIT] /khatalink/admin/dashboard.php | Speed: 9ms | IP: ::1
[19-Aug-2026 11:17:51 Europe/Berlin] [API_HIT] /khatalink/admin/manage_coupons.php | Speed: 11ms | IP: ::1
[19-Aug-2026 11:17:56 Europe/Berlin] [API_HIT] /khatalink/admin/dashboard.php | Speed: 11ms | IP: ::1
[19-Aug-2026 11:18:32 Europe/Berlin] [API_HIT] /khatalink/admin/hacker_terminal.php | Speed: 8ms | IP: ::1
[19-Aug-2026 11:18:39 Europe/Berlin] [API_HIT] /khatalink/admin/hacker_terminal.php | Speed: 5ms | IP: ::1
[19-Aug-2026 11:18:52 Europe/Berlin] [API_HIT] /khatalink/admin/hacker_terminal.php | Speed: 6ms | IP: ::1
[19-Aug-2026 11:19:01 Europe/Berlin] [API_HIT] /khatalink/admin/hacker_terminal.php | Speed: 4ms | IP: ::1
[19-Aug-2026 11:19:01 Europe/Berlin] [API_HIT] /khatalink/admin/hacker_terminal.php | Speed: 4ms | IP: ::1
[19-Aug-2026 11:19:22 Europe/Berlin] [API_HIT] /khatalink/auth/login.php?type=customer&error=Invalid%20session.%20Please%20login%20again. | Speed: 7ms | IP: ::1
[19-Aug-2026 11:21:12 Europe/Berlin] [API_HIT] /khatalink/admin/hacker_terminal.php | Speed: 5ms | IP: ::1
[19-Aug-2026 11:21:13 Europe/Berlin] [API_HIT] /khatalink/admin/dashboard.php | Speed: 16ms | IP: ::1
[19-Aug-2026 11:21:19 Europe/Berlin] [API_HIT] /khatalink/admin/mall_shops.php | Speed: 10ms | IP: ::1
[19-Aug-2026 11:21:24 Europe/Berlin] [API_HIT] /khatalink/admin/dashboard.php | Speed: 18ms | IP: ::1
[19-Aug-2026 11:25:35 Europe/Berlin] [API_HIT] /khatalink/admin/dashboard.php | Speed: 85ms | IP: ::1
[19-Aug-2026 11:25:40 Europe/Berlin] [API_HIT] /khatalink/admin/data_analytics.php | Speed: 15ms | IP: ::1
[19-Aug-2026 11:27:43 Europe/Berlin] [API_HIT] /khatalink/admin/dashboard.php | Speed: 22ms | IP: ::1
[19-Aug-2026 11:28:02 Europe/Berlin] [API_HIT] /khatalink/admin/dashboard.php | Speed: 19ms | IP: ::1
[19-Aug-2026 11:28:10 Europe/Berlin] [API_HIT] /khatalink/admin/geo_registry_manager.php | Speed: 25ms | IP: ::1
[19-Aug-2026 11:28:55 Europe/Berlin] [API_HIT] /khatalink/admin/dashboard.php | Speed: 15ms | IP: ::1
[19-Aug-2026 11:29:21 Europe/Berlin] PHP Fatal error:  Uncaught PDOException: SQLSTATE[42S22]: Column not found: 1054 Unknown column 'oi.product_name' in 'field list' in D:\xampp\htdocs\khatalink\admin\data_analytics.php:99
Stack trace:
#0 D:\xampp\htdocs\khatalink\admin\data_analytics.php(99): PDO->query('\r\n    SELECT oi...')
#1 {main}
  thrown in D:\xampp\htdocs\khatalink\admin\data_analytics.php on line 99
[19-Aug-2026 11:29:21 Europe/Berlin] [API_HIT] /khatalink/admin/data_analytics.php | Speed: 16ms | IP: ::1
[19-Aug-2026 11:34:02 Europe/Berlin] [API_HIT] /khatalink/admin/data_analytics.php | Speed: 26ms | IP: ::1
[19-Aug-2026 11:37:46 Europe/Berlin] [API_HIT] /khatalink/admin/data_analytics.php | Speed: 41ms | IP: ::1
[19-Aug-2026 11:37:49 Europe/Berlin] [API_HIT] /khatalink/admin/export_analytics_pdf.php?shop_id=0 | Speed: 8ms | IP: ::1
[19-Aug-2026 11:38:39 Europe/Berlin] [API_HIT] /khatalink/admin/dashboard.php | Speed: 24ms | IP: ::1
[19-Aug-2026 11:38:50 Europe/Berlin] [API_HIT] /khatalink/admin/shops.php | Speed: 43ms | IP: ::1
[19-Aug-2026 11:39:09 Europe/Berlin] [API_HIT] /khatalink/admin/shops.php | Speed: 152ms | IP: ::1
[19-Aug-2026 11:39:18 Europe/Berlin] [API_HIT] /khatalink/admin/shops.php | Speed: 24ms | IP: ::1
[19-Aug-2026 11:39:25 Europe/Berlin] [API_HIT] /khatalink/admin/dashboard.php | Speed: 7ms | IP: ::1
[19-Aug-2026 11:39:28 Europe/Berlin] [API_HIT] /khatalink/admin/customers.php | Speed: 45ms | IP: ::1
[19-Aug-2026 11:39:49 Europe/Berlin] [API_HIT] /khatalink/admin/customers.php | Speed: 83ms | IP: ::1
[19-Aug-2026 11:39:49 Europe/Berlin] [API_HIT] /khatalink/admin/customers.php?success=Customer%20added!%20Unique%20ID:%20CUST-2026-86A90E | Speed: 34ms | IP: ::1
[19-Aug-2026 11:39:57 Europe/Berlin] [API_HIT] /khatalink/auth/login.php?type=shop | Speed: 7ms | IP: ::1
[19-Aug-2026 11:40:08 Europe/Berlin] LOGIN_SUCCESS: User ID: 1, Type: shop (Web), IP: ::1
[19-Aug-2026 11:40:09 Europe/Berlin] FCM HTTP 200 Response for shop (ID: 1): {
  "name": "projects/khatalink-63041/messages/d3837f42-52f8-4ce8-ab88-9177d300fe22"
}

[19-Aug-2026 11:40:09 Europe/Berlin] [API_HIT] /khatalink/auth/login.php?type=shop | Speed: 1042ms | IP: ::1
[19-Aug-2026 15:10:09 Asia/Kolkata] [API_HIT] /khatalink/shop/dashboard.php | Speed: 44ms | IP: ::1
[19-Aug-2026 11:40:10 Europe/Berlin] [API_HIT] /khatalink/shop/ajax_save_token.php | Speed: 10ms | IP: ::1
[19-Aug-2026 11:40:47 Europe/Berlin] [API_HIT] /khatalink/auth/login.php | Speed: 90ms | IP: ::1
[19-Aug-2026 11:41:01 Europe/Berlin] LOGIN_SUCCESS: User ID: 1, Type: customer (Web), IP: ::1
[19-Aug-2026 11:41:02 Europe/Berlin] FCM HTTP 200 Response for customer (ID: 1): {
  "name": "projects/khatalink-63041/messages/193d3e90-abec-4351-84da-144f4ad70751"
}

[19-Aug-2026 11:41:02 Europe/Berlin] [API_HIT] /khatalink/auth/login.php | Speed: 898ms | IP: ::1
[19-Aug-2026 11:41:02 Europe/Berlin] [API_HIT] /khatalink/customer/dashboard.php | Speed: 50ms | IP: ::1
[19-Aug-2026 11:41:13 Europe/Berlin] [API_HIT] /khatalink/admin/dashboard.php | Speed: 16ms | IP: ::1
[19-Aug-2026 11:41:26 Europe/Berlin] [API_HIT] /khatalink/admin/data_analytics.php | Speed: 13ms | IP: ::1
[19-Aug-2026 11:41:38 Europe/Berlin] PHP Fatal error:  Uncaught PDOException: SQLSTATE[42S22]: Column not found: 1054 Unknown column 'created_at' in 'field list' in D:\xampp\htdocs\khatalink\admin\data_analytics.php:44
Stack trace:
#0 D:\xampp\htdocs\khatalink\admin\data_analytics.php(44): PDO->query('SELECT DATE(cre...')
#1 {main}
  thrown in D:\xampp\htdocs\khatalink\admin\data_analytics.php on line 44
[19-Aug-2026 11:41:38 Europe/Berlin] [API_HIT] /khatalink/admin/data_analytics.php?shop_id=1 | Speed: 11ms | IP: ::1
[19-Aug-2026 11:42:38 Europe/Berlin] PHP Fatal error:  Uncaught PDOException: SQLSTATE[42S22]: Column not found: 1054 Unknown column 'linked_at' in 'field list' in D:\xampp\htdocs\khatalink\admin\data_analytics.php:44
Stack trace:
#0 D:\xampp\htdocs\khatalink\admin\data_analytics.php(44): PDO->query('SELECT DATE(lin...')
#1 {main}
  thrown in D:\xampp\htdocs\khatalink\admin\data_analytics.php on line 44
[19-Aug-2026 11:42:38 Europe/Berlin] [API_HIT] /khatalink/admin/data_analytics.php?shop_id=1 | Speed: 11ms | IP: ::1
[19-Aug-2026 11:42:40 Europe/Berlin] PHP Fatal error:  Uncaught PDOException: SQLSTATE[42S22]: Column not found: 1054 Unknown column 'linked_at' in 'field list' in D:\xampp\htdocs\khatalink\admin\data_analytics.php:44
Stack trace:
#0 D:\xampp\htdocs\khatalink\admin\data_analytics.php(44): PDO->query('SELECT DATE(lin...')
#1 {main}
  thrown in D:\xampp\htdocs\khatalink\admin\data_analytics.php on line 44
[19-Aug-2026 11:42:40 Europe/Berlin] [API_HIT] /khatalink/admin/data_analytics.php?shop_id=1 | Speed: 9ms | IP: ::1
[19-Aug-2026 11:42:42 Europe/Berlin] PHP Fatal error:  Uncaught PDOException: SQLSTATE[42S22]: Column not found: 1054 Unknown column 'linked_at' in 'field list' in D:\xampp\htdocs\khatalink\admin\data_analytics.php:44
Stack trace:
#0 D:\xampp\htdocs\khatalink\admin\data_analytics.php(44): PDO->query('SELECT DATE(lin...')
#1 {main}
  thrown in D:\xampp\htdocs\khatalink\admin\data_analytics.php on line 44
[19-Aug-2026 11:42:42 Europe/Berlin] [API_HIT] /khatalink/admin/data_analytics.php?shop_id=1 | Speed: 5ms | IP: ::1
[19-Aug-2026 11:46:07 Europe/Berlin] PHP Fatal error:  Uncaught PDOException: SQLSTATE[42S22]: Column not found: 1054 Unknown column 'linked_at' in 'field list' in D:\xampp\htdocs\khatalink\admin\data_analytics.php:44
Stack trace:
#0 D:\xampp\htdocs\khatalink\admin\data_analytics.php(44): PDO->query('SELECT DATE(lin...')
#1 {main}
  thrown in D:\xampp\htdocs\khatalink\admin\data_analytics.php on line 44
[19-Aug-2026 11:46:07 Europe/Berlin] [API_HIT] /khatalink/admin/data_analytics.php?shop_id=1 | Speed: 19ms | IP: ::1
[19-Aug-2026 11:46:08 Europe/Berlin] PHP Fatal error:  Uncaught PDOException: SQLSTATE[42S22]: Column not found: 1054 Unknown column 'linked_at' in 'field list' in D:\xampp\htdocs\khatalink\admin\data_analytics.php:44
Stack trace:
#0 D:\xampp\htdocs\khatalink\admin\data_analytics.php(44): PDO->query('SELECT DATE(lin...')
#1 {main}
  thrown in D:\xampp\htdocs\khatalink\admin\data_analytics.php on line 44
[19-Aug-2026 11:46:08 Europe/Berlin] [API_HIT] /khatalink/admin/data_analytics.php?shop_id=1 | Speed: 9ms | IP: ::1
[19-Aug-2026 11:46:08 Europe/Berlin] PHP Fatal error:  Uncaught PDOException: SQLSTATE[42S22]: Column not found: 1054 Unknown column 'linked_at' in 'field list' in D:\xampp\htdocs\khatalink\admin\data_analytics.php:44
Stack trace:
#0 D:\xampp\htdocs\khatalink\admin\data_analytics.php(44): PDO->query('SELECT DATE(lin...')
#1 {main}
  thrown in D:\xampp\htdocs\khatalink\admin\data_analytics.php on line 44
[19-Aug-2026 11:46:08 Europe/Berlin] [API_HIT] /khatalink/admin/data_analytics.php?shop_id=1 | Speed: 4ms | IP: ::1
[19-Aug-2026 11:46:08 Europe/Berlin] PHP Fatal error:  Uncaught PDOException: SQLSTATE[42S22]: Column not found: 1054 Unknown column 'linked_at' in 'field list' in D:\xampp\htdocs\khatalink\admin\data_analytics.php:44
Stack trace:
#0 D:\xampp\htdocs\khatalink\admin\data_analytics.php(44): PDO->query('SELECT DATE(lin...')
#1 {main}
  thrown in D:\xampp\htdocs\khatalink\admin\data_analytics.php on line 44
[19-Aug-2026 11:46:08 Europe/Berlin] [API_HIT] /khatalink/admin/data_analytics.php?shop_id=1 | Speed: 6ms | IP: ::1
[19-Aug-2026 11:46:09 Europe/Berlin] PHP Fatal error:  Uncaught PDOException: SQLSTATE[42S22]: Column not found: 1054 Unknown column 'linked_at' in 'field list' in D:\xampp\htdocs\khatalink\admin\data_analytics.php:44
Stack trace:
#0 D:\xampp\htdocs\khatalink\admin\data_analytics.php(44): PDO->query('SELECT DATE(lin...')
#1 {main}
  thrown in D:\xampp\htdocs\khatalink\admin\data_analytics.php on line 44
[19-Aug-2026 11:46:09 Europe/Berlin] [API_HIT] /khatalink/admin/data_analytics.php?shop_id=1 | Speed: 6ms | IP: ::1
[19-Aug-2026 11:48:06 Europe/Berlin] PHP Fatal error:  Uncaught PDOException: SQLSTATE[42S22]: Column not found: 1054 Unknown column 'linked_at' in 'field list' in D:\xampp\htdocs\khatalink\admin\data_analytics.php:44
Stack trace:
#0 D:\xampp\htdocs\khatalink\admin\data_analytics.php(44): PDO->query('SELECT DATE(lin...')
#1 {main}
  thrown in D:\xampp\htdocs\khatalink\admin\data_analytics.php on line 44
[19-Aug-2026 11:48:06 Europe/Berlin] [API_HIT] /khatalink/admin/data_analytics.php?shop_id=1 | Speed: 16ms | IP: ::1
[19-Aug-2026 11:48:07 Europe/Berlin] PHP Fatal error:  Uncaught PDOException: SQLSTATE[42S22]: Column not found: 1054 Unknown column 'linked_at' in 'field list' in D:\xampp\htdocs\khatalink\admin\data_analytics.php:44
Stack trace:
#0 D:\xampp\htdocs\khatalink\admin\data_analytics.php(44): PDO->query('SELECT DATE(lin...')
#1 {main}
  thrown in D:\xampp\htdocs\khatalink\admin\data_analytics.php on line 44
[19-Aug-2026 11:48:07 Europe/Berlin] [API_HIT] /khatalink/admin/data_analytics.php?shop_id=1 | Speed: 9ms | IP: ::1
[19-Aug-2026 11:48:08 Europe/Berlin] PHP Fatal error:  Uncaught PDOException: SQLSTATE[42S22]: Column not found: 1054 Unknown column 'linked_at' in 'field list' in D:\xampp\htdocs\khatalink\admin\data_analytics.php:44
Stack trace:
#0 D:\xampp\htdocs\khatalink\admin\data_analytics.php(44): PDO->query('SELECT DATE(lin...')
#1 {main}
  thrown in D:\xampp\htdocs\khatalink\admin\data_analytics.php on line 44
[19-Aug-2026 11:48:08 Europe/Berlin] [API_HIT] /khatalink/admin/data_analytics.php?shop_id=1 | Speed: 6ms | IP: ::1
[19-Aug-2026 11:48:08 Europe/Berlin] PHP Fatal error:  Uncaught PDOException: SQLSTATE[42S22]: Column not found: 1054 Unknown column 'linked_at' in 'field list' in D:\xampp\htdocs\khatalink\admin\data_analytics.php:44
Stack trace:
#0 D:\xampp\htdocs\khatalink\admin\data_analytics.php(44): PDO->query('SELECT DATE(lin...')
#1 {main}
  thrown in D:\xampp\htdocs\khatalink\admin\data_analytics.php on line 44
[19-Aug-2026 11:48:08 Europe/Berlin] [API_HIT] /khatalink/admin/data_analytics.php?shop_id=1 | Speed: 5ms | IP: ::1
[19-Aug-2026 11:48:08 Europe/Berlin] PHP Fatal error:  Uncaught PDOException: SQLSTATE[42S22]: Column not found: 1054 Unknown column 'linked_at' in 'field list' in D:\xampp\htdocs\khatalink\admin\data_analytics.php:44
Stack trace:
#0 D:\xampp\htdocs\khatalink\admin\data_analytics.php(44): PDO->query('SELECT DATE(lin...')
#1 {main}
  thrown in D:\xampp\htdocs\khatalink\admin\data_analytics.php on line 44
[19-Aug-2026 11:48:08 Europe/Berlin] [API_HIT] /khatalink/admin/data_analytics.php?shop_id=1 | Speed: 6ms | IP: ::1
[19-Aug-2026 11:48:08 Europe/Berlin] PHP Fatal error:  Uncaught PDOException: SQLSTATE[42S22]: Column not found: 1054 Unknown column 'linked_at' in 'field list' in D:\xampp\htdocs\khatalink\admin\data_analytics.php:44
Stack trace:
#0 D:\xampp\htdocs\khatalink\admin\data_analytics.php(44): PDO->query('SELECT DATE(lin...')
#1 {main}
  thrown in D:\xampp\htdocs\khatalink\admin\data_analytics.php on line 44
[19-Aug-2026 11:48:08 Europe/Berlin] [API_HIT] /khatalink/admin/data_analytics.php?shop_id=1 | Speed: 5ms | IP: ::1
[19-Aug-2026 11:48:09 Europe/Berlin] PHP Fatal error:  Uncaught PDOException: SQLSTATE[42S22]: Column not found: 1054 Unknown column 'linked_at' in 'field list' in D:\xampp\htdocs\khatalink\admin\data_analytics.php:44
Stack trace:
#0 D:\xampp\htdocs\khatalink\admin\data_analytics.php(44): PDO->query('SELECT DATE(lin...')
#1 {main}
  thrown in D:\xampp\htdocs\khatalink\admin\data_analytics.php on line 44
[19-Aug-2026 11:48:09 Europe/Berlin] [API_HIT] /khatalink/admin/data_analytics.php?shop_id=1 | Speed: 7ms | IP: ::1
[19-Aug-2026 11:48:09 Europe/Berlin] PHP Fatal error:  Uncaught PDOException: SQLSTATE[42S22]: Column not found: 1054 Unknown column 'linked_at' in 'field list' in D:\xampp\htdocs\khatalink\admin\data_analytics.php:44
Stack trace:
#0 D:\xampp\htdocs\khatalink\admin\data_analytics.php(44): PDO->query('SELECT DATE(lin...')
#1 {main}
  thrown in D:\xampp\htdocs\khatalink\admin\data_analytics.php on line 44
[19-Aug-2026 11:48:09 Europe/Berlin] [API_HIT] /khatalink/admin/data_analytics.php?shop_id=1 | Speed: 9ms | IP: ::1
[19-Aug-2026 11:48:09 Europe/Berlin] PHP Fatal error:  Uncaught PDOException: SQLSTATE[42S22]: Column not found: 1054 Unknown column 'linked_at' in 'field list' in D:\xampp\htdocs\khatalink\admin\data_analytics.php:44
Stack trace:
#0 D:\xampp\htdocs\khatalink\admin\data_analytics.php(44): PDO->query('SELECT DATE(lin...')
#1 {main}
  thrown in D:\xampp\htdocs\khatalink\admin\data_analytics.php on line 44
[19-Aug-2026 11:48:09 Europe/Berlin] [API_HIT] /khatalink/admin/data_analytics.php?shop_id=1 | Speed: 4ms | IP: ::1
[19-Aug-2026 11:48:20 Europe/Berlin] PHP Fatal error:  Uncaught PDOException: SQLSTATE[42S22]: Column not found: 1054 Unknown column 'linked_at' in 'field list' in D:\xampp\htdocs\khatalink\admin\data_analytics.php:44
Stack trace:
#0 D:\xampp\htdocs\khatalink\admin\data_analytics.php(44): PDO->query('SELECT DATE(lin...')
#1 {main}
  thrown in D:\xampp\htdocs\khatalink\admin\data_analytics.php on line 44
[19-Aug-2026 11:48:20 Europe/Berlin] [API_HIT] /khatalink/admin/data_analytics.php?shop_id=1 | Speed: 8ms | IP: ::1
[19-Aug-2026 11:50:04 Europe/Berlin] PHP Fatal error:  Uncaught PDOException: SQLSTATE[42S22]: Column not found: 1054 Unknown column 'linked_at' in 'where clause' in D:\xampp\htdocs\khatalink\admin\data_analytics.php:44
Stack trace:
#0 D:\xampp\htdocs\khatalink\admin\data_analytics.php(44): PDO->query('SELECT DATE(add...')
#1 {main}
  thrown in D:\xampp\htdocs\khatalink\admin\data_analytics.php on line 44
[19-Aug-2026 11:50:04 Europe/Berlin] [API_HIT] /khatalink/admin/data_analytics.php?shop_id=1 | Speed: 15ms | IP: ::1
[19-Aug-2026 11:50:05 Europe/Berlin] PHP Fatal error:  Uncaught PDOException: SQLSTATE[42S22]: Column not found: 1054 Unknown column 'linked_at' in 'where clause' in D:\xampp\htdocs\khatalink\admin\data_analytics.php:44
Stack trace:
#0 D:\xampp\htdocs\khatalink\admin\data_analytics.php(44): PDO->query('SELECT DATE(add...')
#1 {main}
  thrown in D:\xampp\htdocs\khatalink\admin\data_analytics.php on line 44
[19-Aug-2026 11:50:05 Europe/Berlin] [API_HIT] /khatalink/admin/data_analytics.php?shop_id=1 | Speed: 6ms | IP: ::1
[19-Aug-2026 11:50:05 Europe/Berlin] PHP Fatal error:  Uncaught PDOException: SQLSTATE[42S22]: Column not found: 1054 Unknown column 'linked_at' in 'where clause' in D:\xampp\htdocs\khatalink\admin\data_analytics.php:44
Stack trace:
#0 D:\xampp\htdocs\khatalink\admin\data_analytics.php(44): PDO->query('SELECT DATE(add...')
#1 {main}
  thrown in D:\xampp\htdocs\khatalink\admin\data_analytics.php on line 44
[19-Aug-2026 11:50:05 Europe/Berlin] [API_HIT] /khatalink/admin/data_analytics.php?shop_id=1 | Speed: 12ms | IP: ::1
[19-Aug-2026 11:50:05 Europe/Berlin] PHP Fatal error:  Uncaught PDOException: SQLSTATE[42S22]: Column not found: 1054 Unknown column 'linked_at' in 'where clause' in D:\xampp\htdocs\khatalink\admin\data_analytics.php:44
Stack trace:
#0 D:\xampp\htdocs\khatalink\admin\data_analytics.php(44): PDO->query('SELECT DATE(add...')
#1 {main}
  thrown in D:\xampp\htdocs\khatalink\admin\data_analytics.php on line 44
[19-Aug-2026 11:50:05 Europe/Berlin] [API_HIT] /khatalink/admin/data_analytics.php?shop_id=1 | Speed: 12ms | IP: ::1
[19-Aug-2026 11:50:06 Europe/Berlin] PHP Fatal error:  Uncaught PDOException: SQLSTATE[42S22]: Column not found: 1054 Unknown column 'linked_at' in 'where clause' in D:\xampp\htdocs\khatalink\admin\data_analytics.php:44
Stack trace:
#0 D:\xampp\htdocs\khatalink\admin\data_analytics.php(44): PDO->query('SELECT DATE(add...')
#1 {main}
  thrown in D:\xampp\htdocs\khatalink\admin\data_analytics.php on line 44
[19-Aug-2026 11:50:06 Europe/Berlin] [API_HIT] /khatalink/admin/data_analytics.php?shop_id=1 | Speed: 4ms | IP: ::1
[19-Aug-2026 11:50:06 Europe/Berlin] PHP Fatal error:  Uncaught PDOException: SQLSTATE[42S22]: Column not found: 1054 Unknown column 'linked_at' in 'where clause' in D:\xampp\htdocs\khatalink\admin\data_analytics.php:44
Stack trace:
#0 D:\xampp\htdocs\khatalink\admin\data_analytics.php(44): PDO->query('SELECT DATE(add...')
#1 {main}
  thrown in D:\xampp\htdocs\khatalink\admin\data_analytics.php on line 44
[19-Aug-2026 11:50:06 Europe/Berlin] [API_HIT] /khatalink/admin/data_analytics.php?shop_id=1 | Speed: 8ms | IP: ::1
[19-Aug-2026 11:50:06 Europe/Berlin] PHP Fatal error:  Uncaught PDOException: SQLSTATE[42S22]: Column not found: 1054 Unknown column 'linked_at' in 'where clause' in D:\xampp\htdocs\khatalink\admin\data_analytics.php:44
Stack trace:
#0 D:\xampp\htdocs\khatalink\admin\data_analytics.php(44): PDO->query('SELECT DATE(add...')
#1 {main}
  thrown in D:\xampp\htdocs\khatalink\admin\data_analytics.php on line 44
[19-Aug-2026 11:50:06 Europe/Berlin] [API_HIT] /khatalink/admin/data_analytics.php?shop_id=1 | Speed: 5ms | IP: ::1
[19-Aug-2026 11:50:06 Europe/Berlin] PHP Fatal error:  Uncaught PDOException: SQLSTATE[42S22]: Column not found: 1054 Unknown column 'linked_at' in 'where clause' in D:\xampp\htdocs\khatalink\admin\data_analytics.php:44
Stack trace:
#0 D:\xampp\htdocs\khatalink\admin\data_analytics.php(44): PDO->query('SELECT DATE(add...')
#1 {main}
  thrown in D:\xampp\htdocs\khatalink\admin\data_analytics.php on line 44
[19-Aug-2026 11:50:06 Europe/Berlin] [API_HIT] /khatalink/admin/data_analytics.php?shop_id=1 | Speed: 6ms | IP: ::1
[19-Aug-2026 11:50:07 Europe/Berlin] PHP Fatal error:  Uncaught PDOException: SQLSTATE[42S22]: Column not found: 1054 Unknown column 'linked_at' in 'where clause' in D:\xampp\htdocs\khatalink\admin\data_analytics.php:44
Stack trace:
#0 D:\xampp\htdocs\khatalink\admin\data_analytics.php(44): PDO->query('SELECT DATE(add...')
#1 {main}
  thrown in D:\xampp\htdocs\khatalink\admin\data_analytics.php on line 44
[19-Aug-2026 11:50:07 Europe/Berlin] [API_HIT] /khatalink/admin/data_analytics.php?shop_id=1 | Speed: 10ms | IP: ::1
[19-Aug-2026 11:50:07 Europe/Berlin] PHP Fatal error:  Uncaught PDOException: SQLSTATE[42S22]: Column not found: 1054 Unknown column 'linked_at' in 'where clause' in D:\xampp\htdocs\khatalink\admin\data_analytics.php:44
Stack trace:
#0 D:\xampp\htdocs\khatalink\admin\data_analytics.php(44): PDO->query('SELECT DATE(add...')
#1 {main}
  thrown in D:\xampp\htdocs\khatalink\admin\data_analytics.php on line 44
[19-Aug-2026 11:50:07 Europe/Berlin] [API_HIT] /khatalink/admin/data_analytics.php?shop_id=1 | Speed: 9ms | IP: ::1
[19-Aug-2026 11:53:42 Europe/Berlin] [API_HIT] /khatalink/admin/data_analytics.php?shop_id=1 | Speed: 39ms | IP: ::1
[19-Aug-2026 11:53:54 Europe/Berlin] PHP Fatal error:  Uncaught PDOException: SQLSTATE[42S22]: Column not found: 1054 Unknown column 'o.shop_id' in 'where clause' in D:\xampp\htdocs\khatalink\admin\export_analytics_pdf.php:31
Stack trace:
#0 D:\xampp\htdocs\khatalink\admin\export_analytics_pdf.php(31): PDO->query('\r\n    SELECT DA...')
#1 {main}
  thrown in D:\xampp\htdocs\khatalink\admin\export_analytics_pdf.php on line 31
[19-Aug-2026 11:53:54 Europe/Berlin] [API_HIT] /khatalink/admin/export_analytics_pdf.php?shop_id=1 | Speed: 7ms | IP: ::1
[19-Aug-2026 11:56:20 Europe/Berlin] [API_HIT] /khatalink/admin/export_analytics_pdf.php?shop_id=1 | Speed: 15ms | IP: ::1
[19-Aug-2026 11:56:29 Europe/Berlin] [API_HIT] /khatalink/admin/dashboard.php | Speed: 22ms | IP: ::1
[19-Aug-2026 11:56:37 Europe/Berlin] [API_HIT] /khatalink/admin/error_monitoring.php | Speed: 19ms | IP: ::1
[19-Aug-2026 15:33:46 Asia/Kolkata] [API_HIT] /khatalink/shop/dashboard.php | Speed: 117ms | IP: ::1
[19-Aug-2026 12:03:47 Europe/Berlin] [API_HIT] /khatalink/shop/ajax_save_token.php | Speed: 30ms | IP: ::1
[19-Aug-2026 12:03:49 Europe/Berlin] [API_HIT] /khatalink/admin/dashboard.php | Speed: 26ms | IP: ::1
[19-Aug-2026 12:03:53 Europe/Berlin] PHP Warning:  Undefined variable $start_date in D:\xampp\htdocs\khatalink\admin\data_analytics.php on line 69
[19-Aug-2026 12:03:53 Europe/Berlin] PHP Warning:  Undefined variable $end_date in D:\xampp\htdocs\khatalink\admin\data_analytics.php on line 69
[19-Aug-2026 12:03:53 Europe/Berlin] PHP Warning:  Undefined variable $shop_where_clause in D:\xampp\htdocs\khatalink\admin\data_analytics.php on line 82
[19-Aug-2026 12:03:53 Europe/Berlin] PHP Warning:  Undefined variable $start_date in D:\xampp\htdocs\khatalink\admin\data_analytics.php on line 87
[19-Aug-2026 12:03:53 Europe/Berlin] PHP Warning:  Undefined variable $end_date in D:\xampp\htdocs\khatalink\admin\data_analytics.php on line 87
[19-Aug-2026 12:03:53 Europe/Berlin] PHP Warning:  Undefined variable $params in D:\xampp\htdocs\khatalink\admin\data_analytics.php on line 87
[19-Aug-2026 12:03:53 Europe/Berlin] PHP Fatal error:  Uncaught TypeError: array_merge(): Argument #2 must be of type array, null given in D:\xampp\htdocs\khatalink\admin\data_analytics.php:87
Stack trace:
#0 D:\xampp\htdocs\khatalink\admin\data_analytics.php(87): array_merge(Array, NULL)
#1 {main}
  thrown in D:\xampp\htdocs\khatalink\admin\data_analytics.php on line 87
[19-Aug-2026 12:03:53 Europe/Berlin] [API_HIT] /khatalink/admin/data_analytics.php | Speed: 19ms | IP: ::1
[19-Aug-2026 12:05:38 Europe/Berlin] PHP Warning:  Undefined variable $start_date in D:\xampp\htdocs\khatalink\admin\data_analytics.php on line 69
[19-Aug-2026 12:05:38 Europe/Berlin] PHP Warning:  Undefined variable $end_date in D:\xampp\htdocs\khatalink\admin\data_analytics.php on line 69
[19-Aug-2026 12:05:38 Europe/Berlin] PHP Warning:  Undefined variable $shop_where_clause in D:\xampp\htdocs\khatalink\admin\data_analytics.php on line 82
[19-Aug-2026 12:05:38 Europe/Berlin] PHP Warning:  Undefined variable $start_date in D:\xampp\htdocs\khatalink\admin\data_analytics.php on line 87
[19-Aug-2026 12:05:38 Europe/Berlin] PHP Warning:  Undefined variable $end_date in D:\xampp\htdocs\khatalink\admin\data_analytics.php on line 87
[19-Aug-2026 12:05:38 Europe/Berlin] PHP Warning:  Undefined variable $params in D:\xampp\htdocs\khatalink\admin\data_analytics.php on line 87
[19-Aug-2026 12:05:38 Europe/Berlin] PHP Fatal error:  Uncaught TypeError: array_merge(): Argument #2 must be of type array, null given in D:\xampp\htdocs\khatalink\admin\data_analytics.php:87
Stack trace:
#0 D:\xampp\htdocs\khatalink\admin\data_analytics.php(87): array_merge(Array, NULL)
#1 {main}
  thrown in D:\xampp\htdocs\khatalink\admin\data_analytics.php on line 87
[19-Aug-2026 12:05:38 Europe/Berlin] [API_HIT] /khatalink/admin/data_analytics.php | Speed: 16ms | IP: ::1
[19-Aug-2026 12:05:39 Europe/Berlin] PHP Warning:  Undefined variable $start_date in D:\xampp\htdocs\khatalink\admin\data_analytics.php on line 69
[19-Aug-2026 12:05:39 Europe/Berlin] PHP Warning:  Undefined variable $end_date in D:\xampp\htdocs\khatalink\admin\data_analytics.php on line 69
[19-Aug-2026 12:05:39 Europe/Berlin] PHP Warning:  Undefined variable $shop_where_clause in D:\xampp\htdocs\khatalink\admin\data_analytics.php on line 82
[19-Aug-2026 12:05:39 Europe/Berlin] PHP Warning:  Undefined variable $start_date in D:\xampp\htdocs\khatalink\admin\data_analytics.php on line 87
[19-Aug-2026 12:05:39 Europe/Berlin] PHP Warning:  Undefined variable $end_date in D:\xampp\htdocs\khatalink\admin\data_analytics.php on line 87
[19-Aug-2026 12:05:39 Europe/Berlin] PHP Warning:  Undefined variable $params in D:\xampp\htdocs\khatalink\admin\data_analytics.php on line 87
[19-Aug-2026 12:05:39 Europe/Berlin] PHP Fatal error:  Uncaught TypeError: array_merge(): Argument #2 must be of type array, null given in D:\xampp\htdocs\khatalink\admin\data_analytics.php:87
Stack trace:
#0 D:\xampp\htdocs\khatalink\admin\data_analytics.php(87): array_merge(Array, NULL)
#1 {main}
  thrown in D:\xampp\htdocs\khatalink\admin\data_analytics.php on line 87
[19-Aug-2026 12:05:39 Europe/Berlin] [API_HIT] /khatalink/admin/data_analytics.php | Speed: 17ms | IP: ::1
[19-Aug-2026 12:05:39 Europe/Berlin] PHP Warning:  Undefined variable $start_date in D:\xampp\htdocs\khatalink\admin\data_analytics.php on line 69
[19-Aug-2026 12:05:39 Europe/Berlin] PHP Warning:  Undefined variable $end_date in D:\xampp\htdocs\khatalink\admin\data_analytics.php on line 69
[19-Aug-2026 12:05:39 Europe/Berlin] PHP Warning:  Undefined variable $shop_where_clause in D:\xampp\htdocs\khatalink\admin\data_analytics.php on line 82
[19-Aug-2026 12:05:39 Europe/Berlin] PHP Warning:  Undefined variable $start_date in D:\xampp\htdocs\khatalink\admin\data_analytics.php on line 87
[19-Aug-2026 12:05:39 Europe/Berlin] PHP Warning:  Undefined variable $end_date in D:\xampp\htdocs\khatalink\admin\data_analytics.php on line 87
[19-Aug-2026 12:05:39 Europe/Berlin] PHP Warning:  Undefined variable $params in D:\xampp\htdocs\khatalink\admin\data_analytics.php on line 87
[19-Aug-2026 12:05:39 Europe/Berlin] PHP Fatal error:  Uncaught TypeError: array_merge(): Argument #2 must be of type array, null given in D:\xampp\htdocs\khatalink\admin\data_analytics.php:87
Stack trace:
#0 D:\xampp\htdocs\khatalink\admin\data_analytics.php(87): array_merge(Array, NULL)
#1 {main}
  thrown in D:\xampp\htdocs\khatalink\admin\data_analytics.php on line 87
[19-Aug-2026 12:05:39 Europe/Berlin] [API_HIT] /khatalink/admin/data_analytics.php | Speed: 13ms | IP: ::1
[19-Aug-2026 12:05:39 Europe/Berlin] PHP Warning:  Undefined variable $start_date in D:\xampp\htdocs\khatalink\admin\data_analytics.php on line 69
[19-Aug-2026 12:05:39 Europe/Berlin] PHP Warning:  Undefined variable $end_date in D:\xampp\htdocs\khatalink\admin\data_analytics.php on line 69
[19-Aug-2026 12:05:39 Europe/Berlin] PHP Warning:  Undefined variable $shop_where_clause in D:\xampp\htdocs\khatalink\admin\data_analytics.php on line 82
[19-Aug-2026 12:05:39 Europe/Berlin] PHP Warning:  Undefined variable $start_date in D:\xampp\htdocs\khatalink\admin\data_analytics.php on line 87
[19-Aug-2026 12:05:39 Europe/Berlin] PHP Warning:  Undefined variable $end_date in D:\xampp\htdocs\khatalink\admin\data_analytics.php on line 87
[19-Aug-2026 12:05:39 Europe/Berlin] PHP Warning:  Undefined variable $params in D:\xampp\htdocs\khatalink\admin\data_analytics.php on line 87
[19-Aug-2026 12:05:39 Europe/Berlin] PHP Fatal error:  Uncaught TypeError: array_merge(): Argument #2 must be of type array, null given in D:\xampp\htdocs\khatalink\admin\data_analytics.php:87
Stack trace:
#0 D:\xampp\htdocs\khatalink\admin\data_analytics.php(87): array_merge(Array, NULL)
#1 {main}
  thrown in D:\xampp\htdocs\khatalink\admin\data_analytics.php on line 87
[19-Aug-2026 12:05:39 Europe/Berlin] [API_HIT] /khatalink/admin/data_analytics.php | Speed: 11ms | IP: ::1
[19-Aug-2026 12:05:39 Europe/Berlin] PHP Warning:  Undefined variable $start_date in D:\xampp\htdocs\khatalink\admin\data_analytics.php on line 69
[19-Aug-2026 12:05:39 Europe/Berlin] PHP Warning:  Undefined variable $end_date in D:\xampp\htdocs\khatalink\admin\data_analytics.php on line 69
[19-Aug-2026 12:05:39 Europe/Berlin] PHP Warning:  Undefined variable $shop_where_clause in D:\xampp\htdocs\khatalink\admin\data_analytics.php on line 82
[19-Aug-2026 12:05:39 Europe/Berlin] PHP Warning:  Undefined variable $start_date in D:\xampp\htdocs\khatalink\admin\data_analytics.php on line 87
[19-Aug-2026 12:05:39 Europe/Berlin] PHP Warning:  Undefined variable $end_date in D:\xampp\htdocs\khatalink\admin\data_analytics.php on line 87
[19-Aug-2026 12:05:39 Europe/Berlin] PHP Warning:  Undefined variable $params in D:\xampp\htdocs\khatalink\admin\data_analytics.php on line 87
[19-Aug-2026 12:05:39 Europe/Berlin] PHP Fatal error:  Uncaught TypeError: array_merge(): Argument #2 must be of type array, null given in D:\xampp\htdocs\khatalink\admin\data_analytics.php:87
Stack trace:
#0 D:\xampp\htdocs\khatalink\admin\data_analytics.php(87): array_merge(Array, NULL)
#1 {main}
  thrown in D:\xampp\htdocs\khatalink\admin\data_analytics.php on line 87
[19-Aug-2026 12:05:39 Europe/Berlin] [API_HIT] /khatalink/admin/data_analytics.php | Speed: 13ms | IP: ::1
[19-Aug-2026 12:05:39 Europe/Berlin] PHP Warning:  Undefined variable $start_date in D:\xampp\htdocs\khatalink\admin\data_analytics.php on line 69
[19-Aug-2026 12:05:39 Europe/Berlin] PHP Warning:  Undefined variable $end_date in D:\xampp\htdocs\khatalink\admin\data_analytics.php on line 69
[19-Aug-2026 12:05:39 Europe/Berlin] PHP Warning:  Undefined variable $shop_where_clause in D:\xampp\htdocs\khatalink\admin\data_analytics.php on line 82
[19-Aug-2026 12:05:39 Europe/Berlin] PHP Warning:  Undefined variable $start_date in D:\xampp\htdocs\khatalink\admin\data_analytics.php on line 87
[19-Aug-2026 12:05:39 Europe/Berlin] PHP Warning:  Undefined variable $end_date in D:\xampp\htdocs\khatalink\admin\data_analytics.php on line 87
[19-Aug-2026 12:05:39 Europe/Berlin] PHP Warning:  Undefined variable $params in D:\xampp\htdocs\khatalink\admin\data_analytics.php on line 87
[19-Aug-2026 12:05:39 Europe/Berlin] PHP Fatal error:  Uncaught TypeError: array_merge(): Argument #2 must be of type array, null given in D:\xampp\htdocs\khatalink\admin\data_analytics.php:87
Stack trace:
#0 D:\xampp\htdocs\khatalink\admin\data_analytics.php(87): array_merge(Array, NULL)
#1 {main}
  thrown in D:\xampp\htdocs\khatalink\admin\data_analytics.php on line 87
[19-Aug-2026 12:05:39 Europe/Berlin] [API_HIT] /khatalink/admin/data_analytics.php | Speed: 12ms | IP: ::1
[19-Aug-2026 12:05:39 Europe/Berlin] PHP Warning:  Undefined variable $start_date in D:\xampp\htdocs\khatalink\admin\data_analytics.php on line 69
[19-Aug-2026 12:05:39 Europe/Berlin] PHP Warning:  Undefined variable $end_date in D:\xampp\htdocs\khatalink\admin\data_analytics.php on line 69
[19-Aug-2026 12:05:39 Europe/Berlin] PHP Warning:  Undefined variable $shop_where_clause in D:\xampp\htdocs\khatalink\admin\data_analytics.php on line 82
[19-Aug-2026 12:05:39 Europe/Berlin] PHP Warning:  Undefined variable $start_date in D:\xampp\htdocs\khatalink\admin\data_analytics.php on line 87
[19-Aug-2026 12:05:39 Europe/Berlin] PHP Warning:  Undefined variable $end_date in D:\xampp\htdocs\khatalink\admin\data_analytics.php on line 87
[19-Aug-2026 12:05:39 Europe/Berlin] PHP Warning:  Undefined variable $params in D:\xampp\htdocs\khatalink\admin\data_analytics.php on line 87
[19-Aug-2026 12:05:39 Europe/Berlin] PHP Fatal error:  Uncaught TypeError: array_merge(): Argument #2 must be of type array, null given in D:\xampp\htdocs\khatalink\admin\data_analytics.php:87
Stack trace:
#0 D:\xampp\htdocs\khatalink\admin\data_analytics.php(87): array_merge(Array, NULL)
#1 {main}
  thrown in D:\xampp\htdocs\khatalink\admin\data_analytics.php on line 87
[19-Aug-2026 12:05:39 Europe/Berlin] [API_HIT] /khatalink/admin/data_analytics.php | Speed: 11ms | IP: ::1
[19-Aug-2026 12:05:39 Europe/Berlin] PHP Warning:  Undefined variable $start_date in D:\xampp\htdocs\khatalink\admin\data_analytics.php on line 69
[19-Aug-2026 12:05:39 Europe/Berlin] PHP Warning:  Undefined variable $end_date in D:\xampp\htdocs\khatalink\admin\data_analytics.php on line 69
[19-Aug-2026 12:05:39 Europe/Berlin] PHP Warning:  Undefined variable $shop_where_clause in D:\xampp\htdocs\khatalink\admin\data_analytics.php on line 82
[19-Aug-2026 12:05:39 Europe/Berlin] PHP Warning:  Undefined variable $start_date in D:\xampp\htdocs\khatalink\admin\data_analytics.php on line 87
[19-Aug-2026 12:05:39 Europe/Berlin] PHP Warning:  Undefined variable $end_date in D:\xampp\htdocs\khatalink\admin\data_analytics.php on line 87
[19-Aug-2026 12:05:39 Europe/Berlin] PHP Warning:  Undefined variable $params in D:\xampp\htdocs\khatalink\admin\data_analytics.php on line 87
[19-Aug-2026 12:05:39 Europe/Berlin] PHP Fatal error:  Uncaught TypeError: array_merge(): Argument #2 must be of type array, null given in D:\xampp\htdocs\khatalink\admin\data_analytics.php:87
Stack trace:
#0 D:\xampp\htdocs\khatalink\admin\data_analytics.php(87): array_merge(Array, NULL)
#1 {main}
  thrown in D:\xampp\htdocs\khatalink\admin\data_analytics.php on line 87
[19-Aug-2026 12:05:39 Europe/Berlin] [API_HIT] /khatalink/admin/data_analytics.php | Speed: 12ms | IP: ::1
[19-Aug-2026 12:05:39 Europe/Berlin] PHP Warning:  Undefined variable $start_date in D:\xampp\htdocs\khatalink\admin\data_analytics.php on line 69
[19-Aug-2026 12:05:39 Europe/Berlin] PHP Warning:  Undefined variable $end_date in D:\xampp\htdocs\khatalink\admin\data_analytics.php on line 69
[19-Aug-2026 12:05:40 Europe/Berlin] PHP Warning:  Undefined variable $shop_where_clause in D:\xampp\htdocs\khatalink\admin\data_analytics.php on line 82
[19-Aug-2026 12:05:40 Europe/Berlin] PHP Warning:  Undefined variable $start_date in D:\xampp\htdocs\khatalink\admin\data_analytics.php on line 87
[19-Aug-2026 12:05:40 Europe/Berlin] PHP Warning:  Undefined variable $end_date in D:\xampp\htdocs\khatalink\admin\data_analytics.php on line 87
[19-Aug-2026 12:05:40 Europe/Berlin] PHP Warning:  Undefined variable $params in D:\xampp\htdocs\khatalink\admin\data_analytics.php on line 87
[19-Aug-2026 12:05:40 Europe/Berlin] PHP Fatal error:  Uncaught TypeError: array_merge(): Argument #2 must be of type array, null given in D:\xampp\htdocs\khatalink\admin\data_analytics.php:87
Stack trace:
#0 D:\xampp\htdocs\khatalink\admin\data_analytics.php(87): array_merge(Array, NULL)
#1 {main}
  thrown in D:\xampp\htdocs\khatalink\admin\data_analytics.php on line 87
[19-Aug-2026 12:05:40 Europe/Berlin] [API_HIT] /khatalink/admin/data_analytics.php | Speed: 13ms | IP: ::1
[19-Aug-2026 12:07:04 Europe/Berlin] [API_HIT] /khatalink/admin/data_analytics.php | Speed: 137ms | IP: ::1
[19-Aug-2026 12:07:11 Europe/Berlin] PHP Warning:  Undefined variable $shop_where_clause in D:\xampp\htdocs\khatalink\admin\export_analytics_pdf.php on line 97
[19-Aug-2026 12:07:11 Europe/Berlin] PHP Warning:  Undefined variable $params in D:\xampp\htdocs\khatalink\admin\export_analytics_pdf.php on line 102
[19-Aug-2026 12:07:11 Europe/Berlin] PHP Fatal error:  Uncaught TypeError: array_merge(): Argument #2 must be of type array, null given in D:\xampp\htdocs\khatalink\admin\export_analytics_pdf.php:102
Stack trace:
#0 D:\xampp\htdocs\khatalink\admin\export_analytics_pdf.php(102): array_merge(Array, NULL)
#1 {main}
  thrown in D:\xampp\htdocs\khatalink\admin\export_analytics_pdf.php on line 102
[19-Aug-2026 12:07:11 Europe/Berlin] [API_HIT] /khatalink/admin/export_analytics_pdf.php?shop_id=0&start_date=2026-07-21&end_date=2026-08-19 | Speed: 10ms | IP: ::1
[19-Aug-2026 12:09:26 Europe/Berlin] [API_HIT] /khatalink/admin/export_analytics_pdf.php?shop_id=0&start_date=2026-07-21&end_date=2026-08-19 | Speed: 18ms | IP: ::1
[19-Aug-2026 12:09:40 Europe/Berlin] [API_HIT] /khatalink/admin/dashboard.php | Speed: 21ms | IP: ::1
[19-Aug-2026 17:39:24 Europe/Berlin] [API_HIT] /khatalink/admin/dashboard.php | Speed: 386ms | IP: ::1
[19-Aug-2026 17:39:24 Europe/Berlin] [API_HIT] /khatalink/admin/login.php | Speed: 21ms | IP: ::1
[19-Aug-2026 17:39:29 Europe/Berlin] [API_HIT] /khatalink/admin/login.php | Speed: 9ms | IP: ::1
[19-Aug-2026 20:02:59 Europe/Berlin] LOGIN_SUCCESS: User ID: 5, Type: admin, IP: ::1
[19-Aug-2026 20:02:59 Europe/Berlin] [API_HIT] /khatalink/admin/login.php | Speed: 305ms | IP: ::1
[19-Aug-2026 20:02:59 Europe/Berlin] [API_HIT] /khatalink/admin/dashboard.php | Speed: 37ms | IP: ::1
[19-Aug-2026 20:24:31 Europe/Berlin] [API_HIT] /khatalink/admin/db_explorer.php | Speed: 23ms | IP: ::1
[19-Aug-2026 20:24:44 Europe/Berlin] [API_HIT] /khatalink/admin/db_explorer.php | Speed: 5ms | IP: ::1
[20-Aug-2026 00:00:02 Asia/Kolkata] [API_HIT] /khatalink/shop/dashboard.php | Speed: 624ms | IP: ::1
[19-Aug-2026 20:30:02 Europe/Berlin] [API_HIT] /khatalink/auth/login.php?type=shop | Speed: 33ms | IP: ::1
[19-Aug-2026 20:30:06 Europe/Berlin] [API_HIT] /khatalink/auth/login.php?type=shop | Speed: 654ms | IP: ::1
[19-Aug-2026 20:30:17 Europe/Berlin] [API_HIT] /khatalink/auth/login.php?type=shop | Speed: 115ms | IP: ::1
[19-Aug-2026 20:30:59 Europe/Berlin] [API_HIT] /khatalink/auth/login.php?type=shop | Speed: 24ms | IP: ::1
[19-Aug-2026 20:31:02 Europe/Berlin] [API_HIT] /khatalink/auth/login.php?type=shop | Speed: 696ms | IP: ::1
[19-Aug-2026 20:31:11 Europe/Berlin] [API_HIT] /khatalink/auth/login.php?type=shop | Speed: 20ms | IP: ::1
[19-Aug-2026 20:31:25 Europe/Berlin] [API_HIT] /khatalink/auth/login.php?type=shop | Speed: 13ms | IP: ::1
[19-Aug-2026 20:31:38 Europe/Berlin] [API_HIT] /khatalink/admin/db_explorer.php | Speed: 6ms | IP: ::1
[19-Aug-2026 20:31:42 Europe/Berlin] [API_HIT] /khatalink/admin/dashboard.php | Speed: 90ms | IP: ::1
[19-Aug-2026 20:31:48 Europe/Berlin] [API_HIT] /khatalink/admin/shops.php | Speed: 166ms | IP: ::1
[19-Aug-2026 20:32:04 Europe/Berlin] LOGIN_SUCCESS: User ID: 1, Type: shop (Web), IP: ::1
[19-Aug-2026 20:32:07 Europe/Berlin] FCM HTTP 200 Response for shop (ID: 1): {
  "name": "projects/khatalink-63041/messages/e200bc34-a788-47cd-87e4-e3b75154090f"
}

[19-Aug-2026 20:32:07 Europe/Berlin] [API_HIT] /khatalink/auth/login.php?type=shop | Speed: 4490ms | IP: ::1
[20-Aug-2026 00:02:08 Asia/Kolkata] PHP Warning:  Undefined variable $current_page in D:\xampp\htdocs\khatalink\shop\dashboard.php on line 503
[20-Aug-2026 00:02:08 Asia/Kolkata] [API_HIT] /khatalink/shop/dashboard.php | Speed: 551ms | IP: ::1
[19-Aug-2026 20:32:09 Europe/Berlin] [API_HIT] /khatalink/shop/ajax_save_token.php | Speed: 34ms | IP: ::1
[20-Aug-2026 00:02:20 Asia/Kolkata] PHP Warning:  Undefined variable $current_page in D:\xampp\htdocs\khatalink\shop\dashboard.php on line 503
[20-Aug-2026 00:02:20 Asia/Kolkata] [API_HIT] /khatalink/shop/dashboard.php | Speed: 83ms | IP: ::1
[19-Aug-2026 20:32:21 Europe/Berlin] [API_HIT] /khatalink/shop/ajax_save_token.php | Speed: 39ms | IP: ::1
[19-Aug-2026 20:34:46 Europe/Berlin] [API_HIT] /khatalink/shop/promotions.php | Speed: 127ms | IP: ::1
[19-Aug-2026 20:43:15 Europe/Berlin] [API_HIT] /khatalink/shop/create_promotion.php | Speed: 94ms | IP: ::1
[20-Aug-2026 00:14:43 Asia/Kolkata] PHP Warning:  Undefined variable $current_page in D:\xampp\htdocs\khatalink\shop\dashboard.php on line 503
[20-Aug-2026 00:14:43 Asia/Kolkata] [API_HIT] /khatalink/shop/dashboard.php | Speed: 369ms | IP: ::1
[19-Aug-2026 20:44:44 Europe/Berlin] [API_HIT] /khatalink/shop/ajax_save_token.php | Speed: 18ms | IP: ::1
[19-Aug-2026 20:44:54 Europe/Berlin] [API_HIT] /khatalink/auth/login.php?type=customer | Speed: 5ms | IP: ::1
[19-Aug-2026 20:45:04 Europe/Berlin] [API_HIT] /khatalink/auth/login.php?type=customer | Speed: 24ms | IP: ::1
[19-Aug-2026 20:45:17 Europe/Berlin] [API_HIT] /khatalink/admin/shops.php | Speed: 13ms | IP: ::1
[19-Aug-2026 20:45:17 Europe/Berlin] [API_HIT] /khatalink/admin/login.php | Speed: 5ms | IP: ::1
[19-Aug-2026 20:45:20 Europe/Berlin] LOGIN_SUCCESS: User ID: 5, Type: admin, IP: ::1
[19-Aug-2026 20:45:20 Europe/Berlin] [API_HIT] /khatalink/admin/login.php | Speed: 85ms | IP: ::1
[19-Aug-2026 20:45:20 Europe/Berlin] [API_HIT] /khatalink/admin/dashboard.php | Speed: 17ms | IP: ::1
[19-Aug-2026 20:45:23 Europe/Berlin] [API_HIT] /khatalink/admin/customers.php | Speed: 47ms | IP: ::1
[19-Aug-2026 20:45:34 Europe/Berlin] LOGIN_SUCCESS: User ID: 1, Type: customer (Web), IP: ::1
[19-Aug-2026 20:45:35 Europe/Berlin] FCM HTTP 200 Response for customer (ID: 1): {
  "name": "projects/khatalink-63041/messages/ad1b1fc5-deb3-4ce4-b451-06628e898de1"
}

[19-Aug-2026 20:45:35 Europe/Berlin] [API_HIT] /khatalink/auth/login.php?type=customer | Speed: 1348ms | IP: ::1
[19-Aug-2026 20:45:36 Europe/Berlin] [API_HIT] /khatalink/customer/dashboard.php | Speed: 70ms | IP: ::1
[19-Aug-2026 20:45:50 Europe/Berlin] [API_HIT] /khatalink/shop/ajax_create_promotion.php | Speed: 44ms | IP: ::1
[19-Aug-2026 20:45:55 Europe/Berlin] [API_HIT] /khatalink/shop/ajax_create_promotion.php | Speed: 4ms | IP: ::1
[19-Aug-2026 20:45:59 Europe/Berlin] [API_HIT] /khatalink/shop/promotions.php | Speed: 2ms | IP: ::1
[19-Aug-2026 20:45:59 Europe/Berlin] [API_HIT] /khatalink/auth/login.php?type=shop | Speed: 3ms | IP: ::1
[19-Aug-2026 20:46:03 Europe/Berlin] [API_HIT] /khatalink/auth/login.php?type=shop | Speed: 9ms | IP: ::1
[19-Aug-2026 20:46:11 Europe/Berlin] LOGIN_SUCCESS: User ID: 1, Type: shop (Web), IP: ::1
[19-Aug-2026 20:46:12 Europe/Berlin] FCM HTTP 200 Response for shop (ID: 1): {
  "name": "projects/khatalink-63041/messages/c277b665-9548-4b5d-bc76-bc88a6a3a52c"
}

[19-Aug-2026 20:46:12 Europe/Berlin] [API_HIT] /khatalink/auth/login.php?type=shop | Speed: 1014ms | IP: ::1
[20-Aug-2026 00:16:12 Asia/Kolkata] PHP Warning:  Undefined variable $current_page in D:\xampp\htdocs\khatalink\shop\dashboard.php on line 503
[20-Aug-2026 00:16:12 Asia/Kolkata] [API_HIT] /khatalink/shop/dashboard.php | Speed: 63ms | IP: ::1
[19-Aug-2026 20:46:12 Europe/Berlin] [API_HIT] /khatalink/shop/ajax_save_token.php | Speed: 7ms | IP: ::1
[19-Aug-2026 20:46:15 Europe/Berlin] [API_HIT] /khatalink/shop/promotions.php | Speed: 9ms | IP: ::1
[19-Aug-2026 20:46:17 Europe/Berlin] [API_HIT] /khatalink/shop/create_promotion.php | Speed: 5ms | IP: ::1
[19-Aug-2026 20:46:26 Europe/Berlin] [API_HIT] /khatalink/shop/ajax_create_promotion.php | Speed: 11ms | IP: ::1
[19-Aug-2026 20:46:32 Europe/Berlin] [API_HIT] /khatalink/shop/promotions.php | Speed: 9ms | IP: ::1
[19-Aug-2026 20:46:34 Europe/Berlin] [API_HIT] /khatalink/shop/create_promotion.php | Speed: 8ms | IP: ::1
[19-Aug-2026 20:46:37 Europe/Berlin] [API_HIT] /khatalink/shop/promotions.php | Speed: 7ms | IP: ::1
[20-Aug-2026 00:16:41 Asia/Kolkata] PHP Warning:  Undefined variable $current_page in D:\xampp\htdocs\khatalink\shop\dashboard.php on line 503
[20-Aug-2026 00:16:41 Asia/Kolkata] [API_HIT] /khatalink/shop/dashboard.php | Speed: 50ms | IP: ::1
[19-Aug-2026 20:46:41 Europe/Berlin] [API_HIT] /khatalink/shop/ajax_save_token.php | Speed: 11ms | IP: ::1
[19-Aug-2026 20:46:48 Europe/Berlin] [API_HIT] /khatalink/shop/add_customer.php | Speed: 12ms | IP: ::1
[19-Aug-2026 20:46:57 Europe/Berlin] [API_HIT] /khatalink/customer/profile.php | Speed: 6ms | IP: ::1
[19-Aug-2026 20:47:11 Europe/Berlin] [API_HIT] /khatalink/customer/dashboard.php | Speed: 27ms | IP: ::1
[19-Aug-2026 20:47:18 Europe/Berlin] [API_HIT] /khatalink/customer/profile.php | Speed: 11ms | IP: ::1
[19-Aug-2026 20:47:31 Europe/Berlin] FCM HTTP 200 Response for customer (ID: 1): {
  "name": "projects/khatalink-63041/messages/07242b59-d50a-4d57-9dae-b0a8f4564ac3"
}

[19-Aug-2026 20:47:31 Europe/Berlin] [API_HIT] /khatalink/shop/add_customer.php | Speed: 1002ms | IP: ::1
[19-Aug-2026 20:47:34 Europe/Berlin] [API_HIT] /khatalink/shop/add_customer.php | Speed: 8ms | IP: ::1
[20-Aug-2026 00:17:35 Asia/Kolkata] PHP Warning:  Undefined variable $current_page in D:\xampp\htdocs\khatalink\shop\dashboard.php on line 503
[20-Aug-2026 00:17:35 Asia/Kolkata] [API_HIT] /khatalink/shop/dashboard.php | Speed: 38ms | IP: ::1
[19-Aug-2026 20:47:35 Europe/Berlin] [API_HIT] /khatalink/shop/ajax_save_token.php | Speed: 10ms | IP: ::1
[19-Aug-2026 20:47:37 Europe/Berlin] [API_HIT] /khatalink/shop/promotions.php | Speed: 14ms | IP: ::1
[19-Aug-2026 20:47:39 Europe/Berlin] [API_HIT] /khatalink/shop/create_promotion.php | Speed: 11ms | IP: ::1
[19-Aug-2026 20:47:49 Europe/Berlin] FCM HTTP 200 Response for customer (ID: 1): {
  "name": "projects/khatalink-63041/messages/1a49deff-cf61-4787-8fdf-0d2a72ae416e"
}

[19-Aug-2026 20:47:49 Europe/Berlin] [API_HIT] /khatalink/shop/ajax_create_promotion.php | Speed: 1289ms | IP: ::1
[19-Aug-2026 20:47:51 Europe/Berlin] [API_HIT] /khatalink/shop/promotions.php | Speed: 18ms | IP: ::1
[19-Aug-2026 20:48:02 Europe/Berlin] [API_HIT] /khatalink/customer/dashboard.php | Speed: 35ms | IP: ::1
[19-Aug-2026 20:51:53 Europe/Berlin] [API_HIT] /khatalink/shop/create_promotion.php | Speed: 103ms | IP: ::1
[19-Aug-2026 20:51:54 Europe/Berlin] [API_HIT] /khatalink/shop/promotions.php | Speed: 27ms | IP: ::1
[20-Aug-2026 00:21:56 Asia/Kolkata] PHP Warning:  Undefined variable $current_page in D:\xampp\htdocs\khatalink\shop\dashboard.php on line 509
[20-Aug-2026 00:21:56 Asia/Kolkata] [API_HIT] /khatalink/shop/dashboard.php | Speed: 73ms | IP: ::1
[19-Aug-2026 20:51:56 Europe/Berlin] [API_HIT] /khatalink/shop/ajax_save_token.php | Speed: 35ms | IP: ::1
[19-Aug-2026 20:52:02 Europe/Berlin] [API_HIT] /khatalink/shop/analytics.php | Speed: 21ms | IP: ::1
[20-Aug-2026 00:22:11 Asia/Kolkata] PHP Warning:  Undefined variable $current_page in D:\xampp\htdocs\khatalink\shop\dashboard.php on line 509
[20-Aug-2026 00:22:11 Asia/Kolkata] [API_HIT] /khatalink/shop/dashboard.php | Speed: 51ms | IP: ::1
[19-Aug-2026 20:52:11 Europe/Berlin] [API_HIT] /khatalink/shop/ajax_save_token.php | Speed: 12ms | IP: ::1
[20-Aug-2026 00:22:16 Asia/Kolkata] PHP Warning:  Undefined variable $current_page in D:\xampp\htdocs\khatalink\shop\dashboard.php on line 509
[20-Aug-2026 00:22:16 Asia/Kolkata] [API_HIT] /khatalink/shop/dashboard.php | Speed: 40ms | IP: ::1
[19-Aug-2026 20:52:17 Europe/Berlin] [API_HIT] /khatalink/shop/ajax_save_token.php | Speed: 7ms | IP: ::1
[19-Aug-2026 20:53:33 Europe/Berlin] PHP Fatal error:  Uncaught PDOException: SQLSTATE[42S02]: Base table or view not found: 1146 Table 'khatalink.shop_customer_analytics' doesn't exist in D:\xampp\htdocs\khatalink\shop\customer_analytics.php:22
Stack trace:
#0 D:\xampp\htdocs\khatalink\shop\customer_analytics.php(22): PDOStatement->execute(Array)
#1 {main}
  thrown in D:\xampp\htdocs\khatalink\shop\customer_analytics.php on line 22
[19-Aug-2026 20:53:33 Europe/Berlin] [API_HIT] /khatalink/shop/customer_analytics.php | Speed: 26ms | IP: ::1
[19-Aug-2026 20:53:57 Europe/Berlin] [API_HIT] /khatalink/admin/dashboard.php | Speed: 26ms | IP: ::1
[19-Aug-2026 20:54:00 Europe/Berlin] [API_HIT] /khatalink/admin/db_explorer.php | Speed: 3ms | IP: ::1
[19-Aug-2026 20:54:11 Europe/Berlin] [API_HIT] /khatalink/admin/db_explorer.php | Speed: 5ms | IP: ::1
[19-Aug-2026 20:54:12 Europe/Berlin] [API_HIT] /khatalink/admin/db_explorer.php | Speed: 846ms | IP: ::1
[19-Aug-2026 20:54:24 Europe/Berlin] [API_HIT] /khatalink/admin/db_explorer.php | Speed: 451ms | IP: ::1
[19-Aug-2026 20:54:28 Europe/Berlin] [API_HIT] /khatalink/shop/customer_analytics.php | Speed: 13ms | IP: ::1
[19-Aug-2026 20:54:36 Europe/Berlin] [API_HIT] /khatalink/shop/promotions.php | Speed: 12ms | IP: ::1
[20-Aug-2026 00:25:36 Asia/Kolkata] PHP Warning:  Undefined variable $current_page in D:\xampp\htdocs\khatalink\shop\dashboard.php on line 509
[20-Aug-2026 00:25:36 Asia/Kolkata] [API_HIT] /khatalink/shop/dashboard.php | Speed: 100ms | IP: ::1
[19-Aug-2026 20:55:36 Europe/Berlin] [API_HIT] /khatalink/shop/ajax_save_token.php | Speed: 14ms | IP: ::1
[19-Aug-2026 20:55:43 Europe/Berlin] [API_HIT] /khatalink/shop/Groceries_dashboard.php | Speed: 9ms | IP: ::1
[20-Aug-2026 00:25:49 Asia/Kolkata] PHP Warning:  Undefined variable $current_page in D:\xampp\htdocs\khatalink\shop\dashboard.php on line 509
[20-Aug-2026 00:25:49 Asia/Kolkata] [API_HIT] /khatalink/shop/dashboard.php | Speed: 39ms | IP: ::1
[19-Aug-2026 20:55:49 Europe/Berlin] [API_HIT] /khatalink/shop/ajax_save_token.php | Speed: 12ms | IP: ::1
[19-Aug-2026 20:56:00 Europe/Berlin] [API_HIT] /khatalink/shop/razorpay_guide.php | Speed: 5ms | IP: ::1
[20-Aug-2026 00:26:12 Asia/Kolkata] PHP Warning:  Undefined variable $current_page in D:\xampp\htdocs\khatalink\shop\dashboard.php on line 509
[20-Aug-2026 00:26:12 Asia/Kolkata] [API_HIT] /khatalink/shop/dashboard.php | Speed: 49ms | IP: ::1
[19-Aug-2026 20:56:12 Europe/Berlin] [API_HIT] /khatalink/shop/ajax_save_token.php | Speed: 10ms | IP: ::1
[20-Aug-2026 00:26:21 Asia/Kolkata] PHP Warning:  Undefined variable $current_page in D:\xampp\htdocs\khatalink\shop\dashboard.php on line 509
[20-Aug-2026 00:26:21 Asia/Kolkata] [API_HIT] /khatalink/shop/dashboard.php | Speed: 39ms | IP: ::1
[19-Aug-2026 20:56:21 Europe/Berlin] [API_HIT] /khatalink/shop/ajax_save_token.php | Speed: 10ms | IP: ::1
[19-Aug-2026 20:56:30 Europe/Berlin] [API_HIT] /khatalink/shop/customers.php | Speed: 14ms | IP: ::1
[20-Aug-2026 00:26:39 Asia/Kolkata] PHP Warning:  Undefined variable $current_page in D:\xampp\htdocs\khatalink\shop\dashboard.php on line 509
[20-Aug-2026 00:26:39 Asia/Kolkata] [API_HIT] /khatalink/shop/dashboard.php | Speed: 42ms | IP: ::1
[19-Aug-2026 20:56:39 Europe/Berlin] [API_HIT] /khatalink/shop/ajax_save_token.php | Speed: 10ms | IP: ::1
[19-Aug-2026 20:56:41 Europe/Berlin] [API_HIT] /khatalink/shop/voice_billing.php | Speed: 13ms | IP: ::1
[20-Aug-2026 00:26:44 Asia/Kolkata] PHP Warning:  Undefined variable $current_page in D:\xampp\htdocs\khatalink\shop\dashboard.php on line 509
[20-Aug-2026 00:26:44 Asia/Kolkata] [API_HIT] /khatalink/shop/dashboard.php | Speed: 36ms | IP: ::1
[19-Aug-2026 20:56:44 Europe/Berlin] [API_HIT] /khatalink/shop/ajax_save_token.php | Speed: 7ms | IP: ::1
[19-Aug-2026 20:56:46 Europe/Berlin] [API_HIT] /khatalink/shop/inventory.php | Speed: 83ms | IP: ::1
[20-Aug-2026 00:26:50 Asia/Kolkata] PHP Warning:  Undefined variable $current_page in D:\xampp\htdocs\khatalink\shop\dashboard.php on line 509
[20-Aug-2026 00:26:50 Asia/Kolkata] [API_HIT] /khatalink/shop/dashboard.php | Speed: 42ms | IP: ::1
[19-Aug-2026 20:56:51 Europe/Berlin] [API_HIT] /khatalink/shop/ajax_save_token.php | Speed: 29ms | IP: ::1
[20-Aug-2026 00:28:13 Asia/Kolkata] PHP Warning:  Undefined variable $current_page in D:\xampp\htdocs\khatalink\shop\dashboard.php on line 509
[20-Aug-2026 00:28:13 Asia/Kolkata] [API_HIT] /khatalink/shop/dashboard.php | Speed: 47ms | IP: ::1
[19-Aug-2026 20:58:13 Europe/Berlin] [API_HIT] /khatalink/shop/ajax_save_token.php | Speed: 30ms | IP: ::1
[19-Aug-2026 20:58:17 Europe/Berlin] [API_HIT] /khatalink/customer/dashboard.php | Speed: 27ms | IP: ::1
[19-Aug-2026 20:58:32 Europe/Berlin] [API_HIT] /khatalink/shop/customer_analytics.php | Speed: 13ms | IP: ::1
[19-Aug-2026 20:58:34 Europe/Berlin] [API_HIT] /khatalink/shop/promotions.php | Speed: 15ms | IP: ::1
[19-Aug-2026 20:58:38 Europe/Berlin] [API_HIT] /khatalink/shop/create_promotion.php | Speed: 5ms | IP: ::1
[19-Aug-2026 20:58:48 Europe/Berlin] FCM HTTP 200 Response for customer (ID: 1): {
  "name": "projects/khatalink-63041/messages/cb07661c-52b3-4e41-8610-3cf777065f9a"
}

[19-Aug-2026 20:58:48 Europe/Berlin] PHP Warning:  require_once(D:\xampp\htdocs\khatalink\shop/db.php): Failed to open stream: No such file or directory in D:\xampp\htdocs\khatalink\shop\ajax_create_promotion.php on line 125
[19-Aug-2026 20:58:48 Europe/Berlin] PHP Fatal error:  Uncaught Error: Failed opening required 'D:\xampp\htdocs\khatalink\shop/db.php' (include_path='D:\xampp\php\PEAR') in D:\xampp\htdocs\khatalink\shop\ajax_create_promotion.php:125
Stack trace:
#0 {main}
  thrown in D:\xampp\htdocs\khatalink\shop\ajax_create_promotion.php on line 125
[19-Aug-2026 20:58:48 Europe/Berlin] [API_HIT] /khatalink/shop/ajax_create_promotion.php | Speed: 1219ms | IP: ::1
[19-Aug-2026 20:58:55 Europe/Berlin] FCM HTTP 200 Response for customer (ID: 1): {
  "name": "projects/khatalink-63041/messages/624c56ae-b942-462f-9625-74ec3b1a1aad"
}

[19-Aug-2026 20:58:55 Europe/Berlin] PHP Warning:  require_once(D:\xampp\htdocs\khatalink\shop/db.php): Failed to open stream: No such file or directory in D:\xampp\htdocs\khatalink\shop\ajax_create_promotion.php on line 125
[19-Aug-2026 20:58:55 Europe/Berlin] PHP Fatal error:  Uncaught Error: Failed opening required 'D:\xampp\htdocs\khatalink\shop/db.php' (include_path='D:\xampp\php\PEAR') in D:\xampp\htdocs\khatalink\shop\ajax_create_promotion.php:125
Stack trace:
#0 {main}
  thrown in D:\xampp\htdocs\khatalink\shop\ajax_create_promotion.php on line 125
[19-Aug-2026 20:58:55 Europe/Berlin] [API_HIT] /khatalink/shop/ajax_create_promotion.php | Speed: 1051ms | IP: ::1
[19-Aug-2026 21:33:24 Europe/Berlin] [API_HIT] /khatalink/auth/login.php?type=shop | Speed: 80ms | IP: ::1
[19-Aug-2026 21:33:26 Europe/Berlin] [API_HIT] /khatalink/auth/login.php?type=shop | Speed: 138ms | IP: ::1
[19-Aug-2026 21:33:33 Europe/Berlin] LOGIN_SUCCESS: User ID: 1, Type: shop (Web), IP: ::1
[19-Aug-2026 21:33:34 Europe/Berlin] FCM HTTP 200 Response for shop (ID: 1): {
  "name": "projects/khatalink-63041/messages/12ba94f5-804b-44b4-873d-7f6baf906530"
}

[19-Aug-2026 21:33:34 Europe/Berlin] [API_HIT] /khatalink/auth/login.php?type=shop | Speed: 1489ms | IP: ::1
[20-Aug-2026 01:03:34 Asia/Kolkata] PHP Warning:  Undefined variable $current_page in D:\xampp\htdocs\khatalink\shop\dashboard.php on line 509
[20-Aug-2026 01:03:34 Asia/Kolkata] [API_HIT] /khatalink/shop/dashboard.php | Speed: 114ms | IP: ::1
[19-Aug-2026 21:33:35 Europe/Berlin] [API_HIT] /khatalink/shop/ajax_save_token.php | Speed: 8ms | IP: ::1
[20-Aug-2026 01:44:35 Asia/Kolkata] PHP Warning:  Undefined variable $current_page in D:\xampp\htdocs\khatalink\shop\dashboard.php on line 509
[20-Aug-2026 01:44:35 Asia/Kolkata] [API_HIT] /khatalink/shop/dashboard.php | Speed: 120ms | IP: ::1
[19-Aug-2026 22:14:36 Europe/Berlin] [API_HIT] /khatalink/shop/ajax_save_token.php | Speed: 44ms | IP: ::1
[19-Aug-2026 22:14:58 Europe/Berlin] [API_HIT] /khatalink/shop/analytics.php | Speed: 21ms | IP: ::1
[19-Aug-2026 22:17:20 Europe/Berlin] [API_HIT] /khatalink/shop/ajax_ai_handler.php | Speed: 1161ms | IP: ::1
[19-Aug-2026 22:17:30 Europe/Berlin] [API_HIT] /khatalink/shop/ajax_ai_handler.php | Speed: 116ms | IP: ::1
[19-Aug-2026 22:17:37 Europe/Berlin] [API_HIT] /khatalink/shop/ajax_ai_handler.php | Speed: 55ms | IP: ::1
[19-Aug-2026 22:17:47 Europe/Berlin] [API_HIT] /khatalink/shop/ajax_ai_handler.php | Speed: 26ms | IP: ::1
[19-Aug-2026 22:17:52 Europe/Berlin] [API_HIT] /khatalink/shop/ajax_ai_handler.php | Speed: 94ms | IP: ::1
[19-Aug-2026 22:19:48 Europe/Berlin] [API_HIT] /khatalink/shop/ajax_ai_handler.php | Speed: 785ms | IP: ::1
[19-Aug-2026 22:19:55 Europe/Berlin] [API_HIT] /khatalink/shop/ajax_ai_handler.php | Speed: 87ms | IP: ::1
[19-Aug-2026 22:20:07 Europe/Berlin] [API_HIT] /khatalink/shop/analytics.php | Speed: 31ms | IP: ::1
[19-Aug-2026 22:20:12 Europe/Berlin] [API_HIT] /khatalink/shop/ajax_ai_handler.php | Speed: 15ms | IP: ::1
[19-Aug-2026 22:20:51 Europe/Berlin] [API_HIT] /khatalink/shop/ajax_ai_handler.php | Speed: 233ms | IP: ::1
[19-Aug-2026 22:20:53 Europe/Berlin] [API_HIT] /khatalink/shop/ajax_ai_handler.php | Speed: 26ms | IP: ::1
[19-Aug-2026 22:20:55 Europe/Berlin] [API_HIT] /khatalink/shop/ajax_ai_handler.php | Speed: 36ms | IP: ::1
[19-Aug-2026 22:20:58 Europe/Berlin] [API_HIT] /khatalink/shop/analytics.php | Speed: 25ms | IP: ::1
[19-Aug-2026 22:21:03 Europe/Berlin] [API_HIT] /khatalink/shop/ajax_ai_handler.php | Speed: 8ms | IP: ::1
[19-Aug-2026 22:21:05 Europe/Berlin] [API_HIT] /khatalink/shop/ajax_ai_handler.php | Speed: 31ms | IP: ::1
[19-Aug-2026 22:21:08 Europe/Berlin] [API_HIT] /khatalink/shop/ajax_ai_handler.php | Speed: 24ms | IP: ::1
[19-Aug-2026 22:22:52 Europe/Berlin] [API_HIT] /khatalink/shop/analytics.php | Speed: 297ms | IP: ::1
[19-Aug-2026 22:23:03 Europe/Berlin] [API_HIT] /khatalink/shop/ajax_ai_handler.php | Speed: 352ms | IP: ::1
[19-Aug-2026 22:23:11 Europe/Berlin] [API_HIT] /khatalink/shop/ajax_ai_handler.php | Speed: 30ms | IP: ::1
[19-Aug-2026 22:23:23 Europe/Berlin] [API_HIT] /khatalink/shop/ajax_ai_handler.php | Speed: 9ms | IP: ::1
[19-Aug-2026 22:23:29 Europe/Berlin] [API_HIT] /khatalink/shop/ajax_ai_handler.php | Speed: 27ms | IP: ::1
[19-Aug-2026 22:23:49 Europe/Berlin] [API_HIT] /khatalink/shop/ajax_ai_handler.php | Speed: 103ms | IP: ::1
[19-Aug-2026 22:24:18 Europe/Berlin] [API_HIT] /khatalink/shop/ajax_ai_handler.php | Speed: 49ms | IP: ::1
[19-Aug-2026 22:25:03 Europe/Berlin] [API_HIT] /khatalink/shop/ajax_ai_handler.php | Speed: 50ms | IP: ::1
[19-Aug-2026 22:25:16 Europe/Berlin] [API_HIT] /khatalink/shop/ajax_ai_handler.php | Speed: 75ms | IP: ::1
[19-Aug-2026 22:27:50 Europe/Berlin] [API_HIT] /khatalink/shop/ajax_ai_handler.php | Speed: 60ms | IP: ::1
[19-Aug-2026 22:30:29 Europe/Berlin] [API_HIT] /khatalink/shop/analytics.php | Speed: 40ms | IP: ::1
[19-Aug-2026 22:30:34 Europe/Berlin] [API_HIT] /khatalink/shop/ajax_ai_handler.php | Speed: 110ms | IP: ::1
[19-Aug-2026 22:30:44 Europe/Berlin] [API_HIT] /khatalink/shop/ajax_ai_handler.php | Speed: 21ms | IP: ::1
[19-Aug-2026 22:30:52 Europe/Berlin] [API_HIT] /khatalink/shop/ajax_ai_handler.php | Speed: 33ms | IP: ::1
[19-Aug-2026 22:30:56 Europe/Berlin] [API_HIT] /khatalink/shop/ajax_ai_handler.php | Speed: 31ms | IP: ::1
[19-Aug-2026 22:31:02 Europe/Berlin] AI Handler Error: Failed to connect to Python service. HTTP Code: 500. Response: Internal Server Error
[19-Aug-2026 22:31:02 Europe/Berlin] [API_HIT] /khatalink/shop/ajax_ai_handler.php | Speed: 39ms | IP: ::1
[19-Aug-2026 22:31:22 Europe/Berlin] [API_HIT] /khatalink/shop/ajax_ai_handler.php | Speed: 11ms | IP: ::1
[19-Aug-2026 22:31:47 Europe/Berlin] [API_HIT] /khatalink/shop/ajax_ai_handler.php | Speed: 28ms | IP: ::1
[20-Aug-2026 08:43:27 Europe/Berlin] [API_HIT] /khatalink/auth/login.php?type=customer | Speed: 373ms | IP: ::1
[20-Aug-2026 08:43:41 Europe/Berlin] [API_HIT] /khatalink/auth/login.php?type=customer | Speed: 20ms | IP: ::1
[20-Aug-2026 08:43:46 Europe/Berlin] [API_HIT] /khatalink/auth/login.php?type=customer | Speed: 8ms | IP: ::1
